2025-10-28T08:42:37.767Z  INFO 10200 --- [backofficeAPI] [restartedMain] o.d.b.BackofficeApiApplication           : Starting BackofficeApiApplication using Java 17.0.12 with PID 10200 (C:\Users\U_38010700\Desktop\dubini\AJPD-backofficeapi\target\classes started by u_38010700 in C:\Users\U_38010700\Desktop\dubini\AJPD-backofficeapi)
2025-10-28T08:42:37.770Z DEBUG 10200 --- [backofficeAPI] [restartedMain] o.d.b.BackofficeApiApplication           : Running with Spring Boot v3.5.6, Spring v6.2.11
2025-10-28T08:42:37.772Z  INFO 10200 --- [backofficeAPI] [restartedMain] o.d.b.BackofficeApiApplication           : No active profile set, falling back to 1 default profile: "default"
2025-10-28T08:42:37.838Z  INFO 10200 --- [backofficeAPI] [restartedMain] .e.DevToolsPropertyDefaultsPostProcessor : Devtools property defaults active! Set 'spring.devtools.add-properties' to 'false' to disable
2025-10-28T08:42:37.839Z  INFO 10200 --- [backofficeAPI] [restartedMain] .e.DevToolsPropertyDefaultsPostProcessor : For additional web related logging consider setting the 'logging.level.web' property to 'DEBUG'
2025-10-28T08:42:38.425Z  INFO 10200 --- [backofficeAPI] [restartedMain] .s.d.r.c.RepositoryConfigurationDelegate : Multiple Spring Data modules found, entering strict repository configuration mode
2025-10-28T08:42:38.425Z  INFO 10200 --- [backofficeAPI] [restartedMain] .s.d.r.c.RepositoryConfigurationDelegate : Bootstrapping Spring Data Redis repositories in DEFAULT mode.
2025-10-28T08:42:38.459Z  INFO 10200 --- [backofficeAPI] [restartedMain] .s.d.r.c.RepositoryConfigurationDelegate : Finished Spring Data repository scanning in 16 ms. Found 0 Redis repository interfaces.
2025-10-28T08:42:38.920Z  INFO 10200 --- [backofficeAPI] [restartedMain] o.s.b.w.embedded.tomcat.TomcatWebServer  : Tomcat initialized with port 8080 (http)
2025-10-28T08:42:38.920Z  INFO 10200 --- [backofficeAPI] [restartedMain] o.apache.catalina.core.StandardService   : Starting service [Tomcat]
2025-10-28T08:42:38.920Z  INFO 10200 --- [backofficeAPI] [restartedMain] o.apache.catalina.core.StandardEngine    : Starting Servlet engine: [Apache Tomcat/10.1.46]
2025-10-28T08:42:38.961Z  INFO 10200 --- [backofficeAPI] [restartedMain] o.a.c.c.C.[Tomcat].[localhost].[/]       : Initializing Spring embedded WebApplicationContext
2025-10-28T08:42:38.961Z  INFO 10200 --- [backofficeAPI] [restartedMain] w.s.c.ServletWebServerApplicationContext : Root WebApplicationContext: initialization completed in 1121 ms
2025-10-28T08:42:38.999Z DEBUG 10200 --- [backofficeAPI] [restartedMain] o.d.backofficeAPI.security.JwtFilter     : Filter 'jwtFilter' configured for use
2025-10-28T08:42:39.025Z  WARN 10200 --- [backofficeAPI] [restartedMain] ConfigServletWebServerApplicationContext : Exception encountered during context initialization - cancelling refresh attempt: org.springframework.beans.factory.UnsatisfiedDependencyException: Error creating bean with name 'cacheInvalidationClient' defined in file [C:\Users\U_38010700\Desktop\dubini\AJPD-BackofficeAPI\target\classes\org\dubini\backofficeAPI\client\CacheInvalidationClient.class]: Unsatisfied dependency expressed through constructor parameter 1: No qualifying bean of type 'org.springframework.web.reactive.function.client.WebClient' available: expected at least 1 bean which qualifies as autowire candidate. Dependency annotations: {}
2025-10-28T08:42:39.025Z  INFO 10200 --- [backofficeAPI] [restartedMain] o.apache.catalina.core.StandardService   : Stopping service [Tomcat]
2025-10-28T08:42:39.025Z  INFO 10200 --- [backofficeAPI] [restartedMain] .s.b.a.l.ConditionEvaluationReportLogger : 

Error starting ApplicationContext. To display the condition evaluation report re-run your application with 'debug' enabled.
2025-10-28T08:42:39.044Z ERROR 10200 --- [backofficeAPI] [restartedMain] o.s.b.d.LoggingFailureAnalysisReporter   : 

***************************
APPLICATION FAILED TO START
***************************

Description:

Parameter 1 of constructor in org.dubini.backofficeAPI.client.CacheInvalidationClient required a bean of type 'org.springframework.web.reactive.function.client.WebClient' that could not be found.


Action:

Consider defining a bean of type 'org.springframework.web.reactive.function.client.WebClient' in your configuration.

2025-10-28T08:46:22.089Z  INFO 5180 --- [backofficeAPI] [restartedMain] o.d.b.BackofficeApiApplication           : Starting BackofficeApiApplication using Java 17.0.12 with PID 5180 (C:\Users\U_38010700\Desktop\dubini\AJPD-BackofficeAPI\target\classes started by u_38010700 in C:\Users\U_38010700\Desktop\dubini\AJPD-BackofficeAPI)
2025-10-28T08:46:22.092Z DEBUG 5180 --- [backofficeAPI] [restartedMain] o.d.b.BackofficeApiApplication           : Running with Spring Boot v3.5.6, Spring v6.2.11
2025-10-28T08:46:22.093Z  INFO 5180 --- [backofficeAPI] [restartedMain] o.d.b.BackofficeApiApplication           : No active profile set, falling back to 1 default profile: "default"
2025-10-28T08:46:22.131Z  INFO 5180 --- [backofficeAPI] [restartedMain] .e.DevToolsPropertyDefaultsPostProcessor : Devtools property defaults active! Set 'spring.devtools.add-properties' to 'false' to disable
2025-10-28T08:46:22.131Z  INFO 5180 --- [backofficeAPI] [restartedMain] .e.DevToolsPropertyDefaultsPostProcessor : For additional web related logging consider setting the 'logging.level.web' property to 'DEBUG'
2025-10-28T08:46:22.819Z  INFO 5180 --- [backofficeAPI] [restartedMain] .s.d.r.c.RepositoryConfigurationDelegate : Multiple Spring Data modules found, entering strict repository configuration mode
2025-10-28T08:46:22.824Z  INFO 5180 --- [backofficeAPI] [restartedMain] .s.d.r.c.RepositoryConfigurationDelegate : Bootstrapping Spring Data Redis repositories in DEFAULT mode.
2025-10-28T08:46:22.867Z  INFO 5180 --- [backofficeAPI] [restartedMain] .s.d.r.c.RepositoryConfigurationDelegate : Finished Spring Data repository scanning in 23 ms. Found 0 Redis repository interfaces.
2025-10-28T08:46:23.302Z  INFO 5180 --- [backofficeAPI] [restartedMain] o.s.b.w.embedded.tomcat.TomcatWebServer  : Tomcat initialized with port 8080 (http)
2025-10-28T08:46:23.314Z  INFO 5180 --- [backofficeAPI] [restartedMain] o.apache.catalina.core.StandardService   : Starting service [Tomcat]
2025-10-28T08:46:23.315Z  INFO 5180 --- [backofficeAPI] [restartedMain] o.apache.catalina.core.StandardEngine    : Starting Servlet engine: [Apache Tomcat/10.1.46]
2025-10-28T08:46:23.369Z  INFO 5180 --- [backofficeAPI] [restartedMain] o.a.c.c.C.[Tomcat].[localhost].[/]       : Initializing Spring embedded WebApplicationContext
2025-10-28T08:46:23.370Z  INFO 5180 --- [backofficeAPI] [restartedMain] w.s.c.ServletWebServerApplicationContext : Root WebApplicationContext: initialization completed in 1238 ms
2025-10-28T08:46:23.430Z DEBUG 5180 --- [backofficeAPI] [restartedMain] o.d.backofficeAPI.security.JwtFilter     : Filter 'jwtFilter' configured for use
2025-10-28T08:46:23.457Z  WARN 5180 --- [backofficeAPI] [restartedMain] ConfigServletWebServerApplicationContext : Exception encountered during context initialization - cancelling refresh attempt: org.springframework.beans.factory.UnsatisfiedDependencyException: Error creating bean with name 'cacheInvalidationClient' defined in file [C:\Users\U_38010700\Desktop\dubini\AJPD-BackofficeAPI\target\classes\org\dubini\backofficeAPI\client\CacheInvalidationClient.class]: Unsatisfied dependency expressed through constructor parameter 1: No qualifying bean of type 'org.springframework.web.reactive.function.client.WebClient' available: expected at least 1 bean which qualifies as autowire candidate. Dependency annotations: {}
2025-10-28T08:46:23.461Z  INFO 5180 --- [backofficeAPI] [restartedMain] o.apache.catalina.core.StandardService   : Stopping service [Tomcat]
2025-10-28T08:46:23.473Z  INFO 5180 --- [backofficeAPI] [restartedMain] .s.b.a.l.ConditionEvaluationReportLogger : 

Error starting ApplicationContext. To display the condition evaluation report re-run your application with 'debug' enabled.
2025-10-28T08:46:23.491Z ERROR 5180 --- [backofficeAPI] [restartedMain] o.s.b.d.LoggingFailureAnalysisReporter   : 

***************************
APPLICATION FAILED TO START
***************************

Description:

Parameter 1 of constructor in org.dubini.backofficeAPI.client.CacheInvalidationClient required a bean of type 'org.springframework.web.reactive.function.client.WebClient' that could not be found.


Action:

Consider defining a bean of type 'org.springframework.web.reactive.function.client.WebClient' in your configuration.

2025-10-28T08:56:59.136Z  INFO 17920 --- [backofficeAPI] [restartedMain] o.d.b.BackofficeApiApplication           : Starting BackofficeApiApplication using Java 17.0.12 with PID 17920 (C:\Users\U_38010700\Desktop\dubini\AJPD-BackofficeAPI\target\classes started by u_38010700 in C:\Users\U_38010700\Desktop\dubini\AJPD-BackofficeAPI)
2025-10-28T08:56:59.138Z DEBUG 17920 --- [backofficeAPI] [restartedMain] o.d.b.BackofficeApiApplication           : Running with Spring Boot v3.5.6, Spring v6.2.11
2025-10-28T08:56:59.139Z  INFO 17920 --- [backofficeAPI] [restartedMain] o.d.b.BackofficeApiApplication           : No active profile set, falling back to 1 default profile: "default"
2025-10-28T08:56:59.185Z  INFO 17920 --- [backofficeAPI] [restartedMain] .e.DevToolsPropertyDefaultsPostProcessor : Devtools property defaults active! Set 'spring.devtools.add-properties' to 'false' to disable
2025-10-28T08:56:59.186Z  INFO 17920 --- [backofficeAPI] [restartedMain] .e.DevToolsPropertyDefaultsPostProcessor : For additional web related logging consider setting the 'logging.level.web' property to 'DEBUG'
2025-10-28T08:56:59.695Z  INFO 17920 --- [backofficeAPI] [restartedMain] .s.d.r.c.RepositoryConfigurationDelegate : Multiple Spring Data modules found, entering strict repository configuration mode
2025-10-28T08:56:59.698Z  INFO 17920 --- [backofficeAPI] [restartedMain] .s.d.r.c.RepositoryConfigurationDelegate : Bootstrapping Spring Data Redis repositories in DEFAULT mode.
2025-10-28T08:56:59.725Z  INFO 17920 --- [backofficeAPI] [restartedMain] .s.d.r.c.RepositoryConfigurationDelegate : Finished Spring Data repository scanning in 12 ms. Found 0 Redis repository interfaces.
2025-10-28T08:57:00.249Z  INFO 17920 --- [backofficeAPI] [restartedMain] o.s.b.w.embedded.tomcat.TomcatWebServer  : Tomcat initialized with port 8080 (http)
2025-10-28T08:57:00.265Z  INFO 17920 --- [backofficeAPI] [restartedMain] o.apache.catalina.core.StandardService   : Starting service [Tomcat]
2025-10-28T08:57:00.266Z  INFO 17920 --- [backofficeAPI] [restartedMain] o.apache.catalina.core.StandardEngine    : Starting Servlet engine: [Apache Tomcat/10.1.46]
2025-10-28T08:57:00.308Z  INFO 17920 --- [backofficeAPI] [restartedMain] o.a.c.c.C.[Tomcat].[localhost].[/]       : Initializing Spring embedded WebApplicationContext
2025-10-28T08:57:00.310Z  INFO 17920 --- [backofficeAPI] [restartedMain] w.s.c.ServletWebServerApplicationContext : Root WebApplicationContext: initialization completed in 1124 ms
2025-10-28T08:57:00.359Z DEBUG 17920 --- [backofficeAPI] [restartedMain] o.d.backofficeAPI.security.JwtFilter     : Filter 'jwtFilter' configured for use
2025-10-28T08:57:00.384Z  WARN 17920 --- [backofficeAPI] [restartedMain] ConfigServletWebServerApplicationContext : Exception encountered during context initialization - cancelling refresh attempt: org.springframework.beans.factory.UnsatisfiedDependencyException: Error creating bean with name 'cacheInvalidationClient' defined in file [C:\Users\U_38010700\Desktop\dubini\AJPD-BackofficeAPI\target\classes\org\dubini\backofficeAPI\client\CacheInvalidationClient.class]: Unsatisfied dependency expressed through constructor parameter 1: No qualifying bean of type 'org.springframework.web.reactive.function.client.WebClient' available: expected at least 1 bean which qualifies as autowire candidate. Dependency annotations: {}
2025-10-28T08:57:00.386Z  INFO 17920 --- [backofficeAPI] [restartedMain] o.apache.catalina.core.StandardService   : Stopping service [Tomcat]
2025-10-28T08:57:00.402Z  INFO 17920 --- [backofficeAPI] [restartedMain] .s.b.a.l.ConditionEvaluationReportLogger : 

Error starting ApplicationContext. To display the condition evaluation report re-run your application with 'debug' enabled.
2025-10-28T08:57:00.422Z ERROR 17920 --- [backofficeAPI] [restartedMain] o.s.b.d.LoggingFailureAnalysisReporter   : 

***************************
APPLICATION FAILED TO START
***************************

Description:

Parameter 1 of constructor in org.dubini.backofficeAPI.client.CacheInvalidationClient required a bean of type 'org.springframework.web.reactive.function.client.WebClient' that could not be found.


Action:

Consider defining a bean of type 'org.springframework.web.reactive.function.client.WebClient' in your configuration.

2025-10-28T08:57:29.943Z  INFO 14208 --- [backofficeAPI] [main] o.d.b.BackofficeApiApplicationTests      : Starting BackofficeApiApplicationTests using Java 17.0.12 with PID 14208 (started by u_38010700 in C:\Users\U_38010700\Desktop\dubini\AJPD-BackofficeAPI)
2025-10-28T08:57:29.946Z DEBUG 14208 --- [backofficeAPI] [main] o.d.b.BackofficeApiApplicationTests      : Running with Spring Boot v3.5.6, Spring v6.2.11
2025-10-28T08:57:29.947Z  INFO 14208 --- [backofficeAPI] [main] o.d.b.BackofficeApiApplicationTests      : No active profile set, falling back to 1 default profile: "default"
2025-10-28T08:57:30.654Z  INFO 14208 --- [backofficeAPI] [main] .s.d.r.c.RepositoryConfigurationDelegate : Multiple Spring Data modules found, entering strict repository configuration mode
2025-10-28T08:57:30.657Z  INFO 14208 --- [backofficeAPI] [main] .s.d.r.c.RepositoryConfigurationDelegate : Bootstrapping Spring Data Redis repositories in DEFAULT mode.
2025-10-28T08:57:30.689Z  INFO 14208 --- [backofficeAPI] [main] .s.d.r.c.RepositoryConfigurationDelegate : Finished Spring Data repository scanning in 16 ms. Found 0 Redis repository interfaces.
2025-10-28T08:57:31.179Z  WARN 14208 --- [backofficeAPI] [main] o.s.w.c.s.GenericWebApplicationContext   : Exception encountered during context initialization - cancelling refresh attempt: org.springframework.beans.factory.UnsatisfiedDependencyException: Error creating bean with name 'cacheInvalidationClient' defined in file [C:\Users\U_38010700\Desktop\dubini\AJPD-BackofficeAPI\target\classes\org\dubini\backofficeAPI\client\CacheInvalidationClient.class]: Unsatisfied dependency expressed through constructor parameter 1: No qualifying bean of type 'org.springframework.web.reactive.function.client.WebClient' available: expected at least 1 bean which qualifies as autowire candidate. Dependency annotations: {}
2025-10-28T08:57:31.202Z  INFO 14208 --- [backofficeAPI] [main] .s.b.a.l.ConditionEvaluationReportLogger : 

Error starting ApplicationContext. To display the condition evaluation report re-run your application with 'debug' enabled.
2025-10-28T08:57:31.276Z ERROR 14208 --- [backofficeAPI] [main] o.s.b.d.LoggingFailureAnalysisReporter   : 

***************************
APPLICATION FAILED TO START
***************************

Description:

Parameter 1 of constructor in org.dubini.backofficeAPI.client.CacheInvalidationClient required a bean of type 'org.springframework.web.reactive.function.client.WebClient' that could not be found.


Action:

Consider defining a bean of type 'org.springframework.web.reactive.function.client.WebClient' in your configuration.

2025-10-28T08:57:31.298Z  WARN 14208 --- [backofficeAPI] [main] o.s.test.context.TestContextManager      : Caught exception while allowing TestExecutionListener [org.springframework.test.context.web.ServletTestExecutionListener] to prepare test instance [org.dubini.backofficeAPI.BackofficeApiApplicationTests@49433c98]

java.lang.IllegalStateException: Failed to load ApplicationContext for [WebMergedContextConfiguration@1ca610a0 testClass = org.dubini.backofficeAPI.BackofficeApiApplicationTests, locations = [], classes = [org.dubini.backofficeAPI.BackofficeApiApplication], contextInitializerClasses = [], activeProfiles = [], propertySourceDescriptors = [], propertySourceProperties = ["org.springframework.boot.test.context.SpringBootTestContextBootstrapper=true"], contextCustomizers = [org.springframework.boot.test.context.filter.ExcludeFilterContextCustomizer@6c7a164b, org.springframework.boot.test.json.DuplicateJsonObjectContextCustomizerFactory$DuplicateJsonObjectContextCustomizer@638ef7ed, org.springframework.boot.test.mock.mockito.MockitoContextCustomizer@0, org.springframework.boot.test.web.client.TestRestTemplateContextCustomizer@7de62196, org.springframework.boot.test.web.reactive.server.WebTestClientContextCustomizer@478db956, org.springframework.boot.test.web.reactor.netty.DisableReactorResourceFactoryGlobalResourcesContextCustomizerFactory$DisableReactorResourceFactoryGlobalResourcesContextCustomizerCustomizer@471a9022, org.springframework.boot.test.autoconfigure.OnFailureConditionReportContextCustomizerFactory$OnFailureConditionReportContextCustomizer@19976a65, org.springframework.boot.test.autoconfigure.actuate.observability.ObservabilityContextCustomizerFactory$DisableObservabilityContextCustomizer@1f, org.springframework.boot.test.autoconfigure.properties.PropertyMappingContextCustomizer@0, org.springframework.boot.test.autoconfigure.web.servlet.WebDriverContextCustomizer@5e21e98f, org.springframework.test.context.support.DynamicPropertiesContextCustomizer@0, org.springframework.boot.test.context.SpringBootTestAnnotation@1f5390dc], resourceBasePath = "src/main/webapp", contextLoader = org.springframework.boot.test.context.SpringBootContextLoader, parent = null]
	at org.springframework.test.context.cache.DefaultCacheAwareContextLoaderDelegate.loadContext(DefaultCacheAwareContextLoaderDelegate.java:180) ~[spring-test-6.2.11.jar:6.2.11]
	at org.springframework.test.context.support.DefaultTestContext.getApplicationContext(DefaultTestContext.java:130) ~[spring-test-6.2.11.jar:6.2.11]
	at org.springframework.test.context.web.ServletTestExecutionListener.setUpRequestContextIfNecessary(ServletTestExecutionListener.java:200) ~[spring-test-6.2.11.jar:6.2.11]
	at org.springframework.test.context.web.ServletTestExecutionListener.prepareTestInstance(ServletTestExecutionListener.java:139) ~[spring-test-6.2.11.jar:6.2.11]
	at org.springframework.test.context.TestContextManager.prepareTestInstance(TestContextManager.java:260) ~[spring-test-6.2.11.jar:6.2.11]
	at org.springframework.test.context.junit.jupiter.SpringExtension.postProcessTestInstance(SpringExtension.java:159) ~[spring-test-6.2.11.jar:6.2.11]
	at org.junit.jupiter.engine.descriptor.ClassBasedTestDescriptor.lambda$invokeTestInstancePostProcessors$10(ClassBasedTestDescriptor.java:383) ~[junit-jupiter-engine-5.12.2.jar:5.12.2]
	at org.junit.jupiter.engine.descriptor.ClassBasedTestDescriptor.executeAndMaskThrowable(ClassBasedTestDescriptor.java:388) ~[junit-jupiter-engine-5.12.2.jar:5.12.2]
	at org.junit.jupiter.engine.descriptor.ClassBasedTestDescriptor.lambda$invokeTestInstancePostProcessors$11(ClassBasedTestDescriptor.java:382) ~[junit-jupiter-engine-5.12.2.jar:5.12.2]
	at java.base/java.util.stream.ForEachOps$ForEachOp$OfRef.accept(ForEachOps.java:183) ~[na:na]
	at java.base/java.util.stream.ReferencePipeline$3$1.accept(ReferencePipeline.java:197) ~[na:na]
	at java.base/java.util.stream.ReferencePipeline$2$1.accept(ReferencePipeline.java:179) ~[na:na]
	at java.base/java.util.stream.ReferencePipeline$3$1.accept(ReferencePipeline.java:197) ~[na:na]
	at java.base/java.util.ArrayList$ArrayListSpliterator.forEachRemaining(ArrayList.java:1625) ~[na:na]
	at java.base/java.util.stream.AbstractPipeline.copyInto(AbstractPipeline.java:509) ~[na:na]
	at java.base/java.util.stream.AbstractPipeline.wrapAndCopyInto(AbstractPipeline.java:499) ~[na:na]
	at java.base/java.util.stream.ForEachOps$ForEachOp.evaluateSequential(ForEachOps.java:150) ~[na:na]
	at java.base/java.util.stream.ForEachOps$ForEachOp$OfRef.evaluateSequential(ForEachOps.java:173) ~[na:na]
	at java.base/java.util.stream.AbstractPipeline.evaluate(AbstractPipeline.java:234) ~[na:na]
	at java.base/java.util.stream.ReferencePipeline.forEach(ReferencePipeline.java:596) ~[na:na]
	at org.junit.jupiter.engine.descriptor.ClassBasedTestDescriptor.invokeTestInstancePostProcessors(ClassBasedTestDescriptor.java:382) ~[junit-jupiter-engine-5.12.2.jar:5.12.2]
	at org.junit.jupiter.engine.descriptor.ClassBasedTestDescriptor.lambda$instantiateAndPostProcessTestInstance$6(ClassBasedTestDescriptor.java:293) ~[junit-jupiter-engine-5.12.2.jar:5.12.2]
	at org.junit.platform.engine.support.hierarchical.ThrowableCollector.execute(ThrowableCollector.java:73) ~[junit-platform-engine-1.12.2.jar:1.12.2]
	at org.junit.jupiter.engine.descriptor.ClassBasedTestDescriptor.instantiateAndPostProcessTestInstance(ClassBasedTestDescriptor.java:292) ~[junit-jupiter-engine-5.12.2.jar:5.12.2]
	at org.junit.jupiter.engine.descriptor.ClassBasedTestDescriptor.lambda$testInstancesProvider$4(ClassBasedTestDescriptor.java:281) ~[junit-jupiter-engine-5.12.2.jar:5.12.2]
	at java.base/java.util.Optional.orElseGet(Optional.java:364) ~[na:na]
	at org.junit.jupiter.engine.descriptor.ClassBasedTestDescriptor.lambda$testInstancesProvider$5(ClassBasedTestDescriptor.java:280) ~[junit-jupiter-engine-5.12.2.jar:5.12.2]
	at org.junit.jupiter.engine.execution.TestInstancesProvider.getTestInstances(TestInstancesProvider.java:27) ~[junit-jupiter-engine-5.12.2.jar:5.12.2]
	at org.junit.jupiter.engine.descriptor.TestMethodTestDescriptor.lambda$prepare$0(TestMethodTestDescriptor.java:112) ~[junit-jupiter-engine-5.12.2.jar:5.12.2]
	at org.junit.platform.engine.support.hierarchical.ThrowableCollector.execute(ThrowableCollector.java:73) ~[junit-platform-engine-1.12.2.jar:1.12.2]
	at org.junit.jupiter.engine.descriptor.TestMethodTestDescriptor.prepare(TestMethodTestDescriptor.java:111) ~[junit-jupiter-engine-5.12.2.jar:5.12.2]
	at org.junit.jupiter.engine.descriptor.TestMethodTestDescriptor.prepare(TestMethodTestDescriptor.java:69) ~[junit-jupiter-engine-5.12.2.jar:5.12.2]
	at org.junit.platform.engine.support.hierarchical.NodeTestTask.lambda$prepare$2(NodeTestTask.java:128) ~[junit-platform-engine-1.12.2.jar:1.12.2]
	at org.junit.platform.engine.support.hierarchical.ThrowableCollector.execute(ThrowableCollector.java:73) ~[junit-platform-engine-1.12.2.jar:1.12.2]
	at org.junit.platform.engine.support.hierarchical.NodeTestTask.prepare(NodeTestTask.java:128) ~[junit-platform-engine-1.12.2.jar:1.12.2]
	at org.junit.platform.engine.support.hierarchical.NodeTestTask.execute(NodeTestTask.java:95) ~[junit-platform-engine-1.12.2.jar:1.12.2]
	at java.base/java.util.ArrayList.forEach(ArrayList.java:1511) ~[na:na]
	at org.junit.platform.engine.support.hierarchical.SameThreadHierarchicalTestExecutorService.invokeAll(SameThreadHierarchicalTestExecutorService.java:41) ~[junit-platform-engine-1.12.2.jar:1.12.2]
	at org.junit.platform.engine.support.hierarchical.NodeTestTask.lambda$executeRecursively$6(NodeTestTask.java:160) ~[junit-platform-engine-1.12.2.jar:1.12.2]
	at org.junit.platform.engine.support.hierarchical.ThrowableCollector.execute(ThrowableCollector.java:73) ~[junit-platform-engine-1.12.2.jar:1.12.2]
	at org.junit.platform.engine.support.hierarchical.NodeTestTask.lambda$executeRecursively$8(NodeTestTask.java:146) ~[junit-platform-engine-1.12.2.jar:1.12.2]
	at org.junit.platform.engine.support.hierarchical.Node.around(Node.java:137) ~[junit-platform-engine-1.12.2.jar:1.12.2]
	at org.junit.platform.engine.support.hierarchical.NodeTestTask.lambda$executeRecursively$9(NodeTestTask.java:144) ~[junit-platform-engine-1.12.2.jar:1.12.2]
	at org.junit.platform.engine.support.hierarchical.ThrowableCollector.execute(ThrowableCollector.java:73) ~[junit-platform-engine-1.12.2.jar:1.12.2]
	at org.junit.platform.engine.support.hierarchical.NodeTestTask.executeRecursively(NodeTestTask.java:143) ~[junit-platform-engine-1.12.2.jar:1.12.2]
	at org.junit.platform.engine.support.hierarchical.NodeTestTask.execute(NodeTestTask.java:100) ~[junit-platform-engine-1.12.2.jar:1.12.2]
	at java.base/java.util.ArrayList.forEach(ArrayList.java:1511) ~[na:na]
	at org.junit.platform.engine.support.hierarchical.SameThreadHierarchicalTestExecutorService.invokeAll(SameThreadHierarchicalTestExecutorService.java:41) ~[junit-platform-engine-1.12.2.jar:1.12.2]
	at org.junit.platform.engine.support.hierarchical.NodeTestTask.lambda$executeRecursively$6(NodeTestTask.java:160) ~[junit-platform-engine-1.12.2.jar:1.12.2]
	at org.junit.platform.engine.support.hierarchical.ThrowableCollector.execute(ThrowableCollector.java:73) ~[junit-platform-engine-1.12.2.jar:1.12.2]
	at org.junit.platform.engine.support.hierarchical.NodeTestTask.lambda$executeRecursively$8(NodeTestTask.java:146) ~[junit-platform-engine-1.12.2.jar:1.12.2]
	at org.junit.platform.engine.support.hierarchical.Node.around(Node.java:137) ~[junit-platform-engine-1.12.2.jar:1.12.2]
	at org.junit.platform.engine.support.hierarchical.NodeTestTask.lambda$executeRecursively$9(NodeTestTask.java:144) ~[junit-platform-engine-1.12.2.jar:1.12.2]
	at org.junit.platform.engine.support.hierarchical.ThrowableCollector.execute(ThrowableCollector.java:73) ~[junit-platform-engine-1.12.2.jar:1.12.2]
	at org.junit.platform.engine.support.hierarchical.NodeTestTask.executeRecursively(NodeTestTask.java:143) ~[junit-platform-engine-1.12.2.jar:1.12.2]
	at org.junit.platform.engine.support.hierarchical.NodeTestTask.execute(NodeTestTask.java:100) ~[junit-platform-engine-1.12.2.jar:1.12.2]
	at org.junit.platform.engine.support.hierarchical.SameThreadHierarchicalTestExecutorService.submit(SameThreadHierarchicalTestExecutorService.java:35) ~[junit-platform-engine-1.12.2.jar:1.12.2]
	at org.junit.platform.engine.support.hierarchical.HierarchicalTestExecutor.execute(HierarchicalTestExecutor.java:57) ~[junit-platform-engine-1.12.2.jar:1.12.2]
	at org.junit.platform.engine.support.hierarchical.HierarchicalTestEngine.execute(HierarchicalTestEngine.java:54) ~[junit-platform-engine-1.12.2.jar:1.12.2]
	at org.junit.platform.launcher.core.EngineExecutionOrchestrator.execute(EngineExecutionOrchestrator.java:201) ~[junit-platform-launcher-1.12.2.jar:1.12.2]
	at org.junit.platform.launcher.core.EngineExecutionOrchestrator.execute(EngineExecutionOrchestrator.java:170) ~[junit-platform-launcher-1.12.2.jar:1.12.2]
	at org.junit.platform.launcher.core.EngineExecutionOrchestrator.execute(EngineExecutionOrchestrator.java:94) ~[junit-platform-launcher-1.12.2.jar:1.12.2]
	at org.junit.platform.launcher.core.EngineExecutionOrchestrator.lambda$execute$0(EngineExecutionOrchestrator.java:59) ~[junit-platform-launcher-1.12.2.jar:1.12.2]
	at org.junit.platform.launcher.core.EngineExecutionOrchestrator.withInterceptedStreams(EngineExecutionOrchestrator.java:142) ~[junit-platform-launcher-1.12.2.jar:1.12.2]
	at org.junit.platform.launcher.core.EngineExecutionOrchestrator.execute(EngineExecutionOrchestrator.java:58) ~[junit-platform-launcher-1.12.2.jar:1.12.2]
	at org.junit.platform.launcher.core.DefaultLauncher.execute(DefaultLauncher.java:103) ~[junit-platform-launcher-1.12.2.jar:1.12.2]
	at org.junit.platform.launcher.core.DefaultLauncher.execute(DefaultLauncher.java:85) ~[junit-platform-launcher-1.12.2.jar:1.12.2]
	at org.junit.platform.launcher.core.DelegatingLauncher.execute(DelegatingLauncher.java:47) ~[junit-platform-launcher-1.12.2.jar:1.12.2]
	at org.junit.platform.launcher.core.InterceptingLauncher.lambda$execute$1(InterceptingLauncher.java:39) ~[junit-platform-launcher-1.12.2.jar:1.12.2]
	at org.junit.platform.launcher.core.ClasspathAlignmentCheckingLauncherInterceptor.intercept(ClasspathAlignmentCheckingLauncherInterceptor.java:25) ~[junit-platform-launcher-1.12.2.jar:1.12.2]
	at org.junit.platform.launcher.core.InterceptingLauncher.execute(InterceptingLauncher.java:38) ~[junit-platform-launcher-1.12.2.jar:1.12.2]
	at org.junit.platform.launcher.core.DelegatingLauncher.execute(DelegatingLauncher.java:47) ~[junit-platform-launcher-1.12.2.jar:1.12.2]
	at org.apache.maven.surefire.junitplatform.LauncherAdapter.executeWithoutCancellationToken(LauncherAdapter.java:60) ~[surefire-junit-platform-3.5.4.jar:3.5.4]
	at org.apache.maven.surefire.junitplatform.LauncherAdapter.execute(LauncherAdapter.java:52) ~[surefire-junit-platform-3.5.4.jar:3.5.4]
	at org.apache.maven.surefire.junitplatform.JUnitPlatformProvider.execute(JUnitPlatformProvider.java:203) ~[surefire-junit-platform-3.5.4.jar:3.5.4]
	at org.apache.maven.surefire.junitplatform.JUnitPlatformProvider.invokeAllTests(JUnitPlatformProvider.java:168) ~[surefire-junit-platform-3.5.4.jar:3.5.4]
	at org.apache.maven.surefire.junitplatform.JUnitPlatformProvider.invoke(JUnitPlatformProvider.java:136) ~[surefire-junit-platform-3.5.4.jar:3.5.4]
	at org.apache.maven.surefire.booter.ForkedBooter.runSuitesInProcess(ForkedBooter.java:385) ~[surefire-booter-3.5.4.jar:3.5.4]
	at org.apache.maven.surefire.booter.ForkedBooter.execute(ForkedBooter.java:162) ~[surefire-booter-3.5.4.jar:3.5.4]
	at org.apache.maven.surefire.booter.ForkedBooter.run(ForkedBooter.java:507) ~[surefire-booter-3.5.4.jar:3.5.4]
	at org.apache.maven.surefire.booter.ForkedBooter.main(ForkedBooter.java:495) ~[surefire-booter-3.5.4.jar:3.5.4]
Caused by: org.springframework.beans.factory.UnsatisfiedDependencyException: Error creating bean with name 'cacheInvalidationClient' defined in file [C:\Users\U_38010700\Desktop\dubini\AJPD-BackofficeAPI\target\classes\org\dubini\backofficeAPI\client\CacheInvalidationClient.class]: Unsatisfied dependency expressed through constructor parameter 1: No qualifying bean of type 'org.springframework.web.reactive.function.client.WebClient' available: expected at least 1 bean which qualifies as autowire candidate. Dependency annotations: {}
	at org.springframework.beans.factory.support.ConstructorResolver.createArgumentArray(ConstructorResolver.java:804) ~[spring-beans-6.2.11.jar:6.2.11]
	at org.springframework.beans.factory.support.ConstructorResolver.autowireConstructor(ConstructorResolver.java:240) ~[spring-beans-6.2.11.jar:6.2.11]
	at org.springframework.beans.factory.support.AbstractAutowireCapableBeanFactory.autowireConstructor(AbstractAutowireCapableBeanFactory.java:1395) ~[spring-beans-6.2.11.jar:6.2.11]
	at org.springframework.beans.factory.support.AbstractAutowireCapableBeanFactory.createBeanInstance(AbstractAutowireCapableBeanFactory.java:1232) ~[spring-beans-6.2.11.jar:6.2.11]
	at org.springframework.beans.factory.support.AbstractAutowireCapableBeanFactory.doCreateBean(AbstractAutowireCapableBeanFactory.java:569) ~[spring-beans-6.2.11.jar:6.2.11]
	at org.springframework.beans.factory.support.AbstractAutowireCapableBeanFactory.createBean(AbstractAutowireCapableBeanFactory.java:529) ~[spring-beans-6.2.11.jar:6.2.11]
	at org.springframework.beans.factory.support.AbstractBeanFactory.lambda$doGetBean$0(AbstractBeanFactory.java:339) ~[spring-beans-6.2.11.jar:6.2.11]
	at org.springframework.beans.factory.support.DefaultSingletonBeanRegistry.getSingleton(DefaultSingletonBeanRegistry.java:373) ~[spring-beans-6.2.11.jar:6.2.11]
	at org.springframework.beans.factory.support.AbstractBeanFactory.doGetBean(AbstractBeanFactory.java:337) ~[spring-beans-6.2.11.jar:6.2.11]
	at org.springframework.beans.factory.support.AbstractBeanFactory.getBean(AbstractBeanFactory.java:202) ~[spring-beans-6.2.11.jar:6.2.11]
	at org.springframework.beans.factory.support.DefaultListableBeanFactory.instantiateSingleton(DefaultListableBeanFactory.java:1221) ~[spring-beans-6.2.11.jar:6.2.11]
	at org.springframework.beans.factory.support.DefaultListableBeanFactory.preInstantiateSingleton(DefaultListableBeanFactory.java:1187) ~[spring-beans-6.2.11.jar:6.2.11]
	at org.springframework.beans.factory.support.DefaultListableBeanFactory.preInstantiateSingletons(DefaultListableBeanFactory.java:1123) ~[spring-beans-6.2.11.jar:6.2.11]
	at org.springframework.context.support.AbstractApplicationContext.finishBeanFactoryInitialization(AbstractApplicationContext.java:987) ~[spring-context-6.2.11.jar:6.2.11]
	at org.springframework.context.support.AbstractApplicationContext.refresh(AbstractApplicationContext.java:627) ~[spring-context-6.2.11.jar:6.2.11]
	at org.springframework.boot.SpringApplication.refresh(SpringApplication.java:752) ~[spring-boot-3.5.6.jar:3.5.6]
	at org.springframework.boot.SpringApplication.refreshContext(SpringApplication.java:439) ~[spring-boot-3.5.6.jar:3.5.6]
	at org.springframework.boot.SpringApplication.run(SpringApplication.java:318) ~[spring-boot-3.5.6.jar:3.5.6]
	at org.springframework.boot.test.context.SpringBootContextLoader.lambda$loadContext$3(SpringBootContextLoader.java:144) ~[spring-boot-test-3.5.6.jar:3.5.6]
	at org.springframework.util.function.ThrowingSupplier.get(ThrowingSupplier.java:58) ~[spring-core-6.2.11.jar:6.2.11]
	at org.springframework.util.function.ThrowingSupplier.get(ThrowingSupplier.java:46) ~[spring-core-6.2.11.jar:6.2.11]
	at org.springframework.boot.SpringApplication.withHook(SpringApplication.java:1461) ~[spring-boot-3.5.6.jar:3.5.6]
	at org.springframework.boot.test.context.SpringBootContextLoader$ContextLoaderHook.run(SpringBootContextLoader.java:563) ~[spring-boot-test-3.5.6.jar:3.5.6]
	at org.springframework.boot.test.context.SpringBootContextLoader.loadContext(SpringBootContextLoader.java:144) ~[spring-boot-test-3.5.6.jar:3.5.6]
	at org.springframework.boot.test.context.SpringBootContextLoader.loadContext(SpringBootContextLoader.java:110) ~[spring-boot-test-3.5.6.jar:3.5.6]
	at org.springframework.test.context.cache.DefaultCacheAwareContextLoaderDelegate.loadContextInternal(DefaultCacheAwareContextLoaderDelegate.java:225) ~[spring-test-6.2.11.jar:6.2.11]
	at org.springframework.test.context.cache.DefaultCacheAwareContextLoaderDelegate.loadContext(DefaultCacheAwareContextLoaderDelegate.java:152) ~[spring-test-6.2.11.jar:6.2.11]
	... 80 common frames omitted
Caused by: org.springframework.beans.factory.NoSuchBeanDefinitionException: No qualifying bean of type 'org.springframework.web.reactive.function.client.WebClient' available: expected at least 1 bean which qualifies as autowire candidate. Dependency annotations: {}
	at org.springframework.beans.factory.support.DefaultListableBeanFactory.raiseNoMatchingBeanFound(DefaultListableBeanFactory.java:2303) ~[spring-beans-6.2.11.jar:6.2.11]
	at org.springframework.beans.factory.support.DefaultListableBeanFactory.doResolveDependency(DefaultListableBeanFactory.java:1723) ~[spring-beans-6.2.11.jar:6.2.11]
	at org.springframework.beans.factory.support.DefaultListableBeanFactory.resolveDependency(DefaultListableBeanFactory.java:1643) ~[spring-beans-6.2.11.jar:6.2.11]
	at org.springframework.beans.factory.support.ConstructorResolver.resolveAutowiredArgument(ConstructorResolver.java:913) ~[spring-beans-6.2.11.jar:6.2.11]
	at org.springframework.beans.factory.support.ConstructorResolver.createArgumentArray(ConstructorResolver.java:791) ~[spring-beans-6.2.11.jar:6.2.11]
	... 106 common frames omitted

2025-10-28T08:58:36.231Z  INFO 17160 --- [backofficeAPI] [restartedMain] o.d.b.BackofficeApiApplication           : Starting BackofficeApiApplication using Java 17.0.12 with PID 17160 (C:\Users\U_38010700\Desktop\dubini\AJPD-BackofficeAPI\target\classes started by u_38010700 in C:\Users\U_38010700\Desktop\dubini\AJPD-BackofficeAPI)
2025-10-28T08:58:36.235Z DEBUG 17160 --- [backofficeAPI] [restartedMain] o.d.b.BackofficeApiApplication           : Running with Spring Boot v3.5.6, Spring v6.2.11
2025-10-28T08:58:36.236Z  INFO 17160 --- [backofficeAPI] [restartedMain] o.d.b.BackofficeApiApplication           : No active profile set, falling back to 1 default profile: "default"
2025-10-28T08:58:36.269Z  INFO 17160 --- [backofficeAPI] [restartedMain] .e.DevToolsPropertyDefaultsPostProcessor : Devtools property defaults active! Set 'spring.devtools.add-properties' to 'false' to disable
2025-10-28T08:58:36.270Z  INFO 17160 --- [backofficeAPI] [restartedMain] .e.DevToolsPropertyDefaultsPostProcessor : For additional web related logging consider setting the 'logging.level.web' property to 'DEBUG'
2025-10-28T08:58:36.767Z  INFO 17160 --- [backofficeAPI] [restartedMain] .s.d.r.c.RepositoryConfigurationDelegate : Multiple Spring Data modules found, entering strict repository configuration mode
2025-10-28T08:58:36.769Z  INFO 17160 --- [backofficeAPI] [restartedMain] .s.d.r.c.RepositoryConfigurationDelegate : Bootstrapping Spring Data Redis repositories in DEFAULT mode.
2025-10-28T08:58:36.796Z  INFO 17160 --- [backofficeAPI] [restartedMain] .s.d.r.c.RepositoryConfigurationDelegate : Finished Spring Data repository scanning in 12 ms. Found 0 Redis repository interfaces.
2025-10-28T08:58:37.196Z  INFO 17160 --- [backofficeAPI] [restartedMain] o.s.b.w.embedded.tomcat.TomcatWebServer  : Tomcat initialized with port 8080 (http)
2025-10-28T08:58:37.208Z  INFO 17160 --- [backofficeAPI] [restartedMain] o.apache.catalina.core.StandardService   : Starting service [Tomcat]
2025-10-28T08:58:37.209Z  INFO 17160 --- [backofficeAPI] [restartedMain] o.apache.catalina.core.StandardEngine    : Starting Servlet engine: [Apache Tomcat/10.1.46]
2025-10-28T08:58:37.248Z  INFO 17160 --- [backofficeAPI] [restartedMain] o.a.c.c.C.[Tomcat].[localhost].[/]       : Initializing Spring embedded WebApplicationContext
2025-10-28T08:58:37.249Z  INFO 17160 --- [backofficeAPI] [restartedMain] w.s.c.ServletWebServerApplicationContext : Root WebApplicationContext: initialization completed in 979 ms
2025-10-28T08:58:37.289Z DEBUG 17160 --- [backofficeAPI] [restartedMain] o.d.backofficeAPI.security.JwtFilter     : Filter 'jwtFilter' configured for use
2025-10-28T08:58:37.720Z  WARN 17160 --- [backofficeAPI] [restartedMain] .s.s.UserDetailsServiceAutoConfiguration : 

Using generated security password: 723d0820-43a8-45ff-a692-eb1cdee31635

This generated password is for development use only. Your security configuration must be updated before running your application in production.

2025-10-28T08:58:37.728Z  INFO 17160 --- [backofficeAPI] [restartedMain] r$InitializeUserDetailsManagerConfigurer : Global AuthenticationManager configured with UserDetailsService bean with name inMemoryUserDetailsManager
2025-10-28T08:58:37.794Z DEBUG 17160 --- [backofficeAPI] [restartedMain] o.s.s.web.DefaultSecurityFilterChain     : Will secure any request with filters: DisableEncodeUrlFilter, WebAsyncManagerIntegrationFilter, SecurityContextHolderFilter, HeaderWriterFilter, LogoutFilter, JwtFilter, RequestCacheAwareFilter, SecurityContextHolderAwareRequestFilter, AnonymousAuthenticationFilter, SessionManagementFilter, ExceptionTranslationFilter, AuthorizationFilter
2025-10-28T08:58:37.822Z  INFO 17160 --- [backofficeAPI] [restartedMain] o.s.v.b.OptionalValidatorFactoryBean     : Failed to set up a Bean Validation provider: jakarta.validation.NoProviderFoundException: Unable to create a Configuration, because no Jakarta Bean Validation provider could be found. Add a provider like Hibernate Validator (RI) to your classpath.
2025-10-28T08:58:38.163Z  WARN 17160 --- [backofficeAPI] [restartedMain] o.s.b.d.a.OptionalLiveReloadServer       : Unable to start LiveReload server
2025-10-28T08:58:38.184Z  INFO 17160 --- [backofficeAPI] [restartedMain] o.s.b.w.embedded.tomcat.TomcatWebServer  : Tomcat started on port 8080 (http) with context path '/'
2025-10-28T08:58:38.191Z  INFO 17160 --- [backofficeAPI] [restartedMain] o.d.b.BackofficeApiApplication           : Started BackofficeApiApplication in 2.283 seconds (process running for 2.644)
2025-10-28T08:58:55.592Z  INFO 17160 --- [backofficeAPI] [http-nio-8080-exec-1] o.a.c.c.C.[Tomcat].[localhost].[/]       : Initializing Spring DispatcherServlet 'dispatcherServlet'
2025-10-28T08:58:55.592Z  INFO 17160 --- [backofficeAPI] [http-nio-8080-exec-1] o.s.web.servlet.DispatcherServlet        : Initializing Servlet 'dispatcherServlet'
2025-10-28T08:58:55.595Z  INFO 17160 --- [backofficeAPI] [http-nio-8080-exec-1] o.s.web.servlet.DispatcherServlet        : Completed initialization in 1 ms
2025-10-28T08:58:55.625Z DEBUG 17160 --- [backofficeAPI] [http-nio-8080-exec-1] o.s.security.web.FilterChainProxy        : Securing GET /editor
2025-10-28T08:58:55.760Z DEBUG 17160 --- [backofficeAPI] [http-nio-8080-exec-2] o.s.security.web.FilterChainProxy        : Securing GET /favicon.ico
2025-10-28T08:58:55.764Z DEBUG 17160 --- [backofficeAPI] [http-nio-8080-exec-2] o.s.s.w.a.AnonymousAuthenticationFilter  : Set SecurityContextHolder to anonymous SecurityContext
2025-10-28T08:58:55.765Z DEBUG 17160 --- [backofficeAPI] [http-nio-8080-exec-2] o.s.security.web.FilterChainProxy        : Secured GET /favicon.ico
2025-10-28T08:58:55.787Z ERROR 17160 --- [backofficeAPI] [http-nio-8080-exec-2] o.d.b.exception.GlobalExceptionHandler   : Unexpected error occurred

org.springframework.web.servlet.resource.NoResourceFoundException: No static resource favicon.ico.
	at org.springframework.web.servlet.resource.ResourceHttpRequestHandler.handleRequest(ResourceHttpRequestHandler.java:585) ~[spring-webmvc-6.2.11.jar:6.2.11]
	at org.springframework.web.servlet.mvc.HttpRequestHandlerAdapter.handle(HttpRequestHandlerAdapter.java:52) ~[spring-webmvc-6.2.11.jar:6.2.11]
	at org.springframework.web.servlet.DispatcherServlet.doDispatch(DispatcherServlet.java:1089) ~[spring-webmvc-6.2.11.jar:6.2.11]
	at org.springframework.web.servlet.DispatcherServlet.doService(DispatcherServlet.java:979) ~[spring-webmvc-6.2.11.jar:6.2.11]
	at org.springframework.web.servlet.FrameworkServlet.processRequest(FrameworkServlet.java:1014) ~[spring-webmvc-6.2.11.jar:6.2.11]
	at org.springframework.web.servlet.FrameworkServlet.doGet(FrameworkServlet.java:903) ~[spring-webmvc-6.2.11.jar:6.2.11]
	at jakarta.servlet.http.HttpServlet.service(HttpServlet.java:564) ~[tomcat-embed-core-10.1.46.jar:6.0]
	at org.springframework.web.servlet.FrameworkServlet.service(FrameworkServlet.java:885) ~[spring-webmvc-6.2.11.jar:6.2.11]
	at jakarta.servlet.http.HttpServlet.service(HttpServlet.java:658) ~[tomcat-embed-core-10.1.46.jar:6.0]
	at org.apache.catalina.core.ApplicationFilterChain.internalDoFilter(ApplicationFilterChain.java:195) ~[tomcat-embed-core-10.1.46.jar:10.1.46]
	at org.apache.catalina.core.ApplicationFilterChain.doFilter(ApplicationFilterChain.java:140) ~[tomcat-embed-core-10.1.46.jar:10.1.46]
	at org.apache.tomcat.websocket.server.WsFilter.doFilter(WsFilter.java:51) ~[tomcat-embed-websocket-10.1.46.jar:10.1.46]
	at org.apache.catalina.core.ApplicationFilterChain.internalDoFilter(ApplicationFilterChain.java:164) ~[tomcat-embed-core-10.1.46.jar:10.1.46]
	at org.apache.catalina.core.ApplicationFilterChain.doFilter(ApplicationFilterChain.java:140) ~[tomcat-embed-core-10.1.46.jar:10.1.46]
	at org.springframework.web.filter.OncePerRequestFilter.doFilter(OncePerRequestFilter.java:110) ~[spring-web-6.2.11.jar:6.2.11]
	at org.apache.catalina.core.ApplicationFilterChain.internalDoFilter(ApplicationFilterChain.java:164) ~[tomcat-embed-core-10.1.46.jar:10.1.46]
	at org.apache.catalina.core.ApplicationFilterChain.doFilter(ApplicationFilterChain.java:140) ~[tomcat-embed-core-10.1.46.jar:10.1.46]
	at org.springframework.web.filter.CompositeFilter$VirtualFilterChain.doFilter(CompositeFilter.java:108) ~[spring-web-6.2.11.jar:6.2.11]
	at org.springframework.web.filter.CompositeFilter$VirtualFilterChain.doFilter(CompositeFilter.java:108) ~[spring-web-6.2.11.jar:6.2.11]
	at org.springframework.security.web.FilterChainProxy.lambda$doFilterInternal$3(FilterChainProxy.java:231) ~[spring-security-web-6.5.5.jar:6.5.5]
	at org.springframework.security.web.FilterChainProxy$VirtualFilterChain.doFilter(FilterChainProxy.java:365) ~[spring-security-web-6.5.5.jar:6.5.5]
	at org.springframework.security.web.access.intercept.AuthorizationFilter.doFilter(AuthorizationFilter.java:101) ~[spring-security-web-6.5.5.jar:6.5.5]
	at org.springframework.security.web.FilterChainProxy$VirtualFilterChain.doFilter(FilterChainProxy.java:374) ~[spring-security-web-6.5.5.jar:6.5.5]
	at org.springframework.security.web.access.ExceptionTranslationFilter.doFilter(ExceptionTranslationFilter.java:125) ~[spring-security-web-6.5.5.jar:6.5.5]
	at org.springframework.security.web.access.ExceptionTranslationFilter.doFilter(ExceptionTranslationFilter.java:119) ~[spring-security-web-6.5.5.jar:6.5.5]
	at org.springframework.security.web.FilterChainProxy$VirtualFilterChain.doFilter(FilterChainProxy.java:374) ~[spring-security-web-6.5.5.jar:6.5.5]
	at org.springframework.security.web.session.SessionManagementFilter.doFilter(SessionManagementFilter.java:131) ~[spring-security-web-6.5.5.jar:6.5.5]
	at org.springframework.security.web.session.SessionManagementFilter.doFilter(SessionManagementFilter.java:85) ~[spring-security-web-6.5.5.jar:6.5.5]
	at org.springframework.security.web.FilterChainProxy$VirtualFilterChain.doFilter(FilterChainProxy.java:374) ~[spring-security-web-6.5.5.jar:6.5.5]
	at org.springframework.security.web.authentication.AnonymousAuthenticationFilter.doFilter(AnonymousAuthenticationFilter.java:100) ~[spring-security-web-6.5.5.jar:6.5.5]
	at org.springframework.security.web.FilterChainProxy$VirtualFilterChain.doFilter(FilterChainProxy.java:374) ~[spring-security-web-6.5.5.jar:6.5.5]
	at org.springframework.security.web.servletapi.SecurityContextHolderAwareRequestFilter.doFilter(SecurityContextHolderAwareRequestFilter.java:179) ~[spring-security-web-6.5.5.jar:6.5.5]
	at org.springframework.security.web.FilterChainProxy$VirtualFilterChain.doFilter(FilterChainProxy.java:374) ~[spring-security-web-6.5.5.jar:6.5.5]
	at org.springframework.security.web.savedrequest.RequestCacheAwareFilter.doFilter(RequestCacheAwareFilter.java:63) ~[spring-security-web-6.5.5.jar:6.5.5]
	at org.springframework.security.web.FilterChainProxy$VirtualFilterChain.doFilter(FilterChainProxy.java:374) ~[spring-security-web-6.5.5.jar:6.5.5]
	at org.dubini.backofficeAPI.security.JwtFilter.doFilterInternal(JwtFilter.java:56) ~[classes/:na]
	at org.springframework.web.filter.OncePerRequestFilter.doFilter(OncePerRequestFilter.java:116) ~[spring-web-6.2.11.jar:6.2.11]
	at org.springframework.security.web.FilterChainProxy$VirtualFilterChain.doFilter(FilterChainProxy.java:374) ~[spring-security-web-6.5.5.jar:6.5.5]
	at org.springframework.security.web.authentication.logout.LogoutFilter.doFilter(LogoutFilter.java:107) ~[spring-security-web-6.5.5.jar:6.5.5]
	at org.springframework.security.web.authentication.logout.LogoutFilter.doFilter(LogoutFilter.java:93) ~[spring-security-web-6.5.5.jar:6.5.5]
	at org.springframework.security.web.FilterChainProxy$VirtualFilterChain.doFilter(FilterChainProxy.java:374) ~[spring-security-web-6.5.5.jar:6.5.5]
	at org.springframework.security.web.header.HeaderWriterFilter.doHeadersAfter(HeaderWriterFilter.java:90) ~[spring-security-web-6.5.5.jar:6.5.5]
	at org.springframework.security.web.header.HeaderWriterFilter.doFilterInternal(HeaderWriterFilter.java:75) ~[spring-security-web-6.5.5.jar:6.5.5]
	at org.springframework.web.filter.OncePerRequestFilter.doFilter(OncePerRequestFilter.java:116) ~[spring-web-6.2.11.jar:6.2.11]
	at org.springframework.security.web.FilterChainProxy$VirtualFilterChain.doFilter(FilterChainProxy.java:374) ~[spring-security-web-6.5.5.jar:6.5.5]
	at org.springframework.security.web.context.SecurityContextHolderFilter.doFilter(SecurityContextHolderFilter.java:82) ~[spring-security-web-6.5.5.jar:6.5.5]
	at org.springframework.security.web.context.SecurityContextHolderFilter.doFilter(SecurityContextHolderFilter.java:69) ~[spring-security-web-6.5.5.jar:6.5.5]
	at org.springframework.security.web.FilterChainProxy$VirtualFilterChain.doFilter(FilterChainProxy.java:374) ~[spring-security-web-6.5.5.jar:6.5.5]
	at org.springframework.security.web.context.request.async.WebAsyncManagerIntegrationFilter.doFilterInternal(WebAsyncManagerIntegrationFilter.java:62) ~[spring-security-web-6.5.5.jar:6.5.5]
	at org.springframework.web.filter.OncePerRequestFilter.doFilter(OncePerRequestFilter.java:116) ~[spring-web-6.2.11.jar:6.2.11]
	at org.springframework.security.web.FilterChainProxy$VirtualFilterChain.doFilter(FilterChainProxy.java:374) ~[spring-security-web-6.5.5.jar:6.5.5]
	at org.springframework.security.web.session.DisableEncodeUrlFilter.doFilterInternal(DisableEncodeUrlFilter.java:42) ~[spring-security-web-6.5.5.jar:6.5.5]
	at org.springframework.web.filter.OncePerRequestFilter.doFilter(OncePerRequestFilter.java:116) ~[spring-web-6.2.11.jar:6.2.11]
	at org.springframework.security.web.FilterChainProxy$VirtualFilterChain.doFilter(FilterChainProxy.java:374) ~[spring-security-web-6.5.5.jar:6.5.5]
	at org.springframework.security.web.FilterChainProxy.doFilterInternal(FilterChainProxy.java:233) ~[spring-security-web-6.5.5.jar:6.5.5]
	at org.springframework.security.web.FilterChainProxy.doFilter(FilterChainProxy.java:191) ~[spring-security-web-6.5.5.jar:6.5.5]
	at org.springframework.web.filter.CompositeFilter$VirtualFilterChain.doFilter(CompositeFilter.java:113) ~[spring-web-6.2.11.jar:6.2.11]
	at org.springframework.web.filter.ServletRequestPathFilter.doFilter(ServletRequestPathFilter.java:52) ~[spring-web-6.2.11.jar:6.2.11]
	at org.springframework.web.filter.CompositeFilter$VirtualFilterChain.doFilter(CompositeFilter.java:113) ~[spring-web-6.2.11.jar:6.2.11]
	at org.springframework.web.filter.CompositeFilter.doFilter(CompositeFilter.java:74) ~[spring-web-6.2.11.jar:6.2.11]
	at org.springframework.security.config.annotation.web.configuration.WebSecurityConfiguration$CompositeFilterChainProxy.doFilter(WebSecurityConfiguration.java:319) ~[spring-security-config-6.5.5.jar:6.5.5]
	at org.springframework.web.filter.CompositeFilter$VirtualFilterChain.doFilter(CompositeFilter.java:113) ~[spring-web-6.2.11.jar:6.2.11]
	at org.springframework.web.servlet.handler.HandlerMappingIntrospector.lambda$createCacheFilter$4(HandlerMappingIntrospector.java:267) ~[spring-webmvc-6.2.11.jar:6.2.11]
	at org.springframework.web.filter.CompositeFilter$VirtualFilterChain.doFilter(CompositeFilter.java:113) ~[spring-web-6.2.11.jar:6.2.11]
	at org.springframework.web.filter.CompositeFilter.doFilter(CompositeFilter.java:74) ~[spring-web-6.2.11.jar:6.2.11]
	at org.springframework.security.config.annotation.web.configuration.WebMvcSecurityConfiguration$CompositeFilterChainProxy.doFilter(WebMvcSecurityConfiguration.java:240) ~[spring-security-config-6.5.5.jar:6.5.5]
	at org.springframework.web.filter.DelegatingFilterProxy.invokeDelegate(DelegatingFilterProxy.java:362) ~[spring-web-6.2.11.jar:6.2.11]
	at org.springframework.web.filter.DelegatingFilterProxy.doFilter(DelegatingFilterProxy.java:278) ~[spring-web-6.2.11.jar:6.2.11]
	at org.apache.catalina.core.ApplicationFilterChain.internalDoFilter(ApplicationFilterChain.java:164) ~[tomcat-embed-core-10.1.46.jar:10.1.46]
	at org.apache.catalina.core.ApplicationFilterChain.doFilter(ApplicationFilterChain.java:140) ~[tomcat-embed-core-10.1.46.jar:10.1.46]
	at org.springframework.web.filter.RequestContextFilter.doFilterInternal(RequestContextFilter.java:100) ~[spring-web-6.2.11.jar:6.2.11]
	at org.springframework.web.filter.OncePerRequestFilter.doFilter(OncePerRequestFilter.java:116) ~[spring-web-6.2.11.jar:6.2.11]
	at org.apache.catalina.core.ApplicationFilterChain.internalDoFilter(ApplicationFilterChain.java:164) ~[tomcat-embed-core-10.1.46.jar:10.1.46]
	at org.apache.catalina.core.ApplicationFilterChain.doFilter(ApplicationFilterChain.java:140) ~[tomcat-embed-core-10.1.46.jar:10.1.46]
	at org.springframework.web.filter.FormContentFilter.doFilterInternal(FormContentFilter.java:93) ~[spring-web-6.2.11.jar:6.2.11]
	at org.springframework.web.filter.OncePerRequestFilter.doFilter(OncePerRequestFilter.java:116) ~[spring-web-6.2.11.jar:6.2.11]
	at org.apache.catalina.core.ApplicationFilterChain.internalDoFilter(ApplicationFilterChain.java:164) ~[tomcat-embed-core-10.1.46.jar:10.1.46]
	at org.apache.catalina.core.ApplicationFilterChain.doFilter(ApplicationFilterChain.java:140) ~[tomcat-embed-core-10.1.46.jar:10.1.46]
	at org.springframework.web.filter.CharacterEncodingFilter.doFilterInternal(CharacterEncodingFilter.java:201) ~[spring-web-6.2.11.jar:6.2.11]
	at org.springframework.web.filter.OncePerRequestFilter.doFilter(OncePerRequestFilter.java:116) ~[spring-web-6.2.11.jar:6.2.11]
	at org.apache.catalina.core.ApplicationFilterChain.internalDoFilter(ApplicationFilterChain.java:164) ~[tomcat-embed-core-10.1.46.jar:10.1.46]
	at org.apache.catalina.core.ApplicationFilterChain.doFilter(ApplicationFilterChain.java:140) ~[tomcat-embed-core-10.1.46.jar:10.1.46]
	at org.apache.catalina.core.StandardWrapperValve.invoke(StandardWrapperValve.java:167) ~[tomcat-embed-core-10.1.46.jar:10.1.46]
	at org.apache.catalina.core.StandardContextValve.invoke(StandardContextValve.java:90) ~[tomcat-embed-core-10.1.46.jar:10.1.46]
	at org.apache.catalina.authenticator.AuthenticatorBase.invoke(AuthenticatorBase.java:483) ~[tomcat-embed-core-10.1.46.jar:10.1.46]
	at org.apache.catalina.core.StandardHostValve.invoke(StandardHostValve.java:116) ~[tomcat-embed-core-10.1.46.jar:10.1.46]
	at org.apache.catalina.valves.ErrorReportValve.invoke(ErrorReportValve.java:93) ~[tomcat-embed-core-10.1.46.jar:10.1.46]
	at org.apache.catalina.core.StandardEngineValve.invoke(StandardEngineValve.java:74) ~[tomcat-embed-core-10.1.46.jar:10.1.46]
	at org.apache.catalina.connector.CoyoteAdapter.service(CoyoteAdapter.java:344) ~[tomcat-embed-core-10.1.46.jar:10.1.46]
	at org.apache.coyote.http11.Http11Processor.service(Http11Processor.java:398) ~[tomcat-embed-core-10.1.46.jar:10.1.46]
	at org.apache.coyote.AbstractProcessorLight.process(AbstractProcessorLight.java:63) ~[tomcat-embed-core-10.1.46.jar:10.1.46]
	at org.apache.coyote.AbstractProtocol$ConnectionHandler.process(AbstractProtocol.java:903) ~[tomcat-embed-core-10.1.46.jar:10.1.46]
	at org.apache.tomcat.util.net.NioEndpoint$SocketProcessor.doRun(NioEndpoint.java:1776) ~[tomcat-embed-core-10.1.46.jar:10.1.46]
	at org.apache.tomcat.util.net.SocketProcessorBase.run(SocketProcessorBase.java:52) ~[tomcat-embed-core-10.1.46.jar:10.1.46]
	at org.apache.tomcat.util.threads.ThreadPoolExecutor.runWorker(ThreadPoolExecutor.java:975) ~[tomcat-embed-core-10.1.46.jar:10.1.46]
	at org.apache.tomcat.util.threads.ThreadPoolExecutor$Worker.run(ThreadPoolExecutor.java:493) ~[tomcat-embed-core-10.1.46.jar:10.1.46]
	at org.apache.tomcat.util.threads.TaskThread$WrappingRunnable.run(TaskThread.java:63) ~[tomcat-embed-core-10.1.46.jar:10.1.46]
	at java.base/java.lang.Thread.run(Thread.java:842) ~[na:na]

2025-10-28T08:58:55.862Z  WARN 17160 --- [backofficeAPI] [http-nio-8080-exec-2] .m.m.a.ExceptionHandlerExceptionResolver : Resolved [org.springframework.web.servlet.resource.NoResourceFoundException: No static resource favicon.ico.]
2025-10-28T08:58:58.464Z DEBUG 17160 --- [backofficeAPI] [http-nio-8080-exec-3] o.s.security.web.FilterChainProxy        : Securing GET /
2025-10-28T08:58:58.466Z DEBUG 17160 --- [backofficeAPI] [http-nio-8080-exec-3] o.s.s.w.a.AnonymousAuthenticationFilter  : Set SecurityContextHolder to anonymous SecurityContext
2025-10-28T08:58:58.468Z DEBUG 17160 --- [backofficeAPI] [http-nio-8080-exec-3] o.s.security.web.FilterChainProxy        : Secured GET /
2025-10-28T08:58:58.651Z DEBUG 17160 --- [backofficeAPI] [http-nio-8080-exec-6] o.s.security.web.FilterChainProxy        : Securing GET /styles/layout/header.css
2025-10-28T08:58:58.654Z DEBUG 17160 --- [backofficeAPI] [http-nio-8080-exec-6] o.s.s.w.a.AnonymousAuthenticationFilter  : Set SecurityContextHolder to anonymous SecurityContext
2025-10-28T08:58:58.657Z DEBUG 17160 --- [backofficeAPI] [http-nio-8080-exec-6] o.s.security.web.FilterChainProxy        : Secured GET /styles/layout/header.css
2025-10-28T08:58:58.663Z DEBUG 17160 --- [backofficeAPI] [http-nio-8080-exec-5] o.s.security.web.FilterChainProxy        : Securing GET /styles/layout/footer.css
2025-10-28T08:58:58.666Z DEBUG 17160 --- [backofficeAPI] [http-nio-8080-exec-4] o.s.security.web.FilterChainProxy        : Securing GET /styles/base.css
2025-10-28T08:58:58.670Z DEBUG 17160 --- [backofficeAPI] [http-nio-8080-exec-10] o.s.security.web.FilterChainProxy        : Securing GET /styles/login.css
2025-10-28T08:58:58.675Z DEBUG 17160 --- [backofficeAPI] [http-nio-8080-exec-5] o.s.s.w.a.AnonymousAuthenticationFilter  : Set SecurityContextHolder to anonymous SecurityContext
2025-10-28T08:58:58.673Z DEBUG 17160 --- [backofficeAPI] [http-nio-8080-exec-8] o.s.security.web.FilterChainProxy        : Securing GET /scripts/script.js
2025-10-28T08:58:58.676Z DEBUG 17160 --- [backofficeAPI] [http-nio-8080-exec-5] o.s.security.web.FilterChainProxy        : Secured GET /styles/layout/footer.css
2025-10-28T08:58:58.676Z DEBUG 17160 --- [backofficeAPI] [http-nio-8080-exec-9] o.s.security.web.FilterChainProxy        : Securing GET /scripts/login.js
2025-10-28T08:58:58.679Z DEBUG 17160 --- [backofficeAPI] [http-nio-8080-exec-10] o.s.s.w.a.AnonymousAuthenticationFilter  : Set SecurityContextHolder to anonymous SecurityContext
2025-10-28T08:58:58.679Z DEBUG 17160 --- [backofficeAPI] [http-nio-8080-exec-9] o.s.s.w.a.AnonymousAuthenticationFilter  : Set SecurityContextHolder to anonymous SecurityContext
2025-10-28T08:58:58.680Z DEBUG 17160 --- [backofficeAPI] [http-nio-8080-exec-10] o.s.security.web.FilterChainProxy        : Secured GET /styles/login.css
2025-10-28T08:58:58.680Z DEBUG 17160 --- [backofficeAPI] [http-nio-8080-exec-9] o.s.security.web.FilterChainProxy        : Secured GET /scripts/login.js
2025-10-28T08:58:58.680Z DEBUG 17160 --- [backofficeAPI] [http-nio-8080-exec-4] o.s.s.w.a.AnonymousAuthenticationFilter  : Set SecurityContextHolder to anonymous SecurityContext
2025-10-28T08:58:58.681Z DEBUG 17160 --- [backofficeAPI] [http-nio-8080-exec-8] o.s.s.w.a.AnonymousAuthenticationFilter  : Set SecurityContextHolder to anonymous SecurityContext
2025-10-28T08:58:58.687Z DEBUG 17160 --- [backofficeAPI] [http-nio-8080-exec-8] o.s.security.web.FilterChainProxy        : Secured GET /scripts/script.js
2025-10-28T08:58:58.687Z DEBUG 17160 --- [backofficeAPI] [http-nio-8080-exec-4] o.s.security.web.FilterChainProxy        : Secured GET /styles/base.css
2025-10-28T08:58:59.278Z DEBUG 17160 --- [backofficeAPI] [http-nio-8080-exec-7] o.s.security.web.FilterChainProxy        : Securing GET /assets/background.png
2025-10-28T08:58:59.279Z DEBUG 17160 --- [backofficeAPI] [http-nio-8080-exec-7] o.s.s.w.a.AnonymousAuthenticationFilter  : Set SecurityContextHolder to anonymous SecurityContext
2025-10-28T08:58:59.280Z DEBUG 17160 --- [backofficeAPI] [http-nio-8080-exec-7] o.s.security.web.FilterChainProxy        : Secured GET /assets/background.png
2025-10-28T08:58:59.302Z DEBUG 17160 --- [backofficeAPI] [http-nio-8080-exec-1] o.s.security.web.FilterChainProxy        : Securing GET /favicon.ico
2025-10-28T08:58:59.304Z DEBUG 17160 --- [backofficeAPI] [http-nio-8080-exec-1] o.s.s.w.a.AnonymousAuthenticationFilter  : Set SecurityContextHolder to anonymous SecurityContext
2025-10-28T08:58:59.305Z DEBUG 17160 --- [backofficeAPI] [http-nio-8080-exec-1] o.s.security.web.FilterChainProxy        : Secured GET /favicon.ico
2025-10-28T08:58:59.308Z ERROR 17160 --- [backofficeAPI] [http-nio-8080-exec-1] o.d.b.exception.GlobalExceptionHandler   : Unexpected error occurred

org.springframework.web.servlet.resource.NoResourceFoundException: No static resource favicon.ico.
	at org.springframework.web.servlet.resource.ResourceHttpRequestHandler.handleRequest(ResourceHttpRequestHandler.java:585) ~[spring-webmvc-6.2.11.jar:6.2.11]
	at org.springframework.web.servlet.mvc.HttpRequestHandlerAdapter.handle(HttpRequestHandlerAdapter.java:52) ~[spring-webmvc-6.2.11.jar:6.2.11]
	at org.springframework.web.servlet.DispatcherServlet.doDispatch(DispatcherServlet.java:1089) ~[spring-webmvc-6.2.11.jar:6.2.11]
	at org.springframework.web.servlet.DispatcherServlet.doService(DispatcherServlet.java:979) ~[spring-webmvc-6.2.11.jar:6.2.11]
	at org.springframework.web.servlet.FrameworkServlet.processRequest(FrameworkServlet.java:1014) ~[spring-webmvc-6.2.11.jar:6.2.11]
	at org.springframework.web.servlet.FrameworkServlet.doGet(FrameworkServlet.java:903) ~[spring-webmvc-6.2.11.jar:6.2.11]
	at jakarta.servlet.http.HttpServlet.service(HttpServlet.java:564) ~[tomcat-embed-core-10.1.46.jar:6.0]
	at org.springframework.web.servlet.FrameworkServlet.service(FrameworkServlet.java:885) ~[spring-webmvc-6.2.11.jar:6.2.11]
	at jakarta.servlet.http.HttpServlet.service(HttpServlet.java:658) ~[tomcat-embed-core-10.1.46.jar:6.0]
	at org.apache.catalina.core.ApplicationFilterChain.internalDoFilter(ApplicationFilterChain.java:195) ~[tomcat-embed-core-10.1.46.jar:10.1.46]
	at org.apache.catalina.core.ApplicationFilterChain.doFilter(ApplicationFilterChain.java:140) ~[tomcat-embed-core-10.1.46.jar:10.1.46]
	at org.apache.tomcat.websocket.server.WsFilter.doFilter(WsFilter.java:51) ~[tomcat-embed-websocket-10.1.46.jar:10.1.46]
	at org.apache.catalina.core.ApplicationFilterChain.internalDoFilter(ApplicationFilterChain.java:164) ~[tomcat-embed-core-10.1.46.jar:10.1.46]
	at org.apache.catalina.core.ApplicationFilterChain.doFilter(ApplicationFilterChain.java:140) ~[tomcat-embed-core-10.1.46.jar:10.1.46]
	at org.springframework.web.filter.OncePerRequestFilter.doFilter(OncePerRequestFilter.java:110) ~[spring-web-6.2.11.jar:6.2.11]
	at org.apache.catalina.core.ApplicationFilterChain.internalDoFilter(ApplicationFilterChain.java:164) ~[tomcat-embed-core-10.1.46.jar:10.1.46]
	at org.apache.catalina.core.ApplicationFilterChain.doFilter(ApplicationFilterChain.java:140) ~[tomcat-embed-core-10.1.46.jar:10.1.46]
	at org.springframework.web.filter.CompositeFilter$VirtualFilterChain.doFilter(CompositeFilter.java:108) ~[spring-web-6.2.11.jar:6.2.11]
	at org.springframework.web.filter.CompositeFilter$VirtualFilterChain.doFilter(CompositeFilter.java:108) ~[spring-web-6.2.11.jar:6.2.11]
	at org.springframework.security.web.FilterChainProxy.lambda$doFilterInternal$3(FilterChainProxy.java:231) ~[spring-security-web-6.5.5.jar:6.5.5]
	at org.springframework.security.web.FilterChainProxy$VirtualFilterChain.doFilter(FilterChainProxy.java:365) ~[spring-security-web-6.5.5.jar:6.5.5]
	at org.springframework.security.web.access.intercept.AuthorizationFilter.doFilter(AuthorizationFilter.java:101) ~[spring-security-web-6.5.5.jar:6.5.5]
	at org.springframework.security.web.FilterChainProxy$VirtualFilterChain.doFilter(FilterChainProxy.java:374) ~[spring-security-web-6.5.5.jar:6.5.5]
	at org.springframework.security.web.access.ExceptionTranslationFilter.doFilter(ExceptionTranslationFilter.java:125) ~[spring-security-web-6.5.5.jar:6.5.5]
	at org.springframework.security.web.access.ExceptionTranslationFilter.doFilter(ExceptionTranslationFilter.java:119) ~[spring-security-web-6.5.5.jar:6.5.5]
	at org.springframework.security.web.FilterChainProxy$VirtualFilterChain.doFilter(FilterChainProxy.java:374) ~[spring-security-web-6.5.5.jar:6.5.5]
	at org.springframework.security.web.session.SessionManagementFilter.doFilter(SessionManagementFilter.java:131) ~[spring-security-web-6.5.5.jar:6.5.5]
	at org.springframework.security.web.session.SessionManagementFilter.doFilter(SessionManagementFilter.java:85) ~[spring-security-web-6.5.5.jar:6.5.5]
	at org.springframework.security.web.FilterChainProxy$VirtualFilterChain.doFilter(FilterChainProxy.java:374) ~[spring-security-web-6.5.5.jar:6.5.5]
	at org.springframework.security.web.authentication.AnonymousAuthenticationFilter.doFilter(AnonymousAuthenticationFilter.java:100) ~[spring-security-web-6.5.5.jar:6.5.5]
	at org.springframework.security.web.FilterChainProxy$VirtualFilterChain.doFilter(FilterChainProxy.java:374) ~[spring-security-web-6.5.5.jar:6.5.5]
	at org.springframework.security.web.servletapi.SecurityContextHolderAwareRequestFilter.doFilter(SecurityContextHolderAwareRequestFilter.java:179) ~[spring-security-web-6.5.5.jar:6.5.5]
	at org.springframework.security.web.FilterChainProxy$VirtualFilterChain.doFilter(FilterChainProxy.java:374) ~[spring-security-web-6.5.5.jar:6.5.5]
	at org.springframework.security.web.savedrequest.RequestCacheAwareFilter.doFilter(RequestCacheAwareFilter.java:63) ~[spring-security-web-6.5.5.jar:6.5.5]
	at org.springframework.security.web.FilterChainProxy$VirtualFilterChain.doFilter(FilterChainProxy.java:374) ~[spring-security-web-6.5.5.jar:6.5.5]
	at org.dubini.backofficeAPI.security.JwtFilter.doFilterInternal(JwtFilter.java:56) ~[classes/:na]
	at org.springframework.web.filter.OncePerRequestFilter.doFilter(OncePerRequestFilter.java:116) ~[spring-web-6.2.11.jar:6.2.11]
	at org.springframework.security.web.FilterChainProxy$VirtualFilterChain.doFilter(FilterChainProxy.java:374) ~[spring-security-web-6.5.5.jar:6.5.5]
	at org.springframework.security.web.authentication.logout.LogoutFilter.doFilter(LogoutFilter.java:107) ~[spring-security-web-6.5.5.jar:6.5.5]
	at org.springframework.security.web.authentication.logout.LogoutFilter.doFilter(LogoutFilter.java:93) ~[spring-security-web-6.5.5.jar:6.5.5]
	at org.springframework.security.web.FilterChainProxy$VirtualFilterChain.doFilter(FilterChainProxy.java:374) ~[spring-security-web-6.5.5.jar:6.5.5]
	at org.springframework.security.web.header.HeaderWriterFilter.doHeadersAfter(HeaderWriterFilter.java:90) ~[spring-security-web-6.5.5.jar:6.5.5]
	at org.springframework.security.web.header.HeaderWriterFilter.doFilterInternal(HeaderWriterFilter.java:75) ~[spring-security-web-6.5.5.jar:6.5.5]
	at org.springframework.web.filter.OncePerRequestFilter.doFilter(OncePerRequestFilter.java:116) ~[spring-web-6.2.11.jar:6.2.11]
	at org.springframework.security.web.FilterChainProxy$VirtualFilterChain.doFilter(FilterChainProxy.java:374) ~[spring-security-web-6.5.5.jar:6.5.5]
	at org.springframework.security.web.context.SecurityContextHolderFilter.doFilter(SecurityContextHolderFilter.java:82) ~[spring-security-web-6.5.5.jar:6.5.5]
	at org.springframework.security.web.context.SecurityContextHolderFilter.doFilter(SecurityContextHolderFilter.java:69) ~[spring-security-web-6.5.5.jar:6.5.5]
	at org.springframework.security.web.FilterChainProxy$VirtualFilterChain.doFilter(FilterChainProxy.java:374) ~[spring-security-web-6.5.5.jar:6.5.5]
	at org.springframework.security.web.context.request.async.WebAsyncManagerIntegrationFilter.doFilterInternal(WebAsyncManagerIntegrationFilter.java:62) ~[spring-security-web-6.5.5.jar:6.5.5]
	at org.springframework.web.filter.OncePerRequestFilter.doFilter(OncePerRequestFilter.java:116) ~[spring-web-6.2.11.jar:6.2.11]
	at org.springframework.security.web.FilterChainProxy$VirtualFilterChain.doFilter(FilterChainProxy.java:374) ~[spring-security-web-6.5.5.jar:6.5.5]
	at org.springframework.security.web.session.DisableEncodeUrlFilter.doFilterInternal(DisableEncodeUrlFilter.java:42) ~[spring-security-web-6.5.5.jar:6.5.5]
	at org.springframework.web.filter.OncePerRequestFilter.doFilter(OncePerRequestFilter.java:116) ~[spring-web-6.2.11.jar:6.2.11]
	at org.springframework.security.web.FilterChainProxy$VirtualFilterChain.doFilter(FilterChainProxy.java:374) ~[spring-security-web-6.5.5.jar:6.5.5]
	at org.springframework.security.web.FilterChainProxy.doFilterInternal(FilterChainProxy.java:233) ~[spring-security-web-6.5.5.jar:6.5.5]
	at org.springframework.security.web.FilterChainProxy.doFilter(FilterChainProxy.java:191) ~[spring-security-web-6.5.5.jar:6.5.5]
	at org.springframework.web.filter.CompositeFilter$VirtualFilterChain.doFilter(CompositeFilter.java:113) ~[spring-web-6.2.11.jar:6.2.11]
	at org.springframework.web.filter.ServletRequestPathFilter.doFilter(ServletRequestPathFilter.java:52) ~[spring-web-6.2.11.jar:6.2.11]
	at org.springframework.web.filter.CompositeFilter$VirtualFilterChain.doFilter(CompositeFilter.java:113) ~[spring-web-6.2.11.jar:6.2.11]
	at org.springframework.web.filter.CompositeFilter.doFilter(CompositeFilter.java:74) ~[spring-web-6.2.11.jar:6.2.11]
	at org.springframework.security.config.annotation.web.configuration.WebSecurityConfiguration$CompositeFilterChainProxy.doFilter(WebSecurityConfiguration.java:319) ~[spring-security-config-6.5.5.jar:6.5.5]
	at org.springframework.web.filter.CompositeFilter$VirtualFilterChain.doFilter(CompositeFilter.java:113) ~[spring-web-6.2.11.jar:6.2.11]
	at org.springframework.web.servlet.handler.HandlerMappingIntrospector.lambda$createCacheFilter$4(HandlerMappingIntrospector.java:267) ~[spring-webmvc-6.2.11.jar:6.2.11]
	at org.springframework.web.filter.CompositeFilter$VirtualFilterChain.doFilter(CompositeFilter.java:113) ~[spring-web-6.2.11.jar:6.2.11]
	at org.springframework.web.filter.CompositeFilter.doFilter(CompositeFilter.java:74) ~[spring-web-6.2.11.jar:6.2.11]
	at org.springframework.security.config.annotation.web.configuration.WebMvcSecurityConfiguration$CompositeFilterChainProxy.doFilter(WebMvcSecurityConfiguration.java:240) ~[spring-security-config-6.5.5.jar:6.5.5]
	at org.springframework.web.filter.DelegatingFilterProxy.invokeDelegate(DelegatingFilterProxy.java:362) ~[spring-web-6.2.11.jar:6.2.11]
	at org.springframework.web.filter.DelegatingFilterProxy.doFilter(DelegatingFilterProxy.java:278) ~[spring-web-6.2.11.jar:6.2.11]
	at org.apache.catalina.core.ApplicationFilterChain.internalDoFilter(ApplicationFilterChain.java:164) ~[tomcat-embed-core-10.1.46.jar:10.1.46]
	at org.apache.catalina.core.ApplicationFilterChain.doFilter(ApplicationFilterChain.java:140) ~[tomcat-embed-core-10.1.46.jar:10.1.46]
	at org.springframework.web.filter.RequestContextFilter.doFilterInternal(RequestContextFilter.java:100) ~[spring-web-6.2.11.jar:6.2.11]
	at org.springframework.web.filter.OncePerRequestFilter.doFilter(OncePerRequestFilter.java:116) ~[spring-web-6.2.11.jar:6.2.11]
	at org.apache.catalina.core.ApplicationFilterChain.internalDoFilter(ApplicationFilterChain.java:164) ~[tomcat-embed-core-10.1.46.jar:10.1.46]
	at org.apache.catalina.core.ApplicationFilterChain.doFilter(ApplicationFilterChain.java:140) ~[tomcat-embed-core-10.1.46.jar:10.1.46]
	at org.springframework.web.filter.FormContentFilter.doFilterInternal(FormContentFilter.java:93) ~[spring-web-6.2.11.jar:6.2.11]
	at org.springframework.web.filter.OncePerRequestFilter.doFilter(OncePerRequestFilter.java:116) ~[spring-web-6.2.11.jar:6.2.11]
	at org.apache.catalina.core.ApplicationFilterChain.internalDoFilter(ApplicationFilterChain.java:164) ~[tomcat-embed-core-10.1.46.jar:10.1.46]
	at org.apache.catalina.core.ApplicationFilterChain.doFilter(ApplicationFilterChain.java:140) ~[tomcat-embed-core-10.1.46.jar:10.1.46]
	at org.springframework.web.filter.CharacterEncodingFilter.doFilterInternal(CharacterEncodingFilter.java:201) ~[spring-web-6.2.11.jar:6.2.11]
	at org.springframework.web.filter.OncePerRequestFilter.doFilter(OncePerRequestFilter.java:116) ~[spring-web-6.2.11.jar:6.2.11]
	at org.apache.catalina.core.ApplicationFilterChain.internalDoFilter(ApplicationFilterChain.java:164) ~[tomcat-embed-core-10.1.46.jar:10.1.46]
	at org.apache.catalina.core.ApplicationFilterChain.doFilter(ApplicationFilterChain.java:140) ~[tomcat-embed-core-10.1.46.jar:10.1.46]
	at org.apache.catalina.core.StandardWrapperValve.invoke(StandardWrapperValve.java:167) ~[tomcat-embed-core-10.1.46.jar:10.1.46]
	at org.apache.catalina.core.StandardContextValve.invoke(StandardContextValve.java:90) ~[tomcat-embed-core-10.1.46.jar:10.1.46]
	at org.apache.catalina.authenticator.AuthenticatorBase.invoke(AuthenticatorBase.java:483) ~[tomcat-embed-core-10.1.46.jar:10.1.46]
	at org.apache.catalina.core.StandardHostValve.invoke(StandardHostValve.java:116) ~[tomcat-embed-core-10.1.46.jar:10.1.46]
	at org.apache.catalina.valves.ErrorReportValve.invoke(ErrorReportValve.java:93) ~[tomcat-embed-core-10.1.46.jar:10.1.46]
	at org.apache.catalina.core.StandardEngineValve.invoke(StandardEngineValve.java:74) ~[tomcat-embed-core-10.1.46.jar:10.1.46]
	at org.apache.catalina.connector.CoyoteAdapter.service(CoyoteAdapter.java:344) ~[tomcat-embed-core-10.1.46.jar:10.1.46]
	at org.apache.coyote.http11.Http11Processor.service(Http11Processor.java:398) ~[tomcat-embed-core-10.1.46.jar:10.1.46]
	at org.apache.coyote.AbstractProcessorLight.process(AbstractProcessorLight.java:63) ~[tomcat-embed-core-10.1.46.jar:10.1.46]
	at org.apache.coyote.AbstractProtocol$ConnectionHandler.process(AbstractProtocol.java:903) ~[tomcat-embed-core-10.1.46.jar:10.1.46]
	at org.apache.tomcat.util.net.NioEndpoint$SocketProcessor.doRun(NioEndpoint.java:1776) ~[tomcat-embed-core-10.1.46.jar:10.1.46]
	at org.apache.tomcat.util.net.SocketProcessorBase.run(SocketProcessorBase.java:52) ~[tomcat-embed-core-10.1.46.jar:10.1.46]
	at org.apache.tomcat.util.threads.ThreadPoolExecutor.runWorker(ThreadPoolExecutor.java:975) ~[tomcat-embed-core-10.1.46.jar:10.1.46]
	at org.apache.tomcat.util.threads.ThreadPoolExecutor$Worker.run(ThreadPoolExecutor.java:493) ~[tomcat-embed-core-10.1.46.jar:10.1.46]
	at org.apache.tomcat.util.threads.TaskThread$WrappingRunnable.run(TaskThread.java:63) ~[tomcat-embed-core-10.1.46.jar:10.1.46]
	at java.base/java.lang.Thread.run(Thread.java:842) ~[na:na]

2025-10-28T08:58:59.315Z  WARN 17160 --- [backofficeAPI] [http-nio-8080-exec-1] .m.m.a.ExceptionHandlerExceptionResolver : Resolved [org.springframework.web.servlet.resource.NoResourceFoundException: No static resource favicon.ico.]
2025-10-28T08:59:01.414Z DEBUG 17160 --- [backofficeAPI] [http-nio-8080-exec-2] o.s.security.web.FilterChainProxy        : Securing POST /api/auth/login
2025-10-28T08:59:01.416Z DEBUG 17160 --- [backofficeAPI] [http-nio-8080-exec-2] o.s.s.w.a.AnonymousAuthenticationFilter  : Set SecurityContextHolder to anonymous SecurityContext
2025-10-28T08:59:01.417Z DEBUG 17160 --- [backofficeAPI] [http-nio-8080-exec-2] o.s.security.web.FilterChainProxy        : Secured POST /api/auth/login
2025-10-28T08:59:01.831Z DEBUG 17160 --- [backofficeAPI] [http-nio-8080-exec-3] o.s.security.web.FilterChainProxy        : Securing GET /editor
2025-10-28T08:59:01.874Z DEBUG 17160 --- [backofficeAPI] [http-nio-8080-exec-3] o.s.security.web.FilterChainProxy        : Secured GET /editor
2025-10-28T08:59:01.898Z  WARN 17160 --- [backofficeAPI] [http-nio-8080-exec-3] actStandardFragmentInsertionTagProcessor : [THYMELEAF][http-nio-8080-exec-3][editor] Deprecated unwrapped fragment expression "fragments/header :: header" found in template editor, line 20, col 13. Please use the complete syntax of fragment expressions instead ("~{fragments/header :: header}"). The old, unwrapped syntax for fragment expressions will be removed in future versions of Thymeleaf.
2025-10-28T08:59:01.977Z DEBUG 17160 --- [backofficeAPI] [http-nio-8080-exec-6] o.s.security.web.FilterChainProxy        : Securing GET /styles/layout/header.css
2025-10-28T08:59:01.977Z DEBUG 17160 --- [backofficeAPI] [http-nio-8080-exec-9] o.s.security.web.FilterChainProxy        : Securing GET /styles/components/hero.css
2025-10-28T08:59:01.978Z DEBUG 17160 --- [backofficeAPI] [http-nio-8080-exec-8] o.s.security.web.FilterChainProxy        : Securing GET /styles/layout/footer.css
2025-10-28T08:59:01.983Z DEBUG 17160 --- [backofficeAPI] [http-nio-8080-exec-9] o.s.s.w.a.AnonymousAuthenticationFilter  : Set SecurityContextHolder to anonymous SecurityContext
2025-10-28T08:59:01.984Z DEBUG 17160 --- [backofficeAPI] [http-nio-8080-exec-9] o.s.security.web.FilterChainProxy        : Secured GET /styles/components/hero.css
2025-10-28T08:59:01.984Z DEBUG 17160 --- [backofficeAPI] [http-nio-8080-exec-6] o.s.s.w.a.AnonymousAuthenticationFilter  : Set SecurityContextHolder to anonymous SecurityContext
2025-10-28T08:59:01.985Z DEBUG 17160 --- [backofficeAPI] [http-nio-8080-exec-8] o.s.s.w.a.AnonymousAuthenticationFilter  : Set SecurityContextHolder to anonymous SecurityContext
2025-10-28T08:59:01.986Z DEBUG 17160 --- [backofficeAPI] [http-nio-8080-exec-6] o.s.security.web.FilterChainProxy        : Secured GET /styles/layout/header.css
2025-10-28T08:59:01.986Z DEBUG 17160 --- [backofficeAPI] [http-nio-8080-exec-8] o.s.security.web.FilterChainProxy        : Secured GET /styles/layout/footer.css
2025-10-28T08:59:01.992Z DEBUG 17160 --- [backofficeAPI] [http-nio-8080-exec-5] o.s.security.web.FilterChainProxy        : Securing GET /styles/components/cards.css
2025-10-28T08:59:01.995Z DEBUG 17160 --- [backofficeAPI] [http-nio-8080-exec-5] o.s.s.w.a.AnonymousAuthenticationFilter  : Set SecurityContextHolder to anonymous SecurityContext
2025-10-28T08:59:01.995Z DEBUG 17160 --- [backofficeAPI] [http-nio-8080-exec-10] o.s.security.web.FilterChainProxy        : Securing GET /styles/components/content.css
2025-10-28T08:59:01.998Z DEBUG 17160 --- [backofficeAPI] [http-nio-8080-exec-5] o.s.security.web.FilterChainProxy        : Secured GET /styles/components/cards.css
2025-10-28T08:59:02.002Z DEBUG 17160 --- [backofficeAPI] [http-nio-8080-exec-10] o.s.s.w.a.AnonymousAuthenticationFilter  : Set SecurityContextHolder to anonymous SecurityContext
2025-10-28T08:59:02.003Z DEBUG 17160 --- [backofficeAPI] [http-nio-8080-exec-10] o.s.security.web.FilterChainProxy        : Secured GET /styles/components/content.css
2025-10-28T08:59:02.011Z DEBUG 17160 --- [backofficeAPI] [http-nio-8080-exec-4] o.s.security.web.FilterChainProxy        : Securing GET /styles/base.css
2025-10-28T08:59:02.005Z ERROR 17160 --- [backofficeAPI] [http-nio-8080-exec-5] o.d.b.exception.GlobalExceptionHandler   : Unexpected error occurred

org.springframework.web.servlet.resource.NoResourceFoundException: No static resource styles/components/cards.css.
	at org.springframework.web.servlet.resource.ResourceHttpRequestHandler.handleRequest(ResourceHttpRequestHandler.java:585) ~[spring-webmvc-6.2.11.jar:6.2.11]
	at org.springframework.web.servlet.mvc.HttpRequestHandlerAdapter.handle(HttpRequestHandlerAdapter.java:52) ~[spring-webmvc-6.2.11.jar:6.2.11]
	at org.springframework.web.servlet.DispatcherServlet.doDispatch(DispatcherServlet.java:1089) ~[spring-webmvc-6.2.11.jar:6.2.11]
	at org.springframework.web.servlet.DispatcherServlet.doService(DispatcherServlet.java:979) ~[spring-webmvc-6.2.11.jar:6.2.11]
	at org.springframework.web.servlet.FrameworkServlet.processRequest(FrameworkServlet.java:1014) ~[spring-webmvc-6.2.11.jar:6.2.11]
	at org.springframework.web.servlet.FrameworkServlet.doGet(FrameworkServlet.java:903) ~[spring-webmvc-6.2.11.jar:6.2.11]
	at jakarta.servlet.http.HttpServlet.service(HttpServlet.java:564) ~[tomcat-embed-core-10.1.46.jar:6.0]
	at org.springframework.web.servlet.FrameworkServlet.service(FrameworkServlet.java:885) ~[spring-webmvc-6.2.11.jar:6.2.11]
	at jakarta.servlet.http.HttpServlet.service(HttpServlet.java:658) ~[tomcat-embed-core-10.1.46.jar:6.0]
	at org.apache.catalina.core.ApplicationFilterChain.internalDoFilter(ApplicationFilterChain.java:195) ~[tomcat-embed-core-10.1.46.jar:10.1.46]
	at org.apache.catalina.core.ApplicationFilterChain.doFilter(ApplicationFilterChain.java:140) ~[tomcat-embed-core-10.1.46.jar:10.1.46]
	at org.apache.tomcat.websocket.server.WsFilter.doFilter(WsFilter.java:51) ~[tomcat-embed-websocket-10.1.46.jar:10.1.46]
	at org.apache.catalina.core.ApplicationFilterChain.internalDoFilter(ApplicationFilterChain.java:164) ~[tomcat-embed-core-10.1.46.jar:10.1.46]
	at org.apache.catalina.core.ApplicationFilterChain.doFilter(ApplicationFilterChain.java:140) ~[tomcat-embed-core-10.1.46.jar:10.1.46]
	at org.springframework.web.filter.OncePerRequestFilter.doFilter(OncePerRequestFilter.java:110) ~[spring-web-6.2.11.jar:6.2.11]
	at org.apache.catalina.core.ApplicationFilterChain.internalDoFilter(ApplicationFilterChain.java:164) ~[tomcat-embed-core-10.1.46.jar:10.1.46]
	at org.apache.catalina.core.ApplicationFilterChain.doFilter(ApplicationFilterChain.java:140) ~[tomcat-embed-core-10.1.46.jar:10.1.46]
	at org.springframework.web.filter.CompositeFilter$VirtualFilterChain.doFilter(CompositeFilter.java:108) ~[spring-web-6.2.11.jar:6.2.11]
	at org.springframework.web.filter.CompositeFilter$VirtualFilterChain.doFilter(CompositeFilter.java:108) ~[spring-web-6.2.11.jar:6.2.11]
	at org.springframework.security.web.FilterChainProxy.lambda$doFilterInternal$3(FilterChainProxy.java:231) ~[spring-security-web-6.5.5.jar:6.5.5]
	at org.springframework.security.web.FilterChainProxy$VirtualFilterChain.doFilter(FilterChainProxy.java:365) ~[spring-security-web-6.5.5.jar:6.5.5]
	at org.springframework.security.web.access.intercept.AuthorizationFilter.doFilter(AuthorizationFilter.java:101) ~[spring-security-web-6.5.5.jar:6.5.5]
	at org.springframework.security.web.FilterChainProxy$VirtualFilterChain.doFilter(FilterChainProxy.java:374) ~[spring-security-web-6.5.5.jar:6.5.5]
	at org.springframework.security.web.access.ExceptionTranslationFilter.doFilter(ExceptionTranslationFilter.java:125) ~[spring-security-web-6.5.5.jar:6.5.5]
	at org.springframework.security.web.access.ExceptionTranslationFilter.doFilter(ExceptionTranslationFilter.java:119) ~[spring-security-web-6.5.5.jar:6.5.5]
	at org.springframework.security.web.FilterChainProxy$VirtualFilterChain.doFilter(FilterChainProxy.java:374) ~[spring-security-web-6.5.5.jar:6.5.5]
	at org.springframework.security.web.session.SessionManagementFilter.doFilter(SessionManagementFilter.java:131) ~[spring-security-web-6.5.5.jar:6.5.5]
	at org.springframework.security.web.session.SessionManagementFilter.doFilter(SessionManagementFilter.java:85) ~[spring-security-web-6.5.5.jar:6.5.5]
	at org.springframework.security.web.FilterChainProxy$VirtualFilterChain.doFilter(FilterChainProxy.java:374) ~[spring-security-web-6.5.5.jar:6.5.5]
	at org.springframework.security.web.authentication.AnonymousAuthenticationFilter.doFilter(AnonymousAuthenticationFilter.java:100) ~[spring-security-web-6.5.5.jar:6.5.5]
	at org.springframework.security.web.FilterChainProxy$VirtualFilterChain.doFilter(FilterChainProxy.java:374) ~[spring-security-web-6.5.5.jar:6.5.5]
	at org.springframework.security.web.servletapi.SecurityContextHolderAwareRequestFilter.doFilter(SecurityContextHolderAwareRequestFilter.java:179) ~[spring-security-web-6.5.5.jar:6.5.5]
	at org.springframework.security.web.FilterChainProxy$VirtualFilterChain.doFilter(FilterChainProxy.java:374) ~[spring-security-web-6.5.5.jar:6.5.5]
	at org.springframework.security.web.savedrequest.RequestCacheAwareFilter.doFilter(RequestCacheAwareFilter.java:63) ~[spring-security-web-6.5.5.jar:6.5.5]
	at org.springframework.security.web.FilterChainProxy$VirtualFilterChain.doFilter(FilterChainProxy.java:374) ~[spring-security-web-6.5.5.jar:6.5.5]
	at org.dubini.backofficeAPI.security.JwtFilter.doFilterInternal(JwtFilter.java:56) ~[classes/:na]
	at org.springframework.web.filter.OncePerRequestFilter.doFilter(OncePerRequestFilter.java:116) ~[spring-web-6.2.11.jar:6.2.11]
	at org.springframework.security.web.FilterChainProxy$VirtualFilterChain.doFilter(FilterChainProxy.java:374) ~[spring-security-web-6.5.5.jar:6.5.5]
	at org.springframework.security.web.authentication.logout.LogoutFilter.doFilter(LogoutFilter.java:107) ~[spring-security-web-6.5.5.jar:6.5.5]
	at org.springframework.security.web.authentication.logout.LogoutFilter.doFilter(LogoutFilter.java:93) ~[spring-security-web-6.5.5.jar:6.5.5]
	at org.springframework.security.web.FilterChainProxy$VirtualFilterChain.doFilter(FilterChainProxy.java:374) ~[spring-security-web-6.5.5.jar:6.5.5]
	at org.springframework.security.web.header.HeaderWriterFilter.doHeadersAfter(HeaderWriterFilter.java:90) ~[spring-security-web-6.5.5.jar:6.5.5]
	at org.springframework.security.web.header.HeaderWriterFilter.doFilterInternal(HeaderWriterFilter.java:75) ~[spring-security-web-6.5.5.jar:6.5.5]
	at org.springframework.web.filter.OncePerRequestFilter.doFilter(OncePerRequestFilter.java:116) ~[spring-web-6.2.11.jar:6.2.11]
	at org.springframework.security.web.FilterChainProxy$VirtualFilterChain.doFilter(FilterChainProxy.java:374) ~[spring-security-web-6.5.5.jar:6.5.5]
	at org.springframework.security.web.context.SecurityContextHolderFilter.doFilter(SecurityContextHolderFilter.java:82) ~[spring-security-web-6.5.5.jar:6.5.5]
	at org.springframework.security.web.context.SecurityContextHolderFilter.doFilter(SecurityContextHolderFilter.java:69) ~[spring-security-web-6.5.5.jar:6.5.5]
	at org.springframework.security.web.FilterChainProxy$VirtualFilterChain.doFilter(FilterChainProxy.java:374) ~[spring-security-web-6.5.5.jar:6.5.5]
	at org.springframework.security.web.context.request.async.WebAsyncManagerIntegrationFilter.doFilterInternal(WebAsyncManagerIntegrationFilter.java:62) ~[spring-security-web-6.5.5.jar:6.5.5]
	at org.springframework.web.filter.OncePerRequestFilter.doFilter(OncePerRequestFilter.java:116) ~[spring-web-6.2.11.jar:6.2.11]
	at org.springframework.security.web.FilterChainProxy$VirtualFilterChain.doFilter(FilterChainProxy.java:374) ~[spring-security-web-6.5.5.jar:6.5.5]
	at org.springframework.security.web.session.DisableEncodeUrlFilter.doFilterInternal(DisableEncodeUrlFilter.java:42) ~[spring-security-web-6.5.5.jar:6.5.5]
	at org.springframework.web.filter.OncePerRequestFilter.doFilter(OncePerRequestFilter.java:116) ~[spring-web-6.2.11.jar:6.2.11]
	at org.springframework.security.web.FilterChainProxy$VirtualFilterChain.doFilter(FilterChainProxy.java:374) ~[spring-security-web-6.5.5.jar:6.5.5]
	at org.springframework.security.web.FilterChainProxy.doFilterInternal(FilterChainProxy.java:233) ~[spring-security-web-6.5.5.jar:6.5.5]
	at org.springframework.security.web.FilterChainProxy.doFilter(FilterChainProxy.java:191) ~[spring-security-web-6.5.5.jar:6.5.5]
	at org.springframework.web.filter.CompositeFilter$VirtualFilterChain.doFilter(CompositeFilter.java:113) ~[spring-web-6.2.11.jar:6.2.11]
	at org.springframework.web.filter.ServletRequestPathFilter.doFilter(ServletRequestPathFilter.java:52) ~[spring-web-6.2.11.jar:6.2.11]
	at org.springframework.web.filter.CompositeFilter$VirtualFilterChain.doFilter(CompositeFilter.java:113) ~[spring-web-6.2.11.jar:6.2.11]
	at org.springframework.web.filter.CompositeFilter.doFilter(CompositeFilter.java:74) ~[spring-web-6.2.11.jar:6.2.11]
	at org.springframework.security.config.annotation.web.configuration.WebSecurityConfiguration$CompositeFilterChainProxy.doFilter(WebSecurityConfiguration.java:319) ~[spring-security-config-6.5.5.jar:6.5.5]
	at org.springframework.web.filter.CompositeFilter$VirtualFilterChain.doFilter(CompositeFilter.java:113) ~[spring-web-6.2.11.jar:6.2.11]
	at org.springframework.web.servlet.handler.HandlerMappingIntrospector.lambda$createCacheFilter$4(HandlerMappingIntrospector.java:267) ~[spring-webmvc-6.2.11.jar:6.2.11]
	at org.springframework.web.filter.CompositeFilter$VirtualFilterChain.doFilter(CompositeFilter.java:113) ~[spring-web-6.2.11.jar:6.2.11]
	at org.springframework.web.filter.CompositeFilter.doFilter(CompositeFilter.java:74) ~[spring-web-6.2.11.jar:6.2.11]
	at org.springframework.security.config.annotation.web.configuration.WebMvcSecurityConfiguration$CompositeFilterChainProxy.doFilter(WebMvcSecurityConfiguration.java:240) ~[spring-security-config-6.5.5.jar:6.5.5]
	at org.springframework.web.filter.DelegatingFilterProxy.invokeDelegate(DelegatingFilterProxy.java:362) ~[spring-web-6.2.11.jar:6.2.11]
	at org.springframework.web.filter.DelegatingFilterProxy.doFilter(DelegatingFilterProxy.java:278) ~[spring-web-6.2.11.jar:6.2.11]
	at org.apache.catalina.core.ApplicationFilterChain.internalDoFilter(ApplicationFilterChain.java:164) ~[tomcat-embed-core-10.1.46.jar:10.1.46]
	at org.apache.catalina.core.ApplicationFilterChain.doFilter(ApplicationFilterChain.java:140) ~[tomcat-embed-core-10.1.46.jar:10.1.46]
	at org.springframework.web.filter.RequestContextFilter.doFilterInternal(RequestContextFilter.java:100) ~[spring-web-6.2.11.jar:6.2.11]
	at org.springframework.web.filter.OncePerRequestFilter.doFilter(OncePerRequestFilter.java:116) ~[spring-web-6.2.11.jar:6.2.11]
	at org.apache.catalina.core.ApplicationFilterChain.internalDoFilter(ApplicationFilterChain.java:164) ~[tomcat-embed-core-10.1.46.jar:10.1.46]
	at org.apache.catalina.core.ApplicationFilterChain.doFilter(ApplicationFilterChain.java:140) ~[tomcat-embed-core-10.1.46.jar:10.1.46]
	at org.springframework.web.filter.FormContentFilter.doFilterInternal(FormContentFilter.java:93) ~[spring-web-6.2.11.jar:6.2.11]
	at org.springframework.web.filter.OncePerRequestFilter.doFilter(OncePerRequestFilter.java:116) ~[spring-web-6.2.11.jar:6.2.11]
	at org.apache.catalina.core.ApplicationFilterChain.internalDoFilter(ApplicationFilterChain.java:164) ~[tomcat-embed-core-10.1.46.jar:10.1.46]
	at org.apache.catalina.core.ApplicationFilterChain.doFilter(ApplicationFilterChain.java:140) ~[tomcat-embed-core-10.1.46.jar:10.1.46]
	at org.springframework.web.filter.CharacterEncodingFilter.doFilterInternal(CharacterEncodingFilter.java:201) ~[spring-web-6.2.11.jar:6.2.11]
	at org.springframework.web.filter.OncePerRequestFilter.doFilter(OncePerRequestFilter.java:116) ~[spring-web-6.2.11.jar:6.2.11]
	at org.apache.catalina.core.ApplicationFilterChain.internalDoFilter(ApplicationFilterChain.java:164) ~[tomcat-embed-core-10.1.46.jar:10.1.46]
	at org.apache.catalina.core.ApplicationFilterChain.doFilter(ApplicationFilterChain.java:140) ~[tomcat-embed-core-10.1.46.jar:10.1.46]
	at org.apache.catalina.core.StandardWrapperValve.invoke(StandardWrapperValve.java:167) ~[tomcat-embed-core-10.1.46.jar:10.1.46]
	at org.apache.catalina.core.StandardContextValve.invoke(StandardContextValve.java:90) ~[tomcat-embed-core-10.1.46.jar:10.1.46]
	at org.apache.catalina.authenticator.AuthenticatorBase.invoke(AuthenticatorBase.java:483) ~[tomcat-embed-core-10.1.46.jar:10.1.46]
	at org.apache.catalina.core.StandardHostValve.invoke(StandardHostValve.java:116) ~[tomcat-embed-core-10.1.46.jar:10.1.46]
	at org.apache.catalina.valves.ErrorReportValve.invoke(ErrorReportValve.java:93) ~[tomcat-embed-core-10.1.46.jar:10.1.46]
	at org.apache.catalina.core.StandardEngineValve.invoke(StandardEngineValve.java:74) ~[tomcat-embed-core-10.1.46.jar:10.1.46]
	at org.apache.catalina.connector.CoyoteAdapter.service(CoyoteAdapter.java:344) ~[tomcat-embed-core-10.1.46.jar:10.1.46]
	at org.apache.coyote.http11.Http11Processor.service(Http11Processor.java:398) ~[tomcat-embed-core-10.1.46.jar:10.1.46]
	at org.apache.coyote.AbstractProcessorLight.process(AbstractProcessorLight.java:63) ~[tomcat-embed-core-10.1.46.jar:10.1.46]
	at org.apache.coyote.AbstractProtocol$ConnectionHandler.process(AbstractProtocol.java:903) ~[tomcat-embed-core-10.1.46.jar:10.1.46]
	at org.apache.tomcat.util.net.NioEndpoint$SocketProcessor.doRun(NioEndpoint.java:1776) ~[tomcat-embed-core-10.1.46.jar:10.1.46]
	at org.apache.tomcat.util.net.SocketProcessorBase.run(SocketProcessorBase.java:52) ~[tomcat-embed-core-10.1.46.jar:10.1.46]
	at org.apache.tomcat.util.threads.ThreadPoolExecutor.runWorker(ThreadPoolExecutor.java:975) ~[tomcat-embed-core-10.1.46.jar:10.1.46]
	at org.apache.tomcat.util.threads.ThreadPoolExecutor$Worker.run(ThreadPoolExecutor.java:493) ~[tomcat-embed-core-10.1.46.jar:10.1.46]
	at org.apache.tomcat.util.threads.TaskThread$WrappingRunnable.run(TaskThread.java:63) ~[tomcat-embed-core-10.1.46.jar:10.1.46]
	at java.base/java.lang.Thread.run(Thread.java:842) ~[na:na]

2025-10-28T08:59:02.025Z  WARN 17160 --- [backofficeAPI] [http-nio-8080-exec-5] .m.m.a.ExceptionHandlerExceptionResolver : Resolved [org.springframework.web.servlet.resource.NoResourceFoundException: No static resource styles/components/cards.css.]
2025-10-28T08:59:02.009Z ERROR 17160 --- [backofficeAPI] [http-nio-8080-exec-10] o.d.b.exception.GlobalExceptionHandler   : Unexpected error occurred

org.springframework.web.servlet.resource.NoResourceFoundException: No static resource styles/components/content.css.
	at org.springframework.web.servlet.resource.ResourceHttpRequestHandler.handleRequest(ResourceHttpRequestHandler.java:585) ~[spring-webmvc-6.2.11.jar:6.2.11]
	at org.springframework.web.servlet.mvc.HttpRequestHandlerAdapter.handle(HttpRequestHandlerAdapter.java:52) ~[spring-webmvc-6.2.11.jar:6.2.11]
	at org.springframework.web.servlet.DispatcherServlet.doDispatch(DispatcherServlet.java:1089) ~[spring-webmvc-6.2.11.jar:6.2.11]
	at org.springframework.web.servlet.DispatcherServlet.doService(DispatcherServlet.java:979) ~[spring-webmvc-6.2.11.jar:6.2.11]
	at org.springframework.web.servlet.FrameworkServlet.processRequest(FrameworkServlet.java:1014) ~[spring-webmvc-6.2.11.jar:6.2.11]
	at org.springframework.web.servlet.FrameworkServlet.doGet(FrameworkServlet.java:903) ~[spring-webmvc-6.2.11.jar:6.2.11]
	at jakarta.servlet.http.HttpServlet.service(HttpServlet.java:564) ~[tomcat-embed-core-10.1.46.jar:6.0]
	at org.springframework.web.servlet.FrameworkServlet.service(FrameworkServlet.java:885) ~[spring-webmvc-6.2.11.jar:6.2.11]
	at jakarta.servlet.http.HttpServlet.service(HttpServlet.java:658) ~[tomcat-embed-core-10.1.46.jar:6.0]
	at org.apache.catalina.core.ApplicationFilterChain.internalDoFilter(ApplicationFilterChain.java:195) ~[tomcat-embed-core-10.1.46.jar:10.1.46]
	at org.apache.catalina.core.ApplicationFilterChain.doFilter(ApplicationFilterChain.java:140) ~[tomcat-embed-core-10.1.46.jar:10.1.46]
	at org.apache.tomcat.websocket.server.WsFilter.doFilter(WsFilter.java:51) ~[tomcat-embed-websocket-10.1.46.jar:10.1.46]
	at org.apache.catalina.core.ApplicationFilterChain.internalDoFilter(ApplicationFilterChain.java:164) ~[tomcat-embed-core-10.1.46.jar:10.1.46]
	at org.apache.catalina.core.ApplicationFilterChain.doFilter(ApplicationFilterChain.java:140) ~[tomcat-embed-core-10.1.46.jar:10.1.46]
	at org.springframework.web.filter.OncePerRequestFilter.doFilter(OncePerRequestFilter.java:110) ~[spring-web-6.2.11.jar:6.2.11]
	at org.apache.catalina.core.ApplicationFilterChain.internalDoFilter(ApplicationFilterChain.java:164) ~[tomcat-embed-core-10.1.46.jar:10.1.46]
	at org.apache.catalina.core.ApplicationFilterChain.doFilter(ApplicationFilterChain.java:140) ~[tomcat-embed-core-10.1.46.jar:10.1.46]
	at org.springframework.web.filter.CompositeFilter$VirtualFilterChain.doFilter(CompositeFilter.java:108) ~[spring-web-6.2.11.jar:6.2.11]
	at org.springframework.web.filter.CompositeFilter$VirtualFilterChain.doFilter(CompositeFilter.java:108) ~[spring-web-6.2.11.jar:6.2.11]
	at org.springframework.security.web.FilterChainProxy.lambda$doFilterInternal$3(FilterChainProxy.java:231) ~[spring-security-web-6.5.5.jar:6.5.5]
	at org.springframework.security.web.FilterChainProxy$VirtualFilterChain.doFilter(FilterChainProxy.java:365) ~[spring-security-web-6.5.5.jar:6.5.5]
	at org.springframework.security.web.access.intercept.AuthorizationFilter.doFilter(AuthorizationFilter.java:101) ~[spring-security-web-6.5.5.jar:6.5.5]
	at org.springframework.security.web.FilterChainProxy$VirtualFilterChain.doFilter(FilterChainProxy.java:374) ~[spring-security-web-6.5.5.jar:6.5.5]
	at org.springframework.security.web.access.ExceptionTranslationFilter.doFilter(ExceptionTranslationFilter.java:125) ~[spring-security-web-6.5.5.jar:6.5.5]
	at org.springframework.security.web.access.ExceptionTranslationFilter.doFilter(ExceptionTranslationFilter.java:119) ~[spring-security-web-6.5.5.jar:6.5.5]
	at org.springframework.security.web.FilterChainProxy$VirtualFilterChain.doFilter(FilterChainProxy.java:374) ~[spring-security-web-6.5.5.jar:6.5.5]
	at org.springframework.security.web.session.SessionManagementFilter.doFilter(SessionManagementFilter.java:131) ~[spring-security-web-6.5.5.jar:6.5.5]
	at org.springframework.security.web.session.SessionManagementFilter.doFilter(SessionManagementFilter.java:85) ~[spring-security-web-6.5.5.jar:6.5.5]
	at org.springframework.security.web.FilterChainProxy$VirtualFilterChain.doFilter(FilterChainProxy.java:374) ~[spring-security-web-6.5.5.jar:6.5.5]
	at org.springframework.security.web.authentication.AnonymousAuthenticationFilter.doFilter(AnonymousAuthenticationFilter.java:100) ~[spring-security-web-6.5.5.jar:6.5.5]
	at org.springframework.security.web.FilterChainProxy$VirtualFilterChain.doFilter(FilterChainProxy.java:374) ~[spring-security-web-6.5.5.jar:6.5.5]
	at org.springframework.security.web.servletapi.SecurityContextHolderAwareRequestFilter.doFilter(SecurityContextHolderAwareRequestFilter.java:179) ~[spring-security-web-6.5.5.jar:6.5.5]
	at org.springframework.security.web.FilterChainProxy$VirtualFilterChain.doFilter(FilterChainProxy.java:374) ~[spring-security-web-6.5.5.jar:6.5.5]
	at org.springframework.security.web.savedrequest.RequestCacheAwareFilter.doFilter(RequestCacheAwareFilter.java:63) ~[spring-security-web-6.5.5.jar:6.5.5]
	at org.springframework.security.web.FilterChainProxy$VirtualFilterChain.doFilter(FilterChainProxy.java:374) ~[spring-security-web-6.5.5.jar:6.5.5]
	at org.dubini.backofficeAPI.security.JwtFilter.doFilterInternal(JwtFilter.java:56) ~[classes/:na]
	at org.springframework.web.filter.OncePerRequestFilter.doFilter(OncePerRequestFilter.java:116) ~[spring-web-6.2.11.jar:6.2.11]
	at org.springframework.security.web.FilterChainProxy$VirtualFilterChain.doFilter(FilterChainProxy.java:374) ~[spring-security-web-6.5.5.jar:6.5.5]
	at org.springframework.security.web.authentication.logout.LogoutFilter.doFilter(LogoutFilter.java:107) ~[spring-security-web-6.5.5.jar:6.5.5]
	at org.springframework.security.web.authentication.logout.LogoutFilter.doFilter(LogoutFilter.java:93) ~[spring-security-web-6.5.5.jar:6.5.5]
	at org.springframework.security.web.FilterChainProxy$VirtualFilterChain.doFilter(FilterChainProxy.java:374) ~[spring-security-web-6.5.5.jar:6.5.5]
	at org.springframework.security.web.header.HeaderWriterFilter.doHeadersAfter(HeaderWriterFilter.java:90) ~[spring-security-web-6.5.5.jar:6.5.5]
	at org.springframework.security.web.header.HeaderWriterFilter.doFilterInternal(HeaderWriterFilter.java:75) ~[spring-security-web-6.5.5.jar:6.5.5]
	at org.springframework.web.filter.OncePerRequestFilter.doFilter(OncePerRequestFilter.java:116) ~[spring-web-6.2.11.jar:6.2.11]
	at org.springframework.security.web.FilterChainProxy$VirtualFilterChain.doFilter(FilterChainProxy.java:374) ~[spring-security-web-6.5.5.jar:6.5.5]
	at org.springframework.security.web.context.SecurityContextHolderFilter.doFilter(SecurityContextHolderFilter.java:82) ~[spring-security-web-6.5.5.jar:6.5.5]
	at org.springframework.security.web.context.SecurityContextHolderFilter.doFilter(SecurityContextHolderFilter.java:69) ~[spring-security-web-6.5.5.jar:6.5.5]
	at org.springframework.security.web.FilterChainProxy$VirtualFilterChain.doFilter(FilterChainProxy.java:374) ~[spring-security-web-6.5.5.jar:6.5.5]
	at org.springframework.security.web.context.request.async.WebAsyncManagerIntegrationFilter.doFilterInternal(WebAsyncManagerIntegrationFilter.java:62) ~[spring-security-web-6.5.5.jar:6.5.5]
	at org.springframework.web.filter.OncePerRequestFilter.doFilter(OncePerRequestFilter.java:116) ~[spring-web-6.2.11.jar:6.2.11]
	at org.springframework.security.web.FilterChainProxy$VirtualFilterChain.doFilter(FilterChainProxy.java:374) ~[spring-security-web-6.5.5.jar:6.5.5]
	at org.springframework.security.web.session.DisableEncodeUrlFilter.doFilterInternal(DisableEncodeUrlFilter.java:42) ~[spring-security-web-6.5.5.jar:6.5.5]
	at org.springframework.web.filter.OncePerRequestFilter.doFilter(OncePerRequestFilter.java:116) ~[spring-web-6.2.11.jar:6.2.11]
	at org.springframework.security.web.FilterChainProxy$VirtualFilterChain.doFilter(FilterChainProxy.java:374) ~[spring-security-web-6.5.5.jar:6.5.5]
	at org.springframework.security.web.FilterChainProxy.doFilterInternal(FilterChainProxy.java:233) ~[spring-security-web-6.5.5.jar:6.5.5]
	at org.springframework.security.web.FilterChainProxy.doFilter(FilterChainProxy.java:191) ~[spring-security-web-6.5.5.jar:6.5.5]
	at org.springframework.web.filter.CompositeFilter$VirtualFilterChain.doFilter(CompositeFilter.java:113) ~[spring-web-6.2.11.jar:6.2.11]
	at org.springframework.web.filter.ServletRequestPathFilter.doFilter(ServletRequestPathFilter.java:52) ~[spring-web-6.2.11.jar:6.2.11]
	at org.springframework.web.filter.CompositeFilter$VirtualFilterChain.doFilter(CompositeFilter.java:113) ~[spring-web-6.2.11.jar:6.2.11]
	at org.springframework.web.filter.CompositeFilter.doFilter(CompositeFilter.java:74) ~[spring-web-6.2.11.jar:6.2.11]
	at org.springframework.security.config.annotation.web.configuration.WebSecurityConfiguration$CompositeFilterChainProxy.doFilter(WebSecurityConfiguration.java:319) ~[spring-security-config-6.5.5.jar:6.5.5]
	at org.springframework.web.filter.CompositeFilter$VirtualFilterChain.doFilter(CompositeFilter.java:113) ~[spring-web-6.2.11.jar:6.2.11]
	at org.springframework.web.servlet.handler.HandlerMappingIntrospector.lambda$createCacheFilter$4(HandlerMappingIntrospector.java:267) ~[spring-webmvc-6.2.11.jar:6.2.11]
	at org.springframework.web.filter.CompositeFilter$VirtualFilterChain.doFilter(CompositeFilter.java:113) ~[spring-web-6.2.11.jar:6.2.11]
	at org.springframework.web.filter.CompositeFilter.doFilter(CompositeFilter.java:74) ~[spring-web-6.2.11.jar:6.2.11]
	at org.springframework.security.config.annotation.web.configuration.WebMvcSecurityConfiguration$CompositeFilterChainProxy.doFilter(WebMvcSecurityConfiguration.java:240) ~[spring-security-config-6.5.5.jar:6.5.5]
	at org.springframework.web.filter.DelegatingFilterProxy.invokeDelegate(DelegatingFilterProxy.java:362) ~[spring-web-6.2.11.jar:6.2.11]
	at org.springframework.web.filter.DelegatingFilterProxy.doFilter(DelegatingFilterProxy.java:278) ~[spring-web-6.2.11.jar:6.2.11]
	at org.apache.catalina.core.ApplicationFilterChain.internalDoFilter(ApplicationFilterChain.java:164) ~[tomcat-embed-core-10.1.46.jar:10.1.46]
	at org.apache.catalina.core.ApplicationFilterChain.doFilter(ApplicationFilterChain.java:140) ~[tomcat-embed-core-10.1.46.jar:10.1.46]
	at org.springframework.web.filter.RequestContextFilter.doFilterInternal(RequestContextFilter.java:100) ~[spring-web-6.2.11.jar:6.2.11]
	at org.springframework.web.filter.OncePerRequestFilter.doFilter(OncePerRequestFilter.java:116) ~[spring-web-6.2.11.jar:6.2.11]
	at org.apache.catalina.core.ApplicationFilterChain.internalDoFilter(ApplicationFilterChain.java:164) ~[tomcat-embed-core-10.1.46.jar:10.1.46]
	at org.apache.catalina.core.ApplicationFilterChain.doFilter(ApplicationFilterChain.java:140) ~[tomcat-embed-core-10.1.46.jar:10.1.46]
	at org.springframework.web.filter.FormContentFilter.doFilterInternal(FormContentFilter.java:93) ~[spring-web-6.2.11.jar:6.2.11]
	at org.springframework.web.filter.OncePerRequestFilter.doFilter(OncePerRequestFilter.java:116) ~[spring-web-6.2.11.jar:6.2.11]
	at org.apache.catalina.core.ApplicationFilterChain.internalDoFilter(ApplicationFilterChain.java:164) ~[tomcat-embed-core-10.1.46.jar:10.1.46]
	at org.apache.catalina.core.ApplicationFilterChain.doFilter(ApplicationFilterChain.java:140) ~[tomcat-embed-core-10.1.46.jar:10.1.46]
	at org.springframework.web.filter.CharacterEncodingFilter.doFilterInternal(CharacterEncodingFilter.java:201) ~[spring-web-6.2.11.jar:6.2.11]
	at org.springframework.web.filter.OncePerRequestFilter.doFilter(OncePerRequestFilter.java:116) ~[spring-web-6.2.11.jar:6.2.11]
	at org.apache.catalina.core.ApplicationFilterChain.internalDoFilter(ApplicationFilterChain.java:164) ~[tomcat-embed-core-10.1.46.jar:10.1.46]
	at org.apache.catalina.core.ApplicationFilterChain.doFilter(ApplicationFilterChain.java:140) ~[tomcat-embed-core-10.1.46.jar:10.1.46]
	at org.apache.catalina.core.StandardWrapperValve.invoke(StandardWrapperValve.java:167) ~[tomcat-embed-core-10.1.46.jar:10.1.46]
	at org.apache.catalina.core.StandardContextValve.invoke(StandardContextValve.java:90) ~[tomcat-embed-core-10.1.46.jar:10.1.46]
	at org.apache.catalina.authenticator.AuthenticatorBase.invoke(AuthenticatorBase.java:483) ~[tomcat-embed-core-10.1.46.jar:10.1.46]
	at org.apache.catalina.core.StandardHostValve.invoke(StandardHostValve.java:116) ~[tomcat-embed-core-10.1.46.jar:10.1.46]
	at org.apache.catalina.valves.ErrorReportValve.invoke(ErrorReportValve.java:93) ~[tomcat-embed-core-10.1.46.jar:10.1.46]
	at org.apache.catalina.core.StandardEngineValve.invoke(StandardEngineValve.java:74) ~[tomcat-embed-core-10.1.46.jar:10.1.46]
	at org.apache.catalina.connector.CoyoteAdapter.service(CoyoteAdapter.java:344) ~[tomcat-embed-core-10.1.46.jar:10.1.46]
	at org.apache.coyote.http11.Http11Processor.service(Http11Processor.java:398) ~[tomcat-embed-core-10.1.46.jar:10.1.46]
	at org.apache.coyote.AbstractProcessorLight.process(AbstractProcessorLight.java:63) ~[tomcat-embed-core-10.1.46.jar:10.1.46]
	at org.apache.coyote.AbstractProtocol$ConnectionHandler.process(AbstractProtocol.java:903) ~[tomcat-embed-core-10.1.46.jar:10.1.46]
	at org.apache.tomcat.util.net.NioEndpoint$SocketProcessor.doRun(NioEndpoint.java:1776) ~[tomcat-embed-core-10.1.46.jar:10.1.46]
	at org.apache.tomcat.util.net.SocketProcessorBase.run(SocketProcessorBase.java:52) ~[tomcat-embed-core-10.1.46.jar:10.1.46]
	at org.apache.tomcat.util.threads.ThreadPoolExecutor.runWorker(ThreadPoolExecutor.java:975) ~[tomcat-embed-core-10.1.46.jar:10.1.46]
	at org.apache.tomcat.util.threads.ThreadPoolExecutor$Worker.run(ThreadPoolExecutor.java:493) ~[tomcat-embed-core-10.1.46.jar:10.1.46]
	at org.apache.tomcat.util.threads.TaskThread$WrappingRunnable.run(TaskThread.java:63) ~[tomcat-embed-core-10.1.46.jar:10.1.46]
	at java.base/java.lang.Thread.run(Thread.java:842) ~[na:na]

2025-10-28T08:59:02.037Z DEBUG 17160 --- [backofficeAPI] [http-nio-8080-exec-4] o.s.s.w.a.AnonymousAuthenticationFilter  : Set SecurityContextHolder to anonymous SecurityContext
2025-10-28T08:59:02.037Z  WARN 17160 --- [backofficeAPI] [http-nio-8080-exec-10] .m.m.a.ExceptionHandlerExceptionResolver : Resolved [org.springframework.web.servlet.resource.NoResourceFoundException: No static resource styles/components/content.css.]
2025-10-28T08:59:02.039Z DEBUG 17160 --- [backofficeAPI] [http-nio-8080-exec-4] o.s.security.web.FilterChainProxy        : Secured GET /styles/base.css
2025-10-28T08:59:02.042Z DEBUG 17160 --- [backofficeAPI] [http-nio-8080-exec-7] o.s.security.web.FilterChainProxy        : Securing GET /scripts/script.js
2025-10-28T08:59:02.050Z DEBUG 17160 --- [backofficeAPI] [http-nio-8080-exec-7] o.s.s.w.a.AnonymousAuthenticationFilter  : Set SecurityContextHolder to anonymous SecurityContext
2025-10-28T08:59:02.052Z DEBUG 17160 --- [backofficeAPI] [http-nio-8080-exec-7] o.s.security.web.FilterChainProxy        : Secured GET /scripts/script.js
2025-10-28T08:59:02.059Z DEBUG 17160 --- [backofficeAPI] [http-nio-8080-exec-1] o.s.security.web.FilterChainProxy        : Securing GET /assets/logo.png
2025-10-28T08:59:02.061Z DEBUG 17160 --- [backofficeAPI] [http-nio-8080-exec-1] o.s.s.w.a.AnonymousAuthenticationFilter  : Set SecurityContextHolder to anonymous SecurityContext
2025-10-28T08:59:02.066Z DEBUG 17160 --- [backofficeAPI] [http-nio-8080-exec-1] o.s.security.web.FilterChainProxy        : Secured GET /assets/logo.png
2025-10-28T08:59:02.078Z DEBUG 17160 --- [backofficeAPI] [http-nio-8080-exec-3] o.s.security.web.FilterChainProxy        : Securing GET /assets/navmenu.png
2025-10-28T08:59:02.078Z DEBUG 17160 --- [backofficeAPI] [http-nio-8080-exec-2] o.s.security.web.FilterChainProxy        : Securing GET /assets/background.png
2025-10-28T08:59:02.085Z DEBUG 17160 --- [backofficeAPI] [http-nio-8080-exec-6] o.s.security.web.FilterChainProxy        : Securing GET /assets/example3.png
2025-10-28T08:59:02.086Z DEBUG 17160 --- [backofficeAPI] [http-nio-8080-exec-3] o.s.s.w.a.AnonymousAuthenticationFilter  : Set SecurityContextHolder to anonymous SecurityContext
2025-10-28T08:59:02.087Z DEBUG 17160 --- [backofficeAPI] [http-nio-8080-exec-2] o.s.s.w.a.AnonymousAuthenticationFilter  : Set SecurityContextHolder to anonymous SecurityContext
2025-10-28T08:59:02.088Z DEBUG 17160 --- [backofficeAPI] [http-nio-8080-exec-3] o.s.security.web.FilterChainProxy        : Secured GET /assets/navmenu.png
2025-10-28T08:59:02.088Z DEBUG 17160 --- [backofficeAPI] [http-nio-8080-exec-2] o.s.security.web.FilterChainProxy        : Secured GET /assets/background.png
2025-10-28T08:59:02.089Z DEBUG 17160 --- [backofficeAPI] [http-nio-8080-exec-6] o.s.s.w.a.AnonymousAuthenticationFilter  : Set SecurityContextHolder to anonymous SecurityContext
2025-10-28T08:59:02.089Z DEBUG 17160 --- [backofficeAPI] [http-nio-8080-exec-6] o.s.security.web.FilterChainProxy        : Secured GET /assets/example3.png
2025-10-28T08:59:08.788Z DEBUG 17160 --- [backofficeAPI] [http-nio-8080-exec-8] o.s.security.web.FilterChainProxy        : Securing GET /editor/noticias
2025-10-28T08:59:08.837Z DEBUG 17160 --- [backofficeAPI] [http-nio-8080-exec-8] o.s.security.web.FilterChainProxy        : Secured GET /editor/noticias
2025-10-28T08:59:08.904Z  WARN 17160 --- [backofficeAPI] [http-nio-8080-exec-8] actStandardFragmentInsertionTagProcessor : [THYMELEAF][http-nio-8080-exec-8][news] Deprecated unwrapped fragment expression "fragments/header :: header" found in template news, line 18, col 8. Please use the complete syntax of fragment expressions instead ("~{fragments/header :: header}"). The old, unwrapped syntax for fragment expressions will be removed in future versions of Thymeleaf.
2025-10-28T08:59:09.181Z DEBUG 17160 --- [backofficeAPI] [http-nio-8080-exec-9] o.s.security.web.FilterChainProxy        : Securing GET /styles/layout/header.css
2025-10-28T08:59:09.186Z DEBUG 17160 --- [backofficeAPI] [http-nio-8080-exec-5] o.s.security.web.FilterChainProxy        : Securing GET /styles/layout/footer.css
2025-10-28T08:59:09.192Z DEBUG 17160 --- [backofficeAPI] [http-nio-8080-exec-10] o.s.security.web.FilterChainProxy        : Securing GET /styles/base.css
2025-10-28T08:59:09.192Z DEBUG 17160 --- [backofficeAPI] [http-nio-8080-exec-4] o.s.security.web.FilterChainProxy        : Securing GET /styles/login.css
2025-10-28T08:59:09.221Z DEBUG 17160 --- [backofficeAPI] [http-nio-8080-exec-1] o.s.security.web.FilterChainProxy        : Securing GET /scripts/script.js
2025-10-28T08:59:09.234Z DEBUG 17160 --- [backofficeAPI] [http-nio-8080-exec-7] o.s.security.web.FilterChainProxy        : Securing GET /styles/news.css
2025-10-28T08:59:09.238Z DEBUG 17160 --- [backofficeAPI] [http-nio-8080-exec-10] o.s.s.w.a.AnonymousAuthenticationFilter  : Set SecurityContextHolder to anonymous SecurityContext
2025-10-28T08:59:09.238Z DEBUG 17160 --- [backofficeAPI] [http-nio-8080-exec-9] o.s.s.w.a.AnonymousAuthenticationFilter  : Set SecurityContextHolder to anonymous SecurityContext
2025-10-28T08:59:09.239Z DEBUG 17160 --- [backofficeAPI] [http-nio-8080-exec-4] o.s.s.w.a.AnonymousAuthenticationFilter  : Set SecurityContextHolder to anonymous SecurityContext
2025-10-28T08:59:09.245Z DEBUG 17160 --- [backofficeAPI] [http-nio-8080-exec-7] o.s.s.w.a.AnonymousAuthenticationFilter  : Set SecurityContextHolder to anonymous SecurityContext
2025-10-28T08:59:09.243Z DEBUG 17160 --- [backofficeAPI] [http-nio-8080-exec-10] o.s.security.web.FilterChainProxy        : Secured GET /styles/base.css
2025-10-28T08:59:09.248Z DEBUG 17160 --- [backofficeAPI] [http-nio-8080-exec-1] o.s.s.w.a.AnonymousAuthenticationFilter  : Set SecurityContextHolder to anonymous SecurityContext
2025-10-28T08:59:09.247Z DEBUG 17160 --- [backofficeAPI] [http-nio-8080-exec-9] o.s.security.web.FilterChainProxy        : Secured GET /styles/layout/header.css
2025-10-28T08:59:09.250Z DEBUG 17160 --- [backofficeAPI] [http-nio-8080-exec-1] o.s.security.web.FilterChainProxy        : Secured GET /scripts/script.js
2025-10-28T08:59:09.248Z DEBUG 17160 --- [backofficeAPI] [http-nio-8080-exec-5] o.s.s.w.a.AnonymousAuthenticationFilter  : Set SecurityContextHolder to anonymous SecurityContext
2025-10-28T08:59:09.249Z DEBUG 17160 --- [backofficeAPI] [http-nio-8080-exec-4] o.s.security.web.FilterChainProxy        : Secured GET /styles/login.css
2025-10-28T08:59:09.249Z DEBUG 17160 --- [backofficeAPI] [http-nio-8080-exec-7] o.s.security.web.FilterChainProxy        : Secured GET /styles/news.css
2025-10-28T08:59:09.253Z DEBUG 17160 --- [backofficeAPI] [http-nio-8080-exec-5] o.s.security.web.FilterChainProxy        : Secured GET /styles/layout/footer.css
2025-10-28T08:59:09.286Z DEBUG 17160 --- [backofficeAPI] [http-nio-8080-exec-2] o.s.security.web.FilterChainProxy        : Securing GET /scripts/pages/news.js
2025-10-28T08:59:09.288Z DEBUG 17160 --- [backofficeAPI] [http-nio-8080-exec-2] o.s.s.w.a.AnonymousAuthenticationFilter  : Set SecurityContextHolder to anonymous SecurityContext
2025-10-28T08:59:09.289Z DEBUG 17160 --- [backofficeAPI] [http-nio-8080-exec-2] o.s.security.web.FilterChainProxy        : Secured GET /scripts/pages/news.js
2025-10-28T08:59:09.299Z DEBUG 17160 --- [backofficeAPI] [http-nio-8080-exec-3] o.s.security.web.FilterChainProxy        : Securing GET /assets/logo.png
2025-10-28T08:59:09.301Z DEBUG 17160 --- [backofficeAPI] [http-nio-8080-exec-3] o.s.s.w.a.AnonymousAuthenticationFilter  : Set SecurityContextHolder to anonymous SecurityContext
2025-10-28T08:59:09.302Z DEBUG 17160 --- [backofficeAPI] [http-nio-8080-exec-3] o.s.security.web.FilterChainProxy        : Secured GET /assets/logo.png
2025-10-28T08:59:09.304Z DEBUG 17160 --- [backofficeAPI] [http-nio-8080-exec-6] o.s.security.web.FilterChainProxy        : Securing GET /assets/background.png
2025-10-28T08:59:09.305Z DEBUG 17160 --- [backofficeAPI] [http-nio-8080-exec-8] o.s.security.web.FilterChainProxy        : Securing GET /assets/navmenu.png
2025-10-28T08:59:09.314Z DEBUG 17160 --- [backofficeAPI] [http-nio-8080-exec-6] o.s.s.w.a.AnonymousAuthenticationFilter  : Set SecurityContextHolder to anonymous SecurityContext
2025-10-28T08:59:09.315Z DEBUG 17160 --- [backofficeAPI] [http-nio-8080-exec-8] o.s.s.w.a.AnonymousAuthenticationFilter  : Set SecurityContextHolder to anonymous SecurityContext
2025-10-28T08:59:09.316Z DEBUG 17160 --- [backofficeAPI] [http-nio-8080-exec-8] o.s.security.web.FilterChainProxy        : Secured GET /assets/navmenu.png
2025-10-28T08:59:09.316Z DEBUG 17160 --- [backofficeAPI] [http-nio-8080-exec-6] o.s.security.web.FilterChainProxy        : Secured GET /assets/background.png
2025-10-28T08:59:09.343Z DEBUG 17160 --- [backofficeAPI] [http-nio-8080-exec-9] o.s.security.web.FilterChainProxy        : Securing GET /scripts/api/newsService.js
2025-10-28T08:59:09.349Z DEBUG 17160 --- [backofficeAPI] [http-nio-8080-exec-9] o.s.s.w.a.AnonymousAuthenticationFilter  : Set SecurityContextHolder to anonymous SecurityContext
2025-10-28T08:59:09.349Z DEBUG 17160 --- [backofficeAPI] [http-nio-8080-exec-9] o.s.security.web.FilterChainProxy        : Secured GET /scripts/api/newsService.js
2025-10-28T08:59:09.483Z DEBUG 17160 --- [backofficeAPI] [http-nio-8080-exec-10] o.s.security.web.FilterChainProxy        : Securing GET /api/news
2025-10-28T08:59:09.487Z DEBUG 17160 --- [backofficeAPI] [http-nio-8080-exec-10] o.s.security.web.FilterChainProxy        : Secured GET /api/news
2025-10-28T08:59:09.489Z DEBUG 17160 --- [backofficeAPI] [http-nio-8080-exec-10] o.d.b.controller.NewsController          : GET request to retrieve all news
2025-10-28T08:59:09.489Z DEBUG 17160 --- [backofficeAPI] [http-nio-8080-exec-10] o.d.backofficeAPI.service.NewsService    : Retrieving all news
2025-10-28T08:59:09.503Z DEBUG 17160 --- [backofficeAPI] [http-nio-8080-exec-10] o.d.backofficeAPI.service.NewsService    : Retrieved 3 news articles
2025-10-28T08:59:09.520Z DEBUG 17160 --- [backofficeAPI] [http-nio-8080-exec-1] o.s.security.web.FilterChainProxy        : Securing GET /images/2300169f-2fe7-465f-8024-eca33233c427.webp
2025-10-28T08:59:09.520Z DEBUG 17160 --- [backofficeAPI] [http-nio-8080-exec-4] o.s.security.web.FilterChainProxy        : Securing GET /favicon.ico
2025-10-28T08:59:09.522Z DEBUG 17160 --- [backofficeAPI] [http-nio-8080-exec-1] o.s.s.w.a.AnonymousAuthenticationFilter  : Set SecurityContextHolder to anonymous SecurityContext
2025-10-28T08:59:09.522Z DEBUG 17160 --- [backofficeAPI] [http-nio-8080-exec-4] o.s.s.w.a.AnonymousAuthenticationFilter  : Set SecurityContextHolder to anonymous SecurityContext
2025-10-28T08:59:09.522Z DEBUG 17160 --- [backofficeAPI] [http-nio-8080-exec-1] o.s.security.web.FilterChainProxy        : Secured GET /images/2300169f-2fe7-465f-8024-eca33233c427.webp
2025-10-28T08:59:09.522Z DEBUG 17160 --- [backofficeAPI] [http-nio-8080-exec-4] o.s.security.web.FilterChainProxy        : Secured GET /favicon.ico
2025-10-28T08:59:09.532Z ERROR 17160 --- [backofficeAPI] [http-nio-8080-exec-4] o.d.b.exception.GlobalExceptionHandler   : Unexpected error occurred

org.springframework.web.servlet.resource.NoResourceFoundException: No static resource favicon.ico.
	at org.springframework.web.servlet.resource.ResourceHttpRequestHandler.handleRequest(ResourceHttpRequestHandler.java:585) ~[spring-webmvc-6.2.11.jar:6.2.11]
	at org.springframework.web.servlet.mvc.HttpRequestHandlerAdapter.handle(HttpRequestHandlerAdapter.java:52) ~[spring-webmvc-6.2.11.jar:6.2.11]
	at org.springframework.web.servlet.DispatcherServlet.doDispatch(DispatcherServlet.java:1089) ~[spring-webmvc-6.2.11.jar:6.2.11]
	at org.springframework.web.servlet.DispatcherServlet.doService(DispatcherServlet.java:979) ~[spring-webmvc-6.2.11.jar:6.2.11]
	at org.springframework.web.servlet.FrameworkServlet.processRequest(FrameworkServlet.java:1014) ~[spring-webmvc-6.2.11.jar:6.2.11]
	at org.springframework.web.servlet.FrameworkServlet.doGet(FrameworkServlet.java:903) ~[spring-webmvc-6.2.11.jar:6.2.11]
	at jakarta.servlet.http.HttpServlet.service(HttpServlet.java:564) ~[tomcat-embed-core-10.1.46.jar:6.0]
	at org.springframework.web.servlet.FrameworkServlet.service(FrameworkServlet.java:885) ~[spring-webmvc-6.2.11.jar:6.2.11]
	at jakarta.servlet.http.HttpServlet.service(HttpServlet.java:658) ~[tomcat-embed-core-10.1.46.jar:6.0]
	at org.apache.catalina.core.ApplicationFilterChain.internalDoFilter(ApplicationFilterChain.java:195) ~[tomcat-embed-core-10.1.46.jar:10.1.46]
	at org.apache.catalina.core.ApplicationFilterChain.doFilter(ApplicationFilterChain.java:140) ~[tomcat-embed-core-10.1.46.jar:10.1.46]
	at org.apache.tomcat.websocket.server.WsFilter.doFilter(WsFilter.java:51) ~[tomcat-embed-websocket-10.1.46.jar:10.1.46]
	at org.apache.catalina.core.ApplicationFilterChain.internalDoFilter(ApplicationFilterChain.java:164) ~[tomcat-embed-core-10.1.46.jar:10.1.46]
	at org.apache.catalina.core.ApplicationFilterChain.doFilter(ApplicationFilterChain.java:140) ~[tomcat-embed-core-10.1.46.jar:10.1.46]
	at org.springframework.web.filter.OncePerRequestFilter.doFilter(OncePerRequestFilter.java:110) ~[spring-web-6.2.11.jar:6.2.11]
	at org.apache.catalina.core.ApplicationFilterChain.internalDoFilter(ApplicationFilterChain.java:164) ~[tomcat-embed-core-10.1.46.jar:10.1.46]
	at org.apache.catalina.core.ApplicationFilterChain.doFilter(ApplicationFilterChain.java:140) ~[tomcat-embed-core-10.1.46.jar:10.1.46]
	at org.springframework.web.filter.CompositeFilter$VirtualFilterChain.doFilter(CompositeFilter.java:108) ~[spring-web-6.2.11.jar:6.2.11]
	at org.springframework.web.filter.CompositeFilter$VirtualFilterChain.doFilter(CompositeFilter.java:108) ~[spring-web-6.2.11.jar:6.2.11]
	at org.springframework.security.web.FilterChainProxy.lambda$doFilterInternal$3(FilterChainProxy.java:231) ~[spring-security-web-6.5.5.jar:6.5.5]
	at org.springframework.security.web.FilterChainProxy$VirtualFilterChain.doFilter(FilterChainProxy.java:365) ~[spring-security-web-6.5.5.jar:6.5.5]
	at org.springframework.security.web.access.intercept.AuthorizationFilter.doFilter(AuthorizationFilter.java:101) ~[spring-security-web-6.5.5.jar:6.5.5]
	at org.springframework.security.web.FilterChainProxy$VirtualFilterChain.doFilter(FilterChainProxy.java:374) ~[spring-security-web-6.5.5.jar:6.5.5]
	at org.springframework.security.web.access.ExceptionTranslationFilter.doFilter(ExceptionTranslationFilter.java:125) ~[spring-security-web-6.5.5.jar:6.5.5]
	at org.springframework.security.web.access.ExceptionTranslationFilter.doFilter(ExceptionTranslationFilter.java:119) ~[spring-security-web-6.5.5.jar:6.5.5]
	at org.springframework.security.web.FilterChainProxy$VirtualFilterChain.doFilter(FilterChainProxy.java:374) ~[spring-security-web-6.5.5.jar:6.5.5]
	at org.springframework.security.web.session.SessionManagementFilter.doFilter(SessionManagementFilter.java:131) ~[spring-security-web-6.5.5.jar:6.5.5]
	at org.springframework.security.web.session.SessionManagementFilter.doFilter(SessionManagementFilter.java:85) ~[spring-security-web-6.5.5.jar:6.5.5]
	at org.springframework.security.web.FilterChainProxy$VirtualFilterChain.doFilter(FilterChainProxy.java:374) ~[spring-security-web-6.5.5.jar:6.5.5]
	at org.springframework.security.web.authentication.AnonymousAuthenticationFilter.doFilter(AnonymousAuthenticationFilter.java:100) ~[spring-security-web-6.5.5.jar:6.5.5]
	at org.springframework.security.web.FilterChainProxy$VirtualFilterChain.doFilter(FilterChainProxy.java:374) ~[spring-security-web-6.5.5.jar:6.5.5]
	at org.springframework.security.web.servletapi.SecurityContextHolderAwareRequestFilter.doFilter(SecurityContextHolderAwareRequestFilter.java:179) ~[spring-security-web-6.5.5.jar:6.5.5]
	at org.springframework.security.web.FilterChainProxy$VirtualFilterChain.doFilter(FilterChainProxy.java:374) ~[spring-security-web-6.5.5.jar:6.5.5]
	at org.springframework.security.web.savedrequest.RequestCacheAwareFilter.doFilter(RequestCacheAwareFilter.java:63) ~[spring-security-web-6.5.5.jar:6.5.5]
	at org.springframework.security.web.FilterChainProxy$VirtualFilterChain.doFilter(FilterChainProxy.java:374) ~[spring-security-web-6.5.5.jar:6.5.5]
	at org.dubini.backofficeAPI.security.JwtFilter.doFilterInternal(JwtFilter.java:56) ~[classes/:na]
	at org.springframework.web.filter.OncePerRequestFilter.doFilter(OncePerRequestFilter.java:116) ~[spring-web-6.2.11.jar:6.2.11]
	at org.springframework.security.web.FilterChainProxy$VirtualFilterChain.doFilter(FilterChainProxy.java:374) ~[spring-security-web-6.5.5.jar:6.5.5]
	at org.springframework.security.web.authentication.logout.LogoutFilter.doFilter(LogoutFilter.java:107) ~[spring-security-web-6.5.5.jar:6.5.5]
	at org.springframework.security.web.authentication.logout.LogoutFilter.doFilter(LogoutFilter.java:93) ~[spring-security-web-6.5.5.jar:6.5.5]
	at org.springframework.security.web.FilterChainProxy$VirtualFilterChain.doFilter(FilterChainProxy.java:374) ~[spring-security-web-6.5.5.jar:6.5.5]
	at org.springframework.security.web.header.HeaderWriterFilter.doHeadersAfter(HeaderWriterFilter.java:90) ~[spring-security-web-6.5.5.jar:6.5.5]
	at org.springframework.security.web.header.HeaderWriterFilter.doFilterInternal(HeaderWriterFilter.java:75) ~[spring-security-web-6.5.5.jar:6.5.5]
	at org.springframework.web.filter.OncePerRequestFilter.doFilter(OncePerRequestFilter.java:116) ~[spring-web-6.2.11.jar:6.2.11]
	at org.springframework.security.web.FilterChainProxy$VirtualFilterChain.doFilter(FilterChainProxy.java:374) ~[spring-security-web-6.5.5.jar:6.5.5]
	at org.springframework.security.web.context.SecurityContextHolderFilter.doFilter(SecurityContextHolderFilter.java:82) ~[spring-security-web-6.5.5.jar:6.5.5]
	at org.springframework.security.web.context.SecurityContextHolderFilter.doFilter(SecurityContextHolderFilter.java:69) ~[spring-security-web-6.5.5.jar:6.5.5]
	at org.springframework.security.web.FilterChainProxy$VirtualFilterChain.doFilter(FilterChainProxy.java:374) ~[spring-security-web-6.5.5.jar:6.5.5]
	at org.springframework.security.web.context.request.async.WebAsyncManagerIntegrationFilter.doFilterInternal(WebAsyncManagerIntegrationFilter.java:62) ~[spring-security-web-6.5.5.jar:6.5.5]
	at org.springframework.web.filter.OncePerRequestFilter.doFilter(OncePerRequestFilter.java:116) ~[spring-web-6.2.11.jar:6.2.11]
	at org.springframework.security.web.FilterChainProxy$VirtualFilterChain.doFilter(FilterChainProxy.java:374) ~[spring-security-web-6.5.5.jar:6.5.5]
	at org.springframework.security.web.session.DisableEncodeUrlFilter.doFilterInternal(DisableEncodeUrlFilter.java:42) ~[spring-security-web-6.5.5.jar:6.5.5]
	at org.springframework.web.filter.OncePerRequestFilter.doFilter(OncePerRequestFilter.java:116) ~[spring-web-6.2.11.jar:6.2.11]
	at org.springframework.security.web.FilterChainProxy$VirtualFilterChain.doFilter(FilterChainProxy.java:374) ~[spring-security-web-6.5.5.jar:6.5.5]
	at org.springframework.security.web.FilterChainProxy.doFilterInternal(FilterChainProxy.java:233) ~[spring-security-web-6.5.5.jar:6.5.5]
	at org.springframework.security.web.FilterChainProxy.doFilter(FilterChainProxy.java:191) ~[spring-security-web-6.5.5.jar:6.5.5]
	at org.springframework.web.filter.CompositeFilter$VirtualFilterChain.doFilter(CompositeFilter.java:113) ~[spring-web-6.2.11.jar:6.2.11]
	at org.springframework.web.filter.ServletRequestPathFilter.doFilter(ServletRequestPathFilter.java:52) ~[spring-web-6.2.11.jar:6.2.11]
	at org.springframework.web.filter.CompositeFilter$VirtualFilterChain.doFilter(CompositeFilter.java:113) ~[spring-web-6.2.11.jar:6.2.11]
	at org.springframework.web.filter.CompositeFilter.doFilter(CompositeFilter.java:74) ~[spring-web-6.2.11.jar:6.2.11]
	at org.springframework.security.config.annotation.web.configuration.WebSecurityConfiguration$CompositeFilterChainProxy.doFilter(WebSecurityConfiguration.java:319) ~[spring-security-config-6.5.5.jar:6.5.5]
	at org.springframework.web.filter.CompositeFilter$VirtualFilterChain.doFilter(CompositeFilter.java:113) ~[spring-web-6.2.11.jar:6.2.11]
	at org.springframework.web.servlet.handler.HandlerMappingIntrospector.lambda$createCacheFilter$4(HandlerMappingIntrospector.java:267) ~[spring-webmvc-6.2.11.jar:6.2.11]
	at org.springframework.web.filter.CompositeFilter$VirtualFilterChain.doFilter(CompositeFilter.java:113) ~[spring-web-6.2.11.jar:6.2.11]
	at org.springframework.web.filter.CompositeFilter.doFilter(CompositeFilter.java:74) ~[spring-web-6.2.11.jar:6.2.11]
	at org.springframework.security.config.annotation.web.configuration.WebMvcSecurityConfiguration$CompositeFilterChainProxy.doFilter(WebMvcSecurityConfiguration.java:240) ~[spring-security-config-6.5.5.jar:6.5.5]
	at org.springframework.web.filter.DelegatingFilterProxy.invokeDelegate(DelegatingFilterProxy.java:362) ~[spring-web-6.2.11.jar:6.2.11]
	at org.springframework.web.filter.DelegatingFilterProxy.doFilter(DelegatingFilterProxy.java:278) ~[spring-web-6.2.11.jar:6.2.11]
	at org.apache.catalina.core.ApplicationFilterChain.internalDoFilter(ApplicationFilterChain.java:164) ~[tomcat-embed-core-10.1.46.jar:10.1.46]
	at org.apache.catalina.core.ApplicationFilterChain.doFilter(ApplicationFilterChain.java:140) ~[tomcat-embed-core-10.1.46.jar:10.1.46]
	at org.springframework.web.filter.RequestContextFilter.doFilterInternal(RequestContextFilter.java:100) ~[spring-web-6.2.11.jar:6.2.11]
	at org.springframework.web.filter.OncePerRequestFilter.doFilter(OncePerRequestFilter.java:116) ~[spring-web-6.2.11.jar:6.2.11]
	at org.apache.catalina.core.ApplicationFilterChain.internalDoFilter(ApplicationFilterChain.java:164) ~[tomcat-embed-core-10.1.46.jar:10.1.46]
	at org.apache.catalina.core.ApplicationFilterChain.doFilter(ApplicationFilterChain.java:140) ~[tomcat-embed-core-10.1.46.jar:10.1.46]
	at org.springframework.web.filter.FormContentFilter.doFilterInternal(FormContentFilter.java:93) ~[spring-web-6.2.11.jar:6.2.11]
	at org.springframework.web.filter.OncePerRequestFilter.doFilter(OncePerRequestFilter.java:116) ~[spring-web-6.2.11.jar:6.2.11]
	at org.apache.catalina.core.ApplicationFilterChain.internalDoFilter(ApplicationFilterChain.java:164) ~[tomcat-embed-core-10.1.46.jar:10.1.46]
	at org.apache.catalina.core.ApplicationFilterChain.doFilter(ApplicationFilterChain.java:140) ~[tomcat-embed-core-10.1.46.jar:10.1.46]
	at org.springframework.web.filter.CharacterEncodingFilter.doFilterInternal(CharacterEncodingFilter.java:201) ~[spring-web-6.2.11.jar:6.2.11]
	at org.springframework.web.filter.OncePerRequestFilter.doFilter(OncePerRequestFilter.java:116) ~[spring-web-6.2.11.jar:6.2.11]
	at org.apache.catalina.core.ApplicationFilterChain.internalDoFilter(ApplicationFilterChain.java:164) ~[tomcat-embed-core-10.1.46.jar:10.1.46]
	at org.apache.catalina.core.ApplicationFilterChain.doFilter(ApplicationFilterChain.java:140) ~[tomcat-embed-core-10.1.46.jar:10.1.46]
	at org.apache.catalina.core.StandardWrapperValve.invoke(StandardWrapperValve.java:167) ~[tomcat-embed-core-10.1.46.jar:10.1.46]
	at org.apache.catalina.core.StandardContextValve.invoke(StandardContextValve.java:90) ~[tomcat-embed-core-10.1.46.jar:10.1.46]
	at org.apache.catalina.authenticator.AuthenticatorBase.invoke(AuthenticatorBase.java:483) ~[tomcat-embed-core-10.1.46.jar:10.1.46]
	at org.apache.catalina.core.StandardHostValve.invoke(StandardHostValve.java:116) ~[tomcat-embed-core-10.1.46.jar:10.1.46]
	at org.apache.catalina.valves.ErrorReportValve.invoke(ErrorReportValve.java:93) ~[tomcat-embed-core-10.1.46.jar:10.1.46]
	at org.apache.catalina.core.StandardEngineValve.invoke(StandardEngineValve.java:74) ~[tomcat-embed-core-10.1.46.jar:10.1.46]
	at org.apache.catalina.connector.CoyoteAdapter.service(CoyoteAdapter.java:344) ~[tomcat-embed-core-10.1.46.jar:10.1.46]
	at org.apache.coyote.http11.Http11Processor.service(Http11Processor.java:398) ~[tomcat-embed-core-10.1.46.jar:10.1.46]
	at org.apache.coyote.AbstractProcessorLight.process(AbstractProcessorLight.java:63) ~[tomcat-embed-core-10.1.46.jar:10.1.46]
	at org.apache.coyote.AbstractProtocol$ConnectionHandler.process(AbstractProtocol.java:903) ~[tomcat-embed-core-10.1.46.jar:10.1.46]
	at org.apache.tomcat.util.net.NioEndpoint$SocketProcessor.doRun(NioEndpoint.java:1776) ~[tomcat-embed-core-10.1.46.jar:10.1.46]
	at org.apache.tomcat.util.net.SocketProcessorBase.run(SocketProcessorBase.java:52) ~[tomcat-embed-core-10.1.46.jar:10.1.46]
	at org.apache.tomcat.util.threads.ThreadPoolExecutor.runWorker(ThreadPoolExecutor.java:975) ~[tomcat-embed-core-10.1.46.jar:10.1.46]
	at org.apache.tomcat.util.threads.ThreadPoolExecutor$Worker.run(ThreadPoolExecutor.java:493) ~[tomcat-embed-core-10.1.46.jar:10.1.46]
	at org.apache.tomcat.util.threads.TaskThread$WrappingRunnable.run(TaskThread.java:63) ~[tomcat-embed-core-10.1.46.jar:10.1.46]
	at java.base/java.lang.Thread.run(Thread.java:842) ~[na:na]

2025-10-28T08:59:09.551Z  WARN 17160 --- [backofficeAPI] [http-nio-8080-exec-4] .m.m.a.ExceptionHandlerExceptionResolver : Resolved [org.springframework.web.servlet.resource.NoResourceFoundException: No static resource favicon.ico.]
2025-10-28T08:59:16.123Z DEBUG 17160 --- [backofficeAPI] [http-nio-8080-exec-5] o.s.security.web.FilterChainProxy        : Securing POST /api/news
2025-10-28T08:59:16.152Z DEBUG 17160 --- [backofficeAPI] [http-nio-8080-exec-5] o.s.security.web.FilterChainProxy        : Secured POST /api/news
2025-10-28T08:59:16.166Z DEBUG 17160 --- [backofficeAPI] [http-nio-8080-exec-5] o.d.b.controller.NewsController          : POST request to create new news article
2025-10-28T08:59:16.168Z DEBUG 17160 --- [backofficeAPI] [http-nio-8080-exec-5] o.d.backofficeAPI.service.NewsService    : Saving new news: adasd
2025-10-28T08:59:16.198Z  INFO 17160 --- [backofficeAPI] [http-nio-8080-exec-5] o.d.backofficeAPI.service.NewsService    : News saved successfully: adasd
2025-10-28T08:59:16.474Z DEBUG 17160 --- [backofficeAPI] [http-nio-8080-exec-7] o.s.security.web.FilterChainProxy        : Securing GET /api/news
2025-10-28T08:59:16.477Z DEBUG 17160 --- [backofficeAPI] [http-nio-8080-exec-7] o.s.security.web.FilterChainProxy        : Secured GET /api/news
2025-10-28T08:59:16.478Z DEBUG 17160 --- [backofficeAPI] [http-nio-8080-exec-7] o.d.b.controller.NewsController          : GET request to retrieve all news
2025-10-28T08:59:16.478Z DEBUG 17160 --- [backofficeAPI] [http-nio-8080-exec-7] o.d.backofficeAPI.service.NewsService    : Retrieving all news
2025-10-28T08:59:16.482Z DEBUG 17160 --- [backofficeAPI] [http-nio-8080-exec-7] o.d.backofficeAPI.service.NewsService    : Retrieved 3 news articles
2025-10-28T08:59:16.599Z DEBUG 17160 --- [backofficeAPI] [http-nio-8080-exec-2] o.s.security.web.FilterChainProxy        : Securing GET /api/cache/news/clear
2025-10-28T08:59:16.605Z DEBUG 17160 --- [backofficeAPI] [http-nio-8080-exec-2] o.s.security.web.FilterChainProxy        : Secured GET /api/cache/news/clear
2025-10-28T08:59:16.614Z ERROR 17160 --- [backofficeAPI] [http-nio-8080-exec-2] o.d.b.exception.GlobalExceptionHandler   : Unexpected error occurred

org.springframework.web.servlet.resource.NoResourceFoundException: No static resource api/cache/news/clear.
	at org.springframework.web.servlet.resource.ResourceHttpRequestHandler.handleRequest(ResourceHttpRequestHandler.java:585) ~[spring-webmvc-6.2.11.jar:6.2.11]
	at org.springframework.web.servlet.mvc.HttpRequestHandlerAdapter.handle(HttpRequestHandlerAdapter.java:52) ~[spring-webmvc-6.2.11.jar:6.2.11]
	at org.springframework.web.servlet.DispatcherServlet.doDispatch(DispatcherServlet.java:1089) ~[spring-webmvc-6.2.11.jar:6.2.11]
	at org.springframework.web.servlet.DispatcherServlet.doService(DispatcherServlet.java:979) ~[spring-webmvc-6.2.11.jar:6.2.11]
	at org.springframework.web.servlet.FrameworkServlet.processRequest(FrameworkServlet.java:1014) ~[spring-webmvc-6.2.11.jar:6.2.11]
	at org.springframework.web.servlet.FrameworkServlet.doGet(FrameworkServlet.java:903) ~[spring-webmvc-6.2.11.jar:6.2.11]
	at jakarta.servlet.http.HttpServlet.service(HttpServlet.java:564) ~[tomcat-embed-core-10.1.46.jar:6.0]
	at org.springframework.web.servlet.FrameworkServlet.service(FrameworkServlet.java:885) ~[spring-webmvc-6.2.11.jar:6.2.11]
	at jakarta.servlet.http.HttpServlet.service(HttpServlet.java:658) ~[tomcat-embed-core-10.1.46.jar:6.0]
	at org.apache.catalina.core.ApplicationFilterChain.internalDoFilter(ApplicationFilterChain.java:195) ~[tomcat-embed-core-10.1.46.jar:10.1.46]
	at org.apache.catalina.core.ApplicationFilterChain.doFilter(ApplicationFilterChain.java:140) ~[tomcat-embed-core-10.1.46.jar:10.1.46]
	at org.apache.tomcat.websocket.server.WsFilter.doFilter(WsFilter.java:51) ~[tomcat-embed-websocket-10.1.46.jar:10.1.46]
	at org.apache.catalina.core.ApplicationFilterChain.internalDoFilter(ApplicationFilterChain.java:164) ~[tomcat-embed-core-10.1.46.jar:10.1.46]
	at org.apache.catalina.core.ApplicationFilterChain.doFilter(ApplicationFilterChain.java:140) ~[tomcat-embed-core-10.1.46.jar:10.1.46]
	at org.springframework.web.filter.OncePerRequestFilter.doFilter(OncePerRequestFilter.java:110) ~[spring-web-6.2.11.jar:6.2.11]
	at org.apache.catalina.core.ApplicationFilterChain.internalDoFilter(ApplicationFilterChain.java:164) ~[tomcat-embed-core-10.1.46.jar:10.1.46]
	at org.apache.catalina.core.ApplicationFilterChain.doFilter(ApplicationFilterChain.java:140) ~[tomcat-embed-core-10.1.46.jar:10.1.46]
	at org.springframework.web.filter.CompositeFilter$VirtualFilterChain.doFilter(CompositeFilter.java:108) ~[spring-web-6.2.11.jar:6.2.11]
	at org.springframework.web.filter.CompositeFilter$VirtualFilterChain.doFilter(CompositeFilter.java:108) ~[spring-web-6.2.11.jar:6.2.11]
	at org.springframework.security.web.FilterChainProxy.lambda$doFilterInternal$3(FilterChainProxy.java:231) ~[spring-security-web-6.5.5.jar:6.5.5]
	at org.springframework.security.web.FilterChainProxy$VirtualFilterChain.doFilter(FilterChainProxy.java:365) ~[spring-security-web-6.5.5.jar:6.5.5]
	at org.springframework.security.web.access.intercept.AuthorizationFilter.doFilter(AuthorizationFilter.java:101) ~[spring-security-web-6.5.5.jar:6.5.5]
	at org.springframework.security.web.FilterChainProxy$VirtualFilterChain.doFilter(FilterChainProxy.java:374) ~[spring-security-web-6.5.5.jar:6.5.5]
	at org.springframework.security.web.access.ExceptionTranslationFilter.doFilter(ExceptionTranslationFilter.java:125) ~[spring-security-web-6.5.5.jar:6.5.5]
	at org.springframework.security.web.access.ExceptionTranslationFilter.doFilter(ExceptionTranslationFilter.java:119) ~[spring-security-web-6.5.5.jar:6.5.5]
	at org.springframework.security.web.FilterChainProxy$VirtualFilterChain.doFilter(FilterChainProxy.java:374) ~[spring-security-web-6.5.5.jar:6.5.5]
	at org.springframework.security.web.session.SessionManagementFilter.doFilter(SessionManagementFilter.java:131) ~[spring-security-web-6.5.5.jar:6.5.5]
	at org.springframework.security.web.session.SessionManagementFilter.doFilter(SessionManagementFilter.java:85) ~[spring-security-web-6.5.5.jar:6.5.5]
	at org.springframework.security.web.FilterChainProxy$VirtualFilterChain.doFilter(FilterChainProxy.java:374) ~[spring-security-web-6.5.5.jar:6.5.5]
	at org.springframework.security.web.authentication.AnonymousAuthenticationFilter.doFilter(AnonymousAuthenticationFilter.java:100) ~[spring-security-web-6.5.5.jar:6.5.5]
	at org.springframework.security.web.FilterChainProxy$VirtualFilterChain.doFilter(FilterChainProxy.java:374) ~[spring-security-web-6.5.5.jar:6.5.5]
	at org.springframework.security.web.servletapi.SecurityContextHolderAwareRequestFilter.doFilter(SecurityContextHolderAwareRequestFilter.java:179) ~[spring-security-web-6.5.5.jar:6.5.5]
	at org.springframework.security.web.FilterChainProxy$VirtualFilterChain.doFilter(FilterChainProxy.java:374) ~[spring-security-web-6.5.5.jar:6.5.5]
	at org.springframework.security.web.savedrequest.RequestCacheAwareFilter.doFilter(RequestCacheAwareFilter.java:63) ~[spring-security-web-6.5.5.jar:6.5.5]
	at org.springframework.security.web.FilterChainProxy$VirtualFilterChain.doFilter(FilterChainProxy.java:374) ~[spring-security-web-6.5.5.jar:6.5.5]
	at org.dubini.backofficeAPI.security.JwtFilter.doFilterInternal(JwtFilter.java:110) ~[classes/:na]
	at org.springframework.web.filter.OncePerRequestFilter.doFilter(OncePerRequestFilter.java:116) ~[spring-web-6.2.11.jar:6.2.11]
	at org.springframework.security.web.FilterChainProxy$VirtualFilterChain.doFilter(FilterChainProxy.java:374) ~[spring-security-web-6.5.5.jar:6.5.5]
	at org.springframework.security.web.authentication.logout.LogoutFilter.doFilter(LogoutFilter.java:107) ~[spring-security-web-6.5.5.jar:6.5.5]
	at org.springframework.security.web.authentication.logout.LogoutFilter.doFilter(LogoutFilter.java:93) ~[spring-security-web-6.5.5.jar:6.5.5]
	at org.springframework.security.web.FilterChainProxy$VirtualFilterChain.doFilter(FilterChainProxy.java:374) ~[spring-security-web-6.5.5.jar:6.5.5]
	at org.springframework.security.web.header.HeaderWriterFilter.doHeadersAfter(HeaderWriterFilter.java:90) ~[spring-security-web-6.5.5.jar:6.5.5]
	at org.springframework.security.web.header.HeaderWriterFilter.doFilterInternal(HeaderWriterFilter.java:75) ~[spring-security-web-6.5.5.jar:6.5.5]
	at org.springframework.web.filter.OncePerRequestFilter.doFilter(OncePerRequestFilter.java:116) ~[spring-web-6.2.11.jar:6.2.11]
	at org.springframework.security.web.FilterChainProxy$VirtualFilterChain.doFilter(FilterChainProxy.java:374) ~[spring-security-web-6.5.5.jar:6.5.5]
	at org.springframework.security.web.context.SecurityContextHolderFilter.doFilter(SecurityContextHolderFilter.java:82) ~[spring-security-web-6.5.5.jar:6.5.5]
	at org.springframework.security.web.context.SecurityContextHolderFilter.doFilter(SecurityContextHolderFilter.java:69) ~[spring-security-web-6.5.5.jar:6.5.5]
	at org.springframework.security.web.FilterChainProxy$VirtualFilterChain.doFilter(FilterChainProxy.java:374) ~[spring-security-web-6.5.5.jar:6.5.5]
	at org.springframework.security.web.context.request.async.WebAsyncManagerIntegrationFilter.doFilterInternal(WebAsyncManagerIntegrationFilter.java:62) ~[spring-security-web-6.5.5.jar:6.5.5]
	at org.springframework.web.filter.OncePerRequestFilter.doFilter(OncePerRequestFilter.java:116) ~[spring-web-6.2.11.jar:6.2.11]
	at org.springframework.security.web.FilterChainProxy$VirtualFilterChain.doFilter(FilterChainProxy.java:374) ~[spring-security-web-6.5.5.jar:6.5.5]
	at org.springframework.security.web.session.DisableEncodeUrlFilter.doFilterInternal(DisableEncodeUrlFilter.java:42) ~[spring-security-web-6.5.5.jar:6.5.5]
	at org.springframework.web.filter.OncePerRequestFilter.doFilter(OncePerRequestFilter.java:116) ~[spring-web-6.2.11.jar:6.2.11]
	at org.springframework.security.web.FilterChainProxy$VirtualFilterChain.doFilter(FilterChainProxy.java:374) ~[spring-security-web-6.5.5.jar:6.5.5]
	at org.springframework.security.web.FilterChainProxy.doFilterInternal(FilterChainProxy.java:233) ~[spring-security-web-6.5.5.jar:6.5.5]
	at org.springframework.security.web.FilterChainProxy.doFilter(FilterChainProxy.java:191) ~[spring-security-web-6.5.5.jar:6.5.5]
	at org.springframework.web.filter.CompositeFilter$VirtualFilterChain.doFilter(CompositeFilter.java:113) ~[spring-web-6.2.11.jar:6.2.11]
	at org.springframework.web.filter.ServletRequestPathFilter.doFilter(ServletRequestPathFilter.java:52) ~[spring-web-6.2.11.jar:6.2.11]
	at org.springframework.web.filter.CompositeFilter$VirtualFilterChain.doFilter(CompositeFilter.java:113) ~[spring-web-6.2.11.jar:6.2.11]
	at org.springframework.web.filter.CompositeFilter.doFilter(CompositeFilter.java:74) ~[spring-web-6.2.11.jar:6.2.11]
	at org.springframework.security.config.annotation.web.configuration.WebSecurityConfiguration$CompositeFilterChainProxy.doFilter(WebSecurityConfiguration.java:319) ~[spring-security-config-6.5.5.jar:6.5.5]
	at org.springframework.web.filter.CompositeFilter$VirtualFilterChain.doFilter(CompositeFilter.java:113) ~[spring-web-6.2.11.jar:6.2.11]
	at org.springframework.web.servlet.handler.HandlerMappingIntrospector.lambda$createCacheFilter$4(HandlerMappingIntrospector.java:267) ~[spring-webmvc-6.2.11.jar:6.2.11]
	at org.springframework.web.filter.CompositeFilter$VirtualFilterChain.doFilter(CompositeFilter.java:113) ~[spring-web-6.2.11.jar:6.2.11]
	at org.springframework.web.filter.CompositeFilter.doFilter(CompositeFilter.java:74) ~[spring-web-6.2.11.jar:6.2.11]
	at org.springframework.security.config.annotation.web.configuration.WebMvcSecurityConfiguration$CompositeFilterChainProxy.doFilter(WebMvcSecurityConfiguration.java:240) ~[spring-security-config-6.5.5.jar:6.5.5]
	at org.springframework.web.filter.DelegatingFilterProxy.invokeDelegate(DelegatingFilterProxy.java:362) ~[spring-web-6.2.11.jar:6.2.11]
	at org.springframework.web.filter.DelegatingFilterProxy.doFilter(DelegatingFilterProxy.java:278) ~[spring-web-6.2.11.jar:6.2.11]
	at org.apache.catalina.core.ApplicationFilterChain.internalDoFilter(ApplicationFilterChain.java:164) ~[tomcat-embed-core-10.1.46.jar:10.1.46]
	at org.apache.catalina.core.ApplicationFilterChain.doFilter(ApplicationFilterChain.java:140) ~[tomcat-embed-core-10.1.46.jar:10.1.46]
	at org.springframework.web.filter.RequestContextFilter.doFilterInternal(RequestContextFilter.java:100) ~[spring-web-6.2.11.jar:6.2.11]
	at org.springframework.web.filter.OncePerRequestFilter.doFilter(OncePerRequestFilter.java:116) ~[spring-web-6.2.11.jar:6.2.11]
	at org.apache.catalina.core.ApplicationFilterChain.internalDoFilter(ApplicationFilterChain.java:164) ~[tomcat-embed-core-10.1.46.jar:10.1.46]
	at org.apache.catalina.core.ApplicationFilterChain.doFilter(ApplicationFilterChain.java:140) ~[tomcat-embed-core-10.1.46.jar:10.1.46]
	at org.springframework.web.filter.FormContentFilter.doFilterInternal(FormContentFilter.java:93) ~[spring-web-6.2.11.jar:6.2.11]
	at org.springframework.web.filter.OncePerRequestFilter.doFilter(OncePerRequestFilter.java:116) ~[spring-web-6.2.11.jar:6.2.11]
	at org.apache.catalina.core.ApplicationFilterChain.internalDoFilter(ApplicationFilterChain.java:164) ~[tomcat-embed-core-10.1.46.jar:10.1.46]
	at org.apache.catalina.core.ApplicationFilterChain.doFilter(ApplicationFilterChain.java:140) ~[tomcat-embed-core-10.1.46.jar:10.1.46]
	at org.springframework.web.filter.CharacterEncodingFilter.doFilterInternal(CharacterEncodingFilter.java:201) ~[spring-web-6.2.11.jar:6.2.11]
	at org.springframework.web.filter.OncePerRequestFilter.doFilter(OncePerRequestFilter.java:116) ~[spring-web-6.2.11.jar:6.2.11]
	at org.apache.catalina.core.ApplicationFilterChain.internalDoFilter(ApplicationFilterChain.java:164) ~[tomcat-embed-core-10.1.46.jar:10.1.46]
	at org.apache.catalina.core.ApplicationFilterChain.doFilter(ApplicationFilterChain.java:140) ~[tomcat-embed-core-10.1.46.jar:10.1.46]
	at org.apache.catalina.core.StandardWrapperValve.invoke(StandardWrapperValve.java:167) ~[tomcat-embed-core-10.1.46.jar:10.1.46]
	at org.apache.catalina.core.StandardContextValve.invoke(StandardContextValve.java:90) ~[tomcat-embed-core-10.1.46.jar:10.1.46]
	at org.apache.catalina.authenticator.AuthenticatorBase.invoke(AuthenticatorBase.java:483) ~[tomcat-embed-core-10.1.46.jar:10.1.46]
	at org.apache.catalina.core.StandardHostValve.invoke(StandardHostValve.java:116) ~[tomcat-embed-core-10.1.46.jar:10.1.46]
	at org.apache.catalina.valves.ErrorReportValve.invoke(ErrorReportValve.java:93) ~[tomcat-embed-core-10.1.46.jar:10.1.46]
	at org.apache.catalina.core.StandardEngineValve.invoke(StandardEngineValve.java:74) ~[tomcat-embed-core-10.1.46.jar:10.1.46]
	at org.apache.catalina.connector.CoyoteAdapter.service(CoyoteAdapter.java:344) ~[tomcat-embed-core-10.1.46.jar:10.1.46]
	at org.apache.coyote.http11.Http11Processor.service(Http11Processor.java:398) ~[tomcat-embed-core-10.1.46.jar:10.1.46]
	at org.apache.coyote.AbstractProcessorLight.process(AbstractProcessorLight.java:63) ~[tomcat-embed-core-10.1.46.jar:10.1.46]
	at org.apache.coyote.AbstractProtocol$ConnectionHandler.process(AbstractProtocol.java:903) ~[tomcat-embed-core-10.1.46.jar:10.1.46]
	at org.apache.tomcat.util.net.NioEndpoint$SocketProcessor.doRun(NioEndpoint.java:1776) ~[tomcat-embed-core-10.1.46.jar:10.1.46]
	at org.apache.tomcat.util.net.SocketProcessorBase.run(SocketProcessorBase.java:52) ~[tomcat-embed-core-10.1.46.jar:10.1.46]
	at org.apache.tomcat.util.threads.ThreadPoolExecutor.runWorker(ThreadPoolExecutor.java:975) ~[tomcat-embed-core-10.1.46.jar:10.1.46]
	at org.apache.tomcat.util.threads.ThreadPoolExecutor$Worker.run(ThreadPoolExecutor.java:493) ~[tomcat-embed-core-10.1.46.jar:10.1.46]
	at org.apache.tomcat.util.threads.TaskThread$WrappingRunnable.run(TaskThread.java:63) ~[tomcat-embed-core-10.1.46.jar:10.1.46]
	at java.base/java.lang.Thread.run(Thread.java:842) ~[na:na]

2025-10-28T08:59:16.634Z  WARN 17160 --- [backofficeAPI] [http-nio-8080-exec-2] .m.m.a.ExceptionHandlerExceptionResolver : Resolved [org.springframework.web.servlet.resource.NoResourceFoundException: No static resource api/cache/news/clear.]
2025-10-28T08:59:16.734Z ERROR 17160 --- [backofficeAPI] [reactor-http-nio-2] o.d.b.service.CacheInvalidatorService    : Error invalidating news cache

java.lang.RuntimeException: Error del servidor al invalidar la caché de noticias
	at org.dubini.backofficeAPI.client.CacheInvalidationClient.lambda$invalidateNewsCache$0(CacheInvalidationClient.java:26) ~[classes/:na]
	Suppressed: reactor.core.publisher.FluxOnAssembly$OnAssemblyException: 
Error has been observed at the following site(s):
	*__checkpoint ? 500 INTERNAL_SERVER_ERROR from GET http://localhost:8080/api/cache/news/clear [DefaultWebClient]
Original Stack Trace:
		at org.dubini.backofficeAPI.client.CacheInvalidationClient.lambda$invalidateNewsCache$0(CacheInvalidationClient.java:26) ~[classes/:na]
		at org.springframework.web.reactive.function.client.DefaultWebClient$DefaultResponseSpec$StatusHandler.apply(DefaultWebClient.java:731) ~[spring-webflux-6.2.11.jar:6.2.11]
		at org.springframework.web.reactive.function.client.DefaultWebClient$DefaultResponseSpec.applyStatusHandlers(DefaultWebClient.java:696) ~[spring-webflux-6.2.11.jar:6.2.11]
		at org.springframework.web.reactive.function.client.DefaultWebClient$DefaultResponseSpec.handleBodyMono(DefaultWebClient.java:665) ~[spring-webflux-6.2.11.jar:6.2.11]
		at org.springframework.web.reactive.function.client.DefaultWebClient$DefaultResponseSpec.lambda$bodyToMono$2(DefaultWebClient.java:583) ~[spring-webflux-6.2.11.jar:6.2.11]
		at reactor.core.publisher.MonoFlatMap$FlatMapMain.onNext(MonoFlatMap.java:132) ~[reactor-core-3.7.11.jar:3.7.11]
		at reactor.core.publisher.FluxContextWrite$ContextWriteSubscriber.onNext(FluxContextWrite.java:107) ~[reactor-core-3.7.11.jar:3.7.11]
		at reactor.core.publisher.FluxDoFinally$DoFinallySubscriber.onNext(FluxDoFinally.java:113) ~[reactor-core-3.7.11.jar:3.7.11]
		at reactor.core.publisher.MonoPeekTerminal$MonoTerminalPeekSubscriber.onNext(MonoPeekTerminal.java:180) ~[reactor-core-3.7.11.jar:3.7.11]
		at reactor.core.publisher.FluxPeekFuseable$PeekConditionalSubscriber.onNext(FluxPeekFuseable.java:854) ~[reactor-core-3.7.11.jar:3.7.11]
		at reactor.core.publisher.FluxSwitchIfEmpty$SwitchIfEmptySubscriber.onNext(FluxSwitchIfEmpty.java:74) ~[reactor-core-3.7.11.jar:3.7.11]
		at reactor.core.publisher.FluxMap$MapSubscriber.onNext(FluxMap.java:122) ~[reactor-core-3.7.11.jar:3.7.11]
		at reactor.core.publisher.FluxOnErrorResume$ResumeSubscriber.onNext(FluxOnErrorResume.java:79) ~[reactor-core-3.7.11.jar:3.7.11]
		at reactor.core.publisher.FluxPeek$PeekSubscriber.onNext(FluxPeek.java:200) ~[reactor-core-3.7.11.jar:3.7.11]
		at reactor.core.publisher.FluxPeek$PeekSubscriber.onNext(FluxPeek.java:200) ~[reactor-core-3.7.11.jar:3.7.11]
		at reactor.core.publisher.FluxPeek$PeekSubscriber.onNext(FluxPeek.java:200) ~[reactor-core-3.7.11.jar:3.7.11]
		at reactor.core.publisher.MonoNext$NextSubscriber.onNext(MonoNext.java:82) ~[reactor-core-3.7.11.jar:3.7.11]
		at reactor.core.publisher.MonoFlatMapMany$FlatMapManyInner.onNext(MonoFlatMapMany.java:251) ~[reactor-core-3.7.11.jar:3.7.11]
		at reactor.core.publisher.FluxContextWrite$ContextWriteSubscriber.onNext(FluxContextWrite.java:107) ~[reactor-core-3.7.11.jar:3.7.11]
		at reactor.core.publisher.Operators$ScalarSubscription.request(Operators.java:2570) ~[reactor-core-3.7.11.jar:3.7.11]
		at reactor.core.publisher.FluxContextWrite$ContextWriteSubscriber.request(FluxContextWrite.java:136) ~[reactor-core-3.7.11.jar:3.7.11]
		at reactor.core.publisher.MonoFlatMapMany$FlatMapManyMain.onSubscribeInner(MonoFlatMapMany.java:150) ~[reactor-core-3.7.11.jar:3.7.11]
		at reactor.core.publisher.MonoFlatMapMany$FlatMapManyInner.onSubscribe(MonoFlatMapMany.java:246) ~[reactor-core-3.7.11.jar:3.7.11]
		at reactor.core.publisher.FluxContextWrite$ContextWriteSubscriber.onSubscribe(FluxContextWrite.java:101) ~[reactor-core-3.7.11.jar:3.7.11]
		at reactor.core.publisher.FluxJust.subscribe(FluxJust.java:68) ~[reactor-core-3.7.11.jar:3.7.11]
		at reactor.core.publisher.Flux.subscribe(Flux.java:8891) ~[reactor-core-3.7.11.jar:3.7.11]
		at reactor.core.publisher.MonoFlatMapMany$FlatMapManyMain.onNext(MonoFlatMapMany.java:196) ~[reactor-core-3.7.11.jar:3.7.11]
		at reactor.core.publisher.SerializedSubscriber.onNext(SerializedSubscriber.java:99) ~[reactor-core-3.7.11.jar:3.7.11]
		at reactor.core.publisher.FluxRetryWhen$RetryWhenMainSubscriber.onNext(FluxRetryWhen.java:178) ~[reactor-core-3.7.11.jar:3.7.11]
		at reactor.core.publisher.MonoCreate$DefaultMonoSink.success(MonoCreate.java:176) ~[reactor-core-3.7.11.jar:3.7.11]
		at reactor.netty.http.client.HttpClientConnect$HttpIOHandlerObserver.onStateChange(HttpClientConnect.java:449) ~[reactor-netty-http-1.2.10.jar:1.2.10]
		at reactor.netty.ReactorNetty$CompositeConnectionObserver.onStateChange(ReactorNetty.java:722) ~[reactor-netty-core-1.2.10.jar:1.2.10]
		at reactor.netty.resources.DefaultPooledConnectionProvider$DisposableAcquire.onStateChange(DefaultPooledConnectionProvider.java:207) ~[reactor-netty-core-1.2.10.jar:1.2.10]
		at reactor.netty.resources.DefaultPooledConnectionProvider$PooledConnection.onStateChange(DefaultPooledConnectionProvider.java:468) ~[reactor-netty-core-1.2.10.jar:1.2.10]
		at reactor.netty.http.client.HttpClientOperations.onInboundNext(HttpClientOperations.java:762) ~[reactor-netty-http-1.2.10.jar:1.2.10]
		at reactor.netty.channel.ChannelOperationsHandler.channelRead(ChannelOperationsHandler.java:115) ~[reactor-netty-core-1.2.10.jar:1.2.10]
		at io.netty.channel.AbstractChannelHandlerContext.invokeChannelRead(AbstractChannelHandlerContext.java:444) ~[netty-transport-4.1.127.Final.jar:4.1.127.Final]
		at io.netty.channel.AbstractChannelHandlerContext.invokeChannelRead(AbstractChannelHandlerContext.java:420) ~[netty-transport-4.1.127.Final.jar:4.1.127.Final]
		at io.netty.channel.AbstractChannelHandlerContext.fireChannelRead(AbstractChannelHandlerContext.java:412) ~[netty-transport-4.1.127.Final.jar:4.1.127.Final]
		at io.netty.handler.codec.http.HttpContentDecoder.decode(HttpContentDecoder.java:110) ~[netty-codec-http-4.1.127.Final.jar:4.1.127.Final]
		at io.netty.handler.codec.http.HttpContentDecoder.decode(HttpContentDecoder.java:48) ~[netty-codec-http-4.1.127.Final.jar:4.1.127.Final]
		at io.netty.handler.codec.MessageToMessageDecoder.channelRead(MessageToMessageDecoder.java:91) ~[netty-codec-4.1.127.Final.jar:4.1.127.Final]
		at io.netty.channel.AbstractChannelHandlerContext.invokeChannelRead(AbstractChannelHandlerContext.java:444) ~[netty-transport-4.1.127.Final.jar:4.1.127.Final]
		at io.netty.channel.AbstractChannelHandlerContext.invokeChannelRead(AbstractChannelHandlerContext.java:420) ~[netty-transport-4.1.127.Final.jar:4.1.127.Final]
		at io.netty.channel.AbstractChannelHandlerContext.fireChannelRead(AbstractChannelHandlerContext.java:412) ~[netty-transport-4.1.127.Final.jar:4.1.127.Final]
		at io.netty.channel.CombinedChannelDuplexHandler$DelegatingChannelHandlerContext.fireChannelRead(CombinedChannelDuplexHandler.java:436) ~[netty-transport-4.1.127.Final.jar:4.1.127.Final]
		at io.netty.handler.codec.ByteToMessageDecoder.fireChannelRead(ByteToMessageDecoder.java:346) ~[netty-codec-4.1.127.Final.jar:4.1.127.Final]
		at io.netty.handler.codec.ByteToMessageDecoder.fireChannelRead(ByteToMessageDecoder.java:333) ~[netty-codec-4.1.127.Final.jar:4.1.127.Final]
		at io.netty.handler.codec.ByteToMessageDecoder.callDecode(ByteToMessageDecoder.java:455) ~[netty-codec-4.1.127.Final.jar:4.1.127.Final]
		at io.netty.handler.codec.ByteToMessageDecoder.channelRead(ByteToMessageDecoder.java:290) ~[netty-codec-4.1.127.Final.jar:4.1.127.Final]
		at io.netty.channel.CombinedChannelDuplexHandler.channelRead(CombinedChannelDuplexHandler.java:251) ~[netty-transport-4.1.127.Final.jar:4.1.127.Final]
		at io.netty.channel.AbstractChannelHandlerContext.invokeChannelRead(AbstractChannelHandlerContext.java:442) ~[netty-transport-4.1.127.Final.jar:4.1.127.Final]
		at io.netty.channel.AbstractChannelHandlerContext.invokeChannelRead(AbstractChannelHandlerContext.java:420) ~[netty-transport-4.1.127.Final.jar:4.1.127.Final]
		at io.netty.channel.AbstractChannelHandlerContext.fireChannelRead(AbstractChannelHandlerContext.java:412) ~[netty-transport-4.1.127.Final.jar:4.1.127.Final]
		at io.netty.channel.DefaultChannelPipeline$HeadContext.channelRead(DefaultChannelPipeline.java:1357) ~[netty-transport-4.1.127.Final.jar:4.1.127.Final]
		at io.netty.channel.AbstractChannelHandlerContext.invokeChannelRead(AbstractChannelHandlerContext.java:440) ~[netty-transport-4.1.127.Final.jar:4.1.127.Final]
		at io.netty.channel.AbstractChannelHandlerContext.invokeChannelRead(AbstractChannelHandlerContext.java:420) ~[netty-transport-4.1.127.Final.jar:4.1.127.Final]
		at io.netty.channel.DefaultChannelPipeline.fireChannelRead(DefaultChannelPipeline.java:868) ~[netty-transport-4.1.127.Final.jar:4.1.127.Final]
		at io.netty.channel.nio.AbstractNioByteChannel$NioByteUnsafe.read(AbstractNioByteChannel.java:166) ~[netty-transport-4.1.127.Final.jar:4.1.127.Final]
		at io.netty.channel.nio.NioEventLoop.processSelectedKey(NioEventLoop.java:796) ~[netty-transport-4.1.127.Final.jar:4.1.127.Final]
		at io.netty.channel.nio.NioEventLoop.processSelectedKeysOptimized(NioEventLoop.java:732) ~[netty-transport-4.1.127.Final.jar:4.1.127.Final]
		at io.netty.channel.nio.NioEventLoop.processSelectedKeys(NioEventLoop.java:658) ~[netty-transport-4.1.127.Final.jar:4.1.127.Final]
		at io.netty.channel.nio.NioEventLoop.run(NioEventLoop.java:562) ~[netty-transport-4.1.127.Final.jar:4.1.127.Final]
		at io.netty.util.concurrent.SingleThreadEventExecutor$4.run(SingleThreadEventExecutor.java:998) ~[netty-common-4.1.127.Final.jar:4.1.127.Final]
		at io.netty.util.internal.ThreadExecutorMap$2.run(ThreadExecutorMap.java:74) ~[netty-common-4.1.127.Final.jar:4.1.127.Final]
		at io.netty.util.concurrent.FastThreadLocalRunnable.run(FastThreadLocalRunnable.java:30) ~[netty-common-4.1.127.Final.jar:4.1.127.Final]
		at java.base/java.lang.Thread.run(Thread.java:842) ~[na:na]

2025-10-28T08:59:16.750Z  INFO 17160 --- [backofficeAPI] [reactor-http-nio-2] o.d.backofficeAPI.service.NewsService    : News cache invalidated after save
2025-10-28T09:00:24.548Z DEBUG 17160 --- [backofficeAPI] [http-nio-8080-exec-1] o.s.security.web.FilterChainProxy        : Securing GET /
2025-10-28T09:00:24.549Z DEBUG 17160 --- [backofficeAPI] [http-nio-8080-exec-1] o.s.s.w.a.AnonymousAuthenticationFilter  : Set SecurityContextHolder to anonymous SecurityContext
2025-10-28T09:00:24.549Z DEBUG 17160 --- [backofficeAPI] [http-nio-8080-exec-1] o.s.security.web.FilterChainProxy        : Secured GET /
2025-10-28T09:00:24.585Z DEBUG 17160 --- [backofficeAPI] [http-nio-8080-exec-4] o.s.security.web.FilterChainProxy        : Securing GET /styles/layout/header.css
2025-10-28T09:00:24.587Z DEBUG 17160 --- [backofficeAPI] [http-nio-8080-exec-4] o.s.s.w.a.AnonymousAuthenticationFilter  : Set SecurityContextHolder to anonymous SecurityContext
2025-10-28T09:00:24.587Z DEBUG 17160 --- [backofficeAPI] [http-nio-8080-exec-4] o.s.security.web.FilterChainProxy        : Secured GET /styles/layout/header.css
2025-10-28T09:00:24.589Z DEBUG 17160 --- [backofficeAPI] [http-nio-8080-exec-2] o.s.security.web.FilterChainProxy        : Securing GET /styles/base.css
2025-10-28T09:00:24.589Z DEBUG 17160 --- [backofficeAPI] [http-nio-8080-exec-7] o.s.security.web.FilterChainProxy        : Securing GET /styles/layout/footer.css
2025-10-28T09:00:24.589Z DEBUG 17160 --- [backofficeAPI] [http-nio-8080-exec-3] o.s.security.web.FilterChainProxy        : Securing GET /scripts/script.js
2025-10-28T09:00:24.589Z DEBUG 17160 --- [backofficeAPI] [http-nio-8080-exec-5] o.s.security.web.FilterChainProxy        : Securing GET /styles/login.css
2025-10-28T09:00:24.590Z DEBUG 17160 --- [backofficeAPI] [http-nio-8080-exec-6] o.s.security.web.FilterChainProxy        : Securing GET /scripts/login.js
2025-10-28T09:00:24.594Z DEBUG 17160 --- [backofficeAPI] [http-nio-8080-exec-7] o.s.s.w.a.AnonymousAuthenticationFilter  : Set SecurityContextHolder to anonymous SecurityContext
2025-10-28T09:00:24.594Z DEBUG 17160 --- [backofficeAPI] [http-nio-8080-exec-2] o.s.s.w.a.AnonymousAuthenticationFilter  : Set SecurityContextHolder to anonymous SecurityContext
2025-10-28T09:00:24.595Z DEBUG 17160 --- [backofficeAPI] [http-nio-8080-exec-3] o.s.s.w.a.AnonymousAuthenticationFilter  : Set SecurityContextHolder to anonymous SecurityContext
2025-10-28T09:00:24.596Z DEBUG 17160 --- [backofficeAPI] [http-nio-8080-exec-7] o.s.security.web.FilterChainProxy        : Secured GET /styles/layout/footer.css
2025-10-28T09:00:24.596Z DEBUG 17160 --- [backofficeAPI] [http-nio-8080-exec-5] o.s.s.w.a.AnonymousAuthenticationFilter  : Set SecurityContextHolder to anonymous SecurityContext
2025-10-28T09:00:24.597Z DEBUG 17160 --- [backofficeAPI] [http-nio-8080-exec-2] o.s.security.web.FilterChainProxy        : Secured GET /styles/base.css
2025-10-28T09:00:24.597Z DEBUG 17160 --- [backofficeAPI] [http-nio-8080-exec-6] o.s.s.w.a.AnonymousAuthenticationFilter  : Set SecurityContextHolder to anonymous SecurityContext
2025-10-28T09:00:24.597Z DEBUG 17160 --- [backofficeAPI] [http-nio-8080-exec-3] o.s.security.web.FilterChainProxy        : Secured GET /scripts/script.js
2025-10-28T09:00:24.598Z DEBUG 17160 --- [backofficeAPI] [http-nio-8080-exec-5] o.s.security.web.FilterChainProxy        : Secured GET /styles/login.css
2025-10-28T09:00:24.599Z DEBUG 17160 --- [backofficeAPI] [http-nio-8080-exec-6] o.s.security.web.FilterChainProxy        : Secured GET /scripts/login.js
2025-10-28T09:00:24.879Z DEBUG 17160 --- [backofficeAPI] [http-nio-8080-exec-9] o.s.security.web.FilterChainProxy        : Securing GET /assets/background.png
2025-10-28T09:00:24.880Z DEBUG 17160 --- [backofficeAPI] [http-nio-8080-exec-9] o.s.s.w.a.AnonymousAuthenticationFilter  : Set SecurityContextHolder to anonymous SecurityContext
2025-10-28T09:00:24.881Z DEBUG 17160 --- [backofficeAPI] [http-nio-8080-exec-9] o.s.security.web.FilterChainProxy        : Secured GET /assets/background.png
2025-10-28T09:00:59.747Z  INFO 17160 --- [backofficeAPI] [SpringApplicationShutdownHook] o.s.b.w.e.tomcat.GracefulShutdown        : Commencing graceful shutdown. Waiting for active requests to complete
2025-10-28T09:00:59.940Z  INFO 17160 --- [backofficeAPI] [tomcat-shutdown] o.s.b.w.e.tomcat.GracefulShutdown        : Graceful shutdown complete
2025-10-28T09:01:18.918Z  INFO 17400 --- [backofficeAPI] [restartedMain] o.d.b.BackofficeApiApplication           : Starting BackofficeApiApplication using Java 17.0.12 with PID 17400 (C:\Users\U_38010700\Desktop\dubini\AJPD-BackofficeAPI\target\classes started by u_38010700 in C:\Users\U_38010700\Desktop\dubini\AJPD-BackofficeAPI)
2025-10-28T09:01:18.920Z DEBUG 17400 --- [backofficeAPI] [restartedMain] o.d.b.BackofficeApiApplication           : Running with Spring Boot v3.5.6, Spring v6.2.11
2025-10-28T09:01:18.921Z  INFO 17400 --- [backofficeAPI] [restartedMain] o.d.b.BackofficeApiApplication           : No active profile set, falling back to 1 default profile: "default"
2025-10-28T09:01:18.966Z  INFO 17400 --- [backofficeAPI] [restartedMain] .e.DevToolsPropertyDefaultsPostProcessor : Devtools property defaults active! Set 'spring.devtools.add-properties' to 'false' to disable
2025-10-28T09:01:18.967Z  INFO 17400 --- [backofficeAPI] [restartedMain] .e.DevToolsPropertyDefaultsPostProcessor : For additional web related logging consider setting the 'logging.level.web' property to 'DEBUG'
2025-10-28T09:01:19.508Z  INFO 17400 --- [backofficeAPI] [restartedMain] .s.d.r.c.RepositoryConfigurationDelegate : Multiple Spring Data modules found, entering strict repository configuration mode
2025-10-28T09:01:19.511Z  INFO 17400 --- [backofficeAPI] [restartedMain] .s.d.r.c.RepositoryConfigurationDelegate : Bootstrapping Spring Data Redis repositories in DEFAULT mode.
2025-10-28T09:01:19.539Z  INFO 17400 --- [backofficeAPI] [restartedMain] .s.d.r.c.RepositoryConfigurationDelegate : Finished Spring Data repository scanning in 11 ms. Found 0 Redis repository interfaces.
2025-10-28T09:01:19.968Z  INFO 17400 --- [backofficeAPI] [restartedMain] o.s.b.w.embedded.tomcat.TomcatWebServer  : Tomcat initialized with port 8080 (http)
2025-10-28T09:01:19.979Z  INFO 17400 --- [backofficeAPI] [restartedMain] o.apache.catalina.core.StandardService   : Starting service [Tomcat]
2025-10-28T09:01:19.980Z  INFO 17400 --- [backofficeAPI] [restartedMain] o.apache.catalina.core.StandardEngine    : Starting Servlet engine: [Apache Tomcat/10.1.46]
2025-10-28T09:01:20.022Z  INFO 17400 --- [backofficeAPI] [restartedMain] o.a.c.c.C.[Tomcat].[localhost].[/]       : Initializing Spring embedded WebApplicationContext
2025-10-28T09:01:20.023Z  INFO 17400 --- [backofficeAPI] [restartedMain] w.s.c.ServletWebServerApplicationContext : Root WebApplicationContext: initialization completed in 1055 ms
2025-10-28T09:01:20.067Z DEBUG 17400 --- [backofficeAPI] [restartedMain] o.d.backofficeAPI.security.JwtFilter     : Filter 'jwtFilter' configured for use
2025-10-28T09:01:20.543Z  WARN 17400 --- [backofficeAPI] [restartedMain] .s.s.UserDetailsServiceAutoConfiguration : 

Using generated security password: 8a01b236-e709-4b48-a2e1-1aafcb38c94c

This generated password is for development use only. Your security configuration must be updated before running your application in production.

2025-10-28T09:01:20.550Z  INFO 17400 --- [backofficeAPI] [restartedMain] r$InitializeUserDetailsManagerConfigurer : Global AuthenticationManager configured with UserDetailsService bean with name inMemoryUserDetailsManager
2025-10-28T09:01:20.619Z DEBUG 17400 --- [backofficeAPI] [restartedMain] o.s.s.web.DefaultSecurityFilterChain     : Will secure any request with filters: DisableEncodeUrlFilter, WebAsyncManagerIntegrationFilter, SecurityContextHolderFilter, HeaderWriterFilter, LogoutFilter, JwtFilter, RequestCacheAwareFilter, SecurityContextHolderAwareRequestFilter, AnonymousAuthenticationFilter, SessionManagementFilter, ExceptionTranslationFilter, AuthorizationFilter
2025-10-28T09:01:20.651Z  INFO 17400 --- [backofficeAPI] [restartedMain] o.s.v.b.OptionalValidatorFactoryBean     : Failed to set up a Bean Validation provider: jakarta.validation.NoProviderFoundException: Unable to create a Configuration, because no Jakarta Bean Validation provider could be found. Add a provider like Hibernate Validator (RI) to your classpath.
2025-10-28T09:01:21.026Z  WARN 17400 --- [backofficeAPI] [restartedMain] o.s.b.d.a.OptionalLiveReloadServer       : Unable to start LiveReload server
2025-10-28T09:01:21.049Z  INFO 17400 --- [backofficeAPI] [restartedMain] o.s.b.w.embedded.tomcat.TomcatWebServer  : Tomcat started on port 8080 (http) with context path '/'
2025-10-28T09:01:21.060Z  INFO 17400 --- [backofficeAPI] [restartedMain] o.d.b.BackofficeApiApplication           : Started BackofficeApiApplication in 2.531 seconds (process running for 2.901)
2025-10-28T09:01:21.551Z  INFO 17400 --- [backofficeAPI] [http-nio-8080-exec-1] o.a.c.c.C.[Tomcat].[localhost].[/]       : Initializing Spring DispatcherServlet 'dispatcherServlet'
2025-10-28T09:01:21.551Z  INFO 17400 --- [backofficeAPI] [http-nio-8080-exec-1] o.s.web.servlet.DispatcherServlet        : Initializing Servlet 'dispatcherServlet'
2025-10-28T09:01:21.552Z  INFO 17400 --- [backofficeAPI] [http-nio-8080-exec-1] o.s.web.servlet.DispatcherServlet        : Completed initialization in 0 ms
2025-10-28T09:01:21.564Z DEBUG 17400 --- [backofficeAPI] [http-nio-8080-exec-1] o.s.security.web.FilterChainProxy        : Securing GET /editor/noticias
2025-10-28T09:01:21.662Z DEBUG 17400 --- [backofficeAPI] [http-nio-8080-exec-1] o.s.security.web.FilterChainProxy        : Secured GET /editor/noticias
2025-10-28T09:01:21.780Z  WARN 17400 --- [backofficeAPI] [http-nio-8080-exec-1] actStandardFragmentInsertionTagProcessor : [THYMELEAF][http-nio-8080-exec-1][news] Deprecated unwrapped fragment expression "fragments/header :: header" found in template news, line 18, col 8. Please use the complete syntax of fragment expressions instead ("~{fragments/header :: header}"). The old, unwrapped syntax for fragment expressions will be removed in future versions of Thymeleaf.
2025-10-28T09:01:21.839Z DEBUG 17400 --- [backofficeAPI] [http-nio-8080-exec-2] o.s.security.web.FilterChainProxy        : Securing GET /styles/layout/header.css
2025-10-28T09:01:21.839Z DEBUG 17400 --- [backofficeAPI] [http-nio-8080-exec-6] o.s.security.web.FilterChainProxy        : Securing GET /styles/login.css
2025-10-28T09:01:21.839Z DEBUG 17400 --- [backofficeAPI] [http-nio-8080-exec-3] o.s.security.web.FilterChainProxy        : Securing GET /styles/layout/footer.css
2025-10-28T09:01:21.841Z DEBUG 17400 --- [backofficeAPI] [http-nio-8080-exec-4] o.s.security.web.FilterChainProxy        : Securing GET /styles/news.css
2025-10-28T09:01:21.845Z DEBUG 17400 --- [backofficeAPI] [http-nio-8080-exec-5] o.s.security.web.FilterChainProxy        : Securing GET /styles/base.css
2025-10-28T09:01:21.849Z DEBUG 17400 --- [backofficeAPI] [http-nio-8080-exec-7] o.s.security.web.FilterChainProxy        : Securing GET /scripts/script.js
2025-10-28T09:01:21.851Z DEBUG 17400 --- [backofficeAPI] [http-nio-8080-exec-6] o.s.s.w.a.AnonymousAuthenticationFilter  : Set SecurityContextHolder to anonymous SecurityContext
2025-10-28T09:01:21.860Z DEBUG 17400 --- [backofficeAPI] [http-nio-8080-exec-2] o.s.s.w.a.AnonymousAuthenticationFilter  : Set SecurityContextHolder to anonymous SecurityContext
2025-10-28T09:01:21.861Z DEBUG 17400 --- [backofficeAPI] [http-nio-8080-exec-3] o.s.s.w.a.AnonymousAuthenticationFilter  : Set SecurityContextHolder to anonymous SecurityContext
2025-10-28T09:01:21.865Z DEBUG 17400 --- [backofficeAPI] [http-nio-8080-exec-4] o.s.s.w.a.AnonymousAuthenticationFilter  : Set SecurityContextHolder to anonymous SecurityContext
2025-10-28T09:01:21.865Z DEBUG 17400 --- [backofficeAPI] [http-nio-8080-exec-6] o.s.security.web.FilterChainProxy        : Secured GET /styles/login.css
2025-10-28T09:01:21.868Z DEBUG 17400 --- [backofficeAPI] [http-nio-8080-exec-4] o.s.security.web.FilterChainProxy        : Secured GET /styles/news.css
2025-10-28T09:01:21.866Z DEBUG 17400 --- [backofficeAPI] [http-nio-8080-exec-5] o.s.s.w.a.AnonymousAuthenticationFilter  : Set SecurityContextHolder to anonymous SecurityContext
2025-10-28T09:01:21.866Z DEBUG 17400 --- [backofficeAPI] [http-nio-8080-exec-2] o.s.security.web.FilterChainProxy        : Secured GET /styles/layout/header.css
2025-10-28T09:01:21.867Z DEBUG 17400 --- [backofficeAPI] [http-nio-8080-exec-3] o.s.security.web.FilterChainProxy        : Secured GET /styles/layout/footer.css
2025-10-28T09:01:21.867Z DEBUG 17400 --- [backofficeAPI] [http-nio-8080-exec-7] o.s.s.w.a.AnonymousAuthenticationFilter  : Set SecurityContextHolder to anonymous SecurityContext
2025-10-28T09:01:21.868Z DEBUG 17400 --- [backofficeAPI] [http-nio-8080-exec-5] o.s.security.web.FilterChainProxy        : Secured GET /styles/base.css
2025-10-28T09:01:21.871Z DEBUG 17400 --- [backofficeAPI] [http-nio-8080-exec-7] o.s.security.web.FilterChainProxy        : Secured GET /scripts/script.js
2025-10-28T09:01:21.897Z DEBUG 17400 --- [backofficeAPI] [http-nio-8080-exec-8] o.s.security.web.FilterChainProxy        : Securing GET /scripts/pages/news.js
2025-10-28T09:01:21.899Z DEBUG 17400 --- [backofficeAPI] [http-nio-8080-exec-8] o.s.s.w.a.AnonymousAuthenticationFilter  : Set SecurityContextHolder to anonymous SecurityContext
2025-10-28T09:01:21.901Z DEBUG 17400 --- [backofficeAPI] [http-nio-8080-exec-8] o.s.security.web.FilterChainProxy        : Secured GET /scripts/pages/news.js
2025-10-28T09:01:21.902Z DEBUG 17400 --- [backofficeAPI] [http-nio-8080-exec-9] o.s.security.web.FilterChainProxy        : Securing GET /assets/logo.png
2025-10-28T09:01:21.904Z DEBUG 17400 --- [backofficeAPI] [http-nio-8080-exec-9] o.s.s.w.a.AnonymousAuthenticationFilter  : Set SecurityContextHolder to anonymous SecurityContext
2025-10-28T09:01:21.905Z DEBUG 17400 --- [backofficeAPI] [http-nio-8080-exec-9] o.s.security.web.FilterChainProxy        : Secured GET /assets/logo.png
2025-10-28T09:01:21.912Z DEBUG 17400 --- [backofficeAPI] [http-nio-8080-exec-10] o.s.security.web.FilterChainProxy        : Securing GET /assets/navmenu.png
2025-10-28T09:01:21.912Z DEBUG 17400 --- [backofficeAPI] [http-nio-8080-exec-1] o.s.security.web.FilterChainProxy        : Securing GET /assets/background.png
2025-10-28T09:01:21.914Z DEBUG 17400 --- [backofficeAPI] [http-nio-8080-exec-10] o.s.s.w.a.AnonymousAuthenticationFilter  : Set SecurityContextHolder to anonymous SecurityContext
2025-10-28T09:01:21.914Z DEBUG 17400 --- [backofficeAPI] [http-nio-8080-exec-1] o.s.s.w.a.AnonymousAuthenticationFilter  : Set SecurityContextHolder to anonymous SecurityContext
2025-10-28T09:01:21.914Z DEBUG 17400 --- [backofficeAPI] [http-nio-8080-exec-1] o.s.security.web.FilterChainProxy        : Secured GET /assets/background.png
2025-10-28T09:01:21.914Z DEBUG 17400 --- [backofficeAPI] [http-nio-8080-exec-10] o.s.security.web.FilterChainProxy        : Secured GET /assets/navmenu.png
2025-10-28T09:01:21.936Z DEBUG 17400 --- [backofficeAPI] [http-nio-8080-exec-7] o.s.security.web.FilterChainProxy        : Securing GET /scripts/api/newsService.js
2025-10-28T09:01:21.939Z DEBUG 17400 --- [backofficeAPI] [http-nio-8080-exec-7] o.s.s.w.a.AnonymousAuthenticationFilter  : Set SecurityContextHolder to anonymous SecurityContext
2025-10-28T09:01:21.941Z DEBUG 17400 --- [backofficeAPI] [http-nio-8080-exec-7] o.s.security.web.FilterChainProxy        : Secured GET /scripts/api/newsService.js
2025-10-28T09:01:21.963Z DEBUG 17400 --- [backofficeAPI] [http-nio-8080-exec-6] o.s.security.web.FilterChainProxy        : Securing GET /api/news
2025-10-28T09:01:21.971Z DEBUG 17400 --- [backofficeAPI] [http-nio-8080-exec-6] o.s.security.web.FilterChainProxy        : Secured GET /api/news
2025-10-28T09:01:21.975Z DEBUG 17400 --- [backofficeAPI] [http-nio-8080-exec-6] o.d.b.controller.NewsController          : GET request to retrieve all news
2025-10-28T09:01:21.976Z DEBUG 17400 --- [backofficeAPI] [http-nio-8080-exec-6] o.d.backofficeAPI.service.NewsService    : Retrieving all news
2025-10-28T09:01:22.029Z DEBUG 17400 --- [backofficeAPI] [http-nio-8080-exec-6] o.d.backofficeAPI.service.NewsService    : Retrieved 3 news articles
2025-10-28T09:01:22.069Z DEBUG 17400 --- [backofficeAPI] [http-nio-8080-exec-3] o.s.security.web.FilterChainProxy        : Securing GET /favicon.ico
2025-10-28T09:01:22.070Z DEBUG 17400 --- [backofficeAPI] [http-nio-8080-exec-3] o.s.s.w.a.AnonymousAuthenticationFilter  : Set SecurityContextHolder to anonymous SecurityContext
2025-10-28T09:01:22.071Z DEBUG 17400 --- [backofficeAPI] [http-nio-8080-exec-3] o.s.security.web.FilterChainProxy        : Secured GET /favicon.ico
2025-10-28T09:01:22.077Z ERROR 17400 --- [backofficeAPI] [http-nio-8080-exec-3] o.d.b.exception.GlobalExceptionHandler   : Unexpected error occurred

org.springframework.web.servlet.resource.NoResourceFoundException: No static resource favicon.ico.
	at org.springframework.web.servlet.resource.ResourceHttpRequestHandler.handleRequest(ResourceHttpRequestHandler.java:585) ~[spring-webmvc-6.2.11.jar:6.2.11]
	at org.springframework.web.servlet.mvc.HttpRequestHandlerAdapter.handle(HttpRequestHandlerAdapter.java:52) ~[spring-webmvc-6.2.11.jar:6.2.11]
	at org.springframework.web.servlet.DispatcherServlet.doDispatch(DispatcherServlet.java:1089) ~[spring-webmvc-6.2.11.jar:6.2.11]
	at org.springframework.web.servlet.DispatcherServlet.doService(DispatcherServlet.java:979) ~[spring-webmvc-6.2.11.jar:6.2.11]
	at org.springframework.web.servlet.FrameworkServlet.processRequest(FrameworkServlet.java:1014) ~[spring-webmvc-6.2.11.jar:6.2.11]
	at org.springframework.web.servlet.FrameworkServlet.doGet(FrameworkServlet.java:903) ~[spring-webmvc-6.2.11.jar:6.2.11]
	at jakarta.servlet.http.HttpServlet.service(HttpServlet.java:564) ~[tomcat-embed-core-10.1.46.jar:6.0]
	at org.springframework.web.servlet.FrameworkServlet.service(FrameworkServlet.java:885) ~[spring-webmvc-6.2.11.jar:6.2.11]
	at jakarta.servlet.http.HttpServlet.service(HttpServlet.java:658) ~[tomcat-embed-core-10.1.46.jar:6.0]
	at org.apache.catalina.core.ApplicationFilterChain.internalDoFilter(ApplicationFilterChain.java:195) ~[tomcat-embed-core-10.1.46.jar:10.1.46]
	at org.apache.catalina.core.ApplicationFilterChain.doFilter(ApplicationFilterChain.java:140) ~[tomcat-embed-core-10.1.46.jar:10.1.46]
	at org.apache.tomcat.websocket.server.WsFilter.doFilter(WsFilter.java:51) ~[tomcat-embed-websocket-10.1.46.jar:10.1.46]
	at org.apache.catalina.core.ApplicationFilterChain.internalDoFilter(ApplicationFilterChain.java:164) ~[tomcat-embed-core-10.1.46.jar:10.1.46]
	at org.apache.catalina.core.ApplicationFilterChain.doFilter(ApplicationFilterChain.java:140) ~[tomcat-embed-core-10.1.46.jar:10.1.46]
	at org.springframework.web.filter.OncePerRequestFilter.doFilter(OncePerRequestFilter.java:110) ~[spring-web-6.2.11.jar:6.2.11]
	at org.apache.catalina.core.ApplicationFilterChain.internalDoFilter(ApplicationFilterChain.java:164) ~[tomcat-embed-core-10.1.46.jar:10.1.46]
	at org.apache.catalina.core.ApplicationFilterChain.doFilter(ApplicationFilterChain.java:140) ~[tomcat-embed-core-10.1.46.jar:10.1.46]
	at org.springframework.web.filter.CompositeFilter$VirtualFilterChain.doFilter(CompositeFilter.java:108) ~[spring-web-6.2.11.jar:6.2.11]
	at org.springframework.web.filter.CompositeFilter$VirtualFilterChain.doFilter(CompositeFilter.java:108) ~[spring-web-6.2.11.jar:6.2.11]
	at org.springframework.security.web.FilterChainProxy.lambda$doFilterInternal$3(FilterChainProxy.java:231) ~[spring-security-web-6.5.5.jar:6.5.5]
	at org.springframework.security.web.FilterChainProxy$VirtualFilterChain.doFilter(FilterChainProxy.java:365) ~[spring-security-web-6.5.5.jar:6.5.5]
	at org.springframework.security.web.access.intercept.AuthorizationFilter.doFilter(AuthorizationFilter.java:101) ~[spring-security-web-6.5.5.jar:6.5.5]
	at org.springframework.security.web.FilterChainProxy$VirtualFilterChain.doFilter(FilterChainProxy.java:374) ~[spring-security-web-6.5.5.jar:6.5.5]
	at org.springframework.security.web.access.ExceptionTranslationFilter.doFilter(ExceptionTranslationFilter.java:125) ~[spring-security-web-6.5.5.jar:6.5.5]
	at org.springframework.security.web.access.ExceptionTranslationFilter.doFilter(ExceptionTranslationFilter.java:119) ~[spring-security-web-6.5.5.jar:6.5.5]
	at org.springframework.security.web.FilterChainProxy$VirtualFilterChain.doFilter(FilterChainProxy.java:374) ~[spring-security-web-6.5.5.jar:6.5.5]
	at org.springframework.security.web.session.SessionManagementFilter.doFilter(SessionManagementFilter.java:131) ~[spring-security-web-6.5.5.jar:6.5.5]
	at org.springframework.security.web.session.SessionManagementFilter.doFilter(SessionManagementFilter.java:85) ~[spring-security-web-6.5.5.jar:6.5.5]
	at org.springframework.security.web.FilterChainProxy$VirtualFilterChain.doFilter(FilterChainProxy.java:374) ~[spring-security-web-6.5.5.jar:6.5.5]
	at org.springframework.security.web.authentication.AnonymousAuthenticationFilter.doFilter(AnonymousAuthenticationFilter.java:100) ~[spring-security-web-6.5.5.jar:6.5.5]
	at org.springframework.security.web.FilterChainProxy$VirtualFilterChain.doFilter(FilterChainProxy.java:374) ~[spring-security-web-6.5.5.jar:6.5.5]
	at org.springframework.security.web.servletapi.SecurityContextHolderAwareRequestFilter.doFilter(SecurityContextHolderAwareRequestFilter.java:179) ~[spring-security-web-6.5.5.jar:6.5.5]
	at org.springframework.security.web.FilterChainProxy$VirtualFilterChain.doFilter(FilterChainProxy.java:374) ~[spring-security-web-6.5.5.jar:6.5.5]
	at org.springframework.security.web.savedrequest.RequestCacheAwareFilter.doFilter(RequestCacheAwareFilter.java:63) ~[spring-security-web-6.5.5.jar:6.5.5]
	at org.springframework.security.web.FilterChainProxy$VirtualFilterChain.doFilter(FilterChainProxy.java:374) ~[spring-security-web-6.5.5.jar:6.5.5]
	at org.dubini.backofficeAPI.security.JwtFilter.doFilterInternal(JwtFilter.java:56) ~[classes/:na]
	at org.springframework.web.filter.OncePerRequestFilter.doFilter(OncePerRequestFilter.java:116) ~[spring-web-6.2.11.jar:6.2.11]
	at org.springframework.security.web.FilterChainProxy$VirtualFilterChain.doFilter(FilterChainProxy.java:374) ~[spring-security-web-6.5.5.jar:6.5.5]
	at org.springframework.security.web.authentication.logout.LogoutFilter.doFilter(LogoutFilter.java:107) ~[spring-security-web-6.5.5.jar:6.5.5]
	at org.springframework.security.web.authentication.logout.LogoutFilter.doFilter(LogoutFilter.java:93) ~[spring-security-web-6.5.5.jar:6.5.5]
	at org.springframework.security.web.FilterChainProxy$VirtualFilterChain.doFilter(FilterChainProxy.java:374) ~[spring-security-web-6.5.5.jar:6.5.5]
	at org.springframework.security.web.header.HeaderWriterFilter.doHeadersAfter(HeaderWriterFilter.java:90) ~[spring-security-web-6.5.5.jar:6.5.5]
	at org.springframework.security.web.header.HeaderWriterFilter.doFilterInternal(HeaderWriterFilter.java:75) ~[spring-security-web-6.5.5.jar:6.5.5]
	at org.springframework.web.filter.OncePerRequestFilter.doFilter(OncePerRequestFilter.java:116) ~[spring-web-6.2.11.jar:6.2.11]
	at org.springframework.security.web.FilterChainProxy$VirtualFilterChain.doFilter(FilterChainProxy.java:374) ~[spring-security-web-6.5.5.jar:6.5.5]
	at org.springframework.security.web.context.SecurityContextHolderFilter.doFilter(SecurityContextHolderFilter.java:82) ~[spring-security-web-6.5.5.jar:6.5.5]
	at org.springframework.security.web.context.SecurityContextHolderFilter.doFilter(SecurityContextHolderFilter.java:69) ~[spring-security-web-6.5.5.jar:6.5.5]
	at org.springframework.security.web.FilterChainProxy$VirtualFilterChain.doFilter(FilterChainProxy.java:374) ~[spring-security-web-6.5.5.jar:6.5.5]
	at org.springframework.security.web.context.request.async.WebAsyncManagerIntegrationFilter.doFilterInternal(WebAsyncManagerIntegrationFilter.java:62) ~[spring-security-web-6.5.5.jar:6.5.5]
	at org.springframework.web.filter.OncePerRequestFilter.doFilter(OncePerRequestFilter.java:116) ~[spring-web-6.2.11.jar:6.2.11]
	at org.springframework.security.web.FilterChainProxy$VirtualFilterChain.doFilter(FilterChainProxy.java:374) ~[spring-security-web-6.5.5.jar:6.5.5]
	at org.springframework.security.web.session.DisableEncodeUrlFilter.doFilterInternal(DisableEncodeUrlFilter.java:42) ~[spring-security-web-6.5.5.jar:6.5.5]
	at org.springframework.web.filter.OncePerRequestFilter.doFilter(OncePerRequestFilter.java:116) ~[spring-web-6.2.11.jar:6.2.11]
	at org.springframework.security.web.FilterChainProxy$VirtualFilterChain.doFilter(FilterChainProxy.java:374) ~[spring-security-web-6.5.5.jar:6.5.5]
	at org.springframework.security.web.FilterChainProxy.doFilterInternal(FilterChainProxy.java:233) ~[spring-security-web-6.5.5.jar:6.5.5]
	at org.springframework.security.web.FilterChainProxy.doFilter(FilterChainProxy.java:191) ~[spring-security-web-6.5.5.jar:6.5.5]
	at org.springframework.web.filter.CompositeFilter$VirtualFilterChain.doFilter(CompositeFilter.java:113) ~[spring-web-6.2.11.jar:6.2.11]
	at org.springframework.web.filter.ServletRequestPathFilter.doFilter(ServletRequestPathFilter.java:52) ~[spring-web-6.2.11.jar:6.2.11]
	at org.springframework.web.filter.CompositeFilter$VirtualFilterChain.doFilter(CompositeFilter.java:113) ~[spring-web-6.2.11.jar:6.2.11]
	at org.springframework.web.filter.CompositeFilter.doFilter(CompositeFilter.java:74) ~[spring-web-6.2.11.jar:6.2.11]
	at org.springframework.security.config.annotation.web.configuration.WebSecurityConfiguration$CompositeFilterChainProxy.doFilter(WebSecurityConfiguration.java:319) ~[spring-security-config-6.5.5.jar:6.5.5]
	at org.springframework.web.filter.CompositeFilter$VirtualFilterChain.doFilter(CompositeFilter.java:113) ~[spring-web-6.2.11.jar:6.2.11]
	at org.springframework.web.servlet.handler.HandlerMappingIntrospector.lambda$createCacheFilter$4(HandlerMappingIntrospector.java:267) ~[spring-webmvc-6.2.11.jar:6.2.11]
	at org.springframework.web.filter.CompositeFilter$VirtualFilterChain.doFilter(CompositeFilter.java:113) ~[spring-web-6.2.11.jar:6.2.11]
	at org.springframework.web.filter.CompositeFilter.doFilter(CompositeFilter.java:74) ~[spring-web-6.2.11.jar:6.2.11]
	at org.springframework.security.config.annotation.web.configuration.WebMvcSecurityConfiguration$CompositeFilterChainProxy.doFilter(WebMvcSecurityConfiguration.java:240) ~[spring-security-config-6.5.5.jar:6.5.5]
	at org.springframework.web.filter.DelegatingFilterProxy.invokeDelegate(DelegatingFilterProxy.java:362) ~[spring-web-6.2.11.jar:6.2.11]
	at org.springframework.web.filter.DelegatingFilterProxy.doFilter(DelegatingFilterProxy.java:278) ~[spring-web-6.2.11.jar:6.2.11]
	at org.apache.catalina.core.ApplicationFilterChain.internalDoFilter(ApplicationFilterChain.java:164) ~[tomcat-embed-core-10.1.46.jar:10.1.46]
	at org.apache.catalina.core.ApplicationFilterChain.doFilter(ApplicationFilterChain.java:140) ~[tomcat-embed-core-10.1.46.jar:10.1.46]
	at org.springframework.web.filter.RequestContextFilter.doFilterInternal(RequestContextFilter.java:100) ~[spring-web-6.2.11.jar:6.2.11]
	at org.springframework.web.filter.OncePerRequestFilter.doFilter(OncePerRequestFilter.java:116) ~[spring-web-6.2.11.jar:6.2.11]
	at org.apache.catalina.core.ApplicationFilterChain.internalDoFilter(ApplicationFilterChain.java:164) ~[tomcat-embed-core-10.1.46.jar:10.1.46]
	at org.apache.catalina.core.ApplicationFilterChain.doFilter(ApplicationFilterChain.java:140) ~[tomcat-embed-core-10.1.46.jar:10.1.46]
	at org.springframework.web.filter.FormContentFilter.doFilterInternal(FormContentFilter.java:93) ~[spring-web-6.2.11.jar:6.2.11]
	at org.springframework.web.filter.OncePerRequestFilter.doFilter(OncePerRequestFilter.java:116) ~[spring-web-6.2.11.jar:6.2.11]
	at org.apache.catalina.core.ApplicationFilterChain.internalDoFilter(ApplicationFilterChain.java:164) ~[tomcat-embed-core-10.1.46.jar:10.1.46]
	at org.apache.catalina.core.ApplicationFilterChain.doFilter(ApplicationFilterChain.java:140) ~[tomcat-embed-core-10.1.46.jar:10.1.46]
	at org.springframework.web.filter.CharacterEncodingFilter.doFilterInternal(CharacterEncodingFilter.java:201) ~[spring-web-6.2.11.jar:6.2.11]
	at org.springframework.web.filter.OncePerRequestFilter.doFilter(OncePerRequestFilter.java:116) ~[spring-web-6.2.11.jar:6.2.11]
	at org.apache.catalina.core.ApplicationFilterChain.internalDoFilter(ApplicationFilterChain.java:164) ~[tomcat-embed-core-10.1.46.jar:10.1.46]
	at org.apache.catalina.core.ApplicationFilterChain.doFilter(ApplicationFilterChain.java:140) ~[tomcat-embed-core-10.1.46.jar:10.1.46]
	at org.apache.catalina.core.StandardWrapperValve.invoke(StandardWrapperValve.java:167) ~[tomcat-embed-core-10.1.46.jar:10.1.46]
	at org.apache.catalina.core.StandardContextValve.invoke(StandardContextValve.java:90) ~[tomcat-embed-core-10.1.46.jar:10.1.46]
	at org.apache.catalina.authenticator.AuthenticatorBase.invoke(AuthenticatorBase.java:483) ~[tomcat-embed-core-10.1.46.jar:10.1.46]
	at org.apache.catalina.core.StandardHostValve.invoke(StandardHostValve.java:116) ~[tomcat-embed-core-10.1.46.jar:10.1.46]
	at org.apache.catalina.valves.ErrorReportValve.invoke(ErrorReportValve.java:93) ~[tomcat-embed-core-10.1.46.jar:10.1.46]
	at org.apache.catalina.core.StandardEngineValve.invoke(StandardEngineValve.java:74) ~[tomcat-embed-core-10.1.46.jar:10.1.46]
	at org.apache.catalina.connector.CoyoteAdapter.service(CoyoteAdapter.java:344) ~[tomcat-embed-core-10.1.46.jar:10.1.46]
	at org.apache.coyote.http11.Http11Processor.service(Http11Processor.java:398) ~[tomcat-embed-core-10.1.46.jar:10.1.46]
	at org.apache.coyote.AbstractProcessorLight.process(AbstractProcessorLight.java:63) ~[tomcat-embed-core-10.1.46.jar:10.1.46]
	at org.apache.coyote.AbstractProtocol$ConnectionHandler.process(AbstractProtocol.java:903) ~[tomcat-embed-core-10.1.46.jar:10.1.46]
	at org.apache.tomcat.util.net.NioEndpoint$SocketProcessor.doRun(NioEndpoint.java:1776) ~[tomcat-embed-core-10.1.46.jar:10.1.46]
	at org.apache.tomcat.util.net.SocketProcessorBase.run(SocketProcessorBase.java:52) ~[tomcat-embed-core-10.1.46.jar:10.1.46]
	at org.apache.tomcat.util.threads.ThreadPoolExecutor.runWorker(ThreadPoolExecutor.java:975) ~[tomcat-embed-core-10.1.46.jar:10.1.46]
	at org.apache.tomcat.util.threads.ThreadPoolExecutor$Worker.run(ThreadPoolExecutor.java:493) ~[tomcat-embed-core-10.1.46.jar:10.1.46]
	at org.apache.tomcat.util.threads.TaskThread$WrappingRunnable.run(TaskThread.java:63) ~[tomcat-embed-core-10.1.46.jar:10.1.46]
	at java.base/java.lang.Thread.run(Thread.java:842) ~[na:na]

2025-10-28T09:01:22.124Z  WARN 17400 --- [backofficeAPI] [http-nio-8080-exec-3] .m.m.a.ExceptionHandlerExceptionResolver : Resolved [org.springframework.web.servlet.resource.NoResourceFoundException: No static resource favicon.ico.]
2025-10-28T09:01:24.808Z DEBUG 17400 --- [backofficeAPI] [http-nio-8080-exec-4] o.s.security.web.FilterChainProxy        : Securing POST /api/news
2025-10-28T09:01:24.821Z DEBUG 17400 --- [backofficeAPI] [http-nio-8080-exec-4] o.s.security.web.FilterChainProxy        : Secured POST /api/news
2025-10-28T09:01:24.859Z DEBUG 17400 --- [backofficeAPI] [http-nio-8080-exec-4] o.d.b.controller.NewsController          : POST request to create new news article
2025-10-28T09:01:24.860Z DEBUG 17400 --- [backofficeAPI] [http-nio-8080-exec-4] o.d.backofficeAPI.service.NewsService    : Saving new news: adasd
2025-10-28T09:01:24.872Z  INFO 17400 --- [backofficeAPI] [http-nio-8080-exec-4] o.d.backofficeAPI.service.NewsService    : News saved successfully: adasd
2025-10-28T09:01:25.133Z DEBUG 17400 --- [backofficeAPI] [http-nio-8080-exec-2] o.s.security.web.FilterChainProxy        : Securing GET /api/news
2025-10-28T09:01:25.137Z DEBUG 17400 --- [backofficeAPI] [http-nio-8080-exec-2] o.s.security.web.FilterChainProxy        : Secured GET /api/news
2025-10-28T09:01:25.138Z DEBUG 17400 --- [backofficeAPI] [http-nio-8080-exec-2] o.d.b.controller.NewsController          : GET request to retrieve all news
2025-10-28T09:01:25.139Z DEBUG 17400 --- [backofficeAPI] [http-nio-8080-exec-2] o.d.backofficeAPI.service.NewsService    : Retrieving all news
2025-10-28T09:01:25.145Z DEBUG 17400 --- [backofficeAPI] [http-nio-8080-exec-2] o.d.backofficeAPI.service.NewsService    : Retrieved 3 news articles
2025-10-28T09:01:25.584Z  INFO 17400 --- [backofficeAPI] [reactor-http-nio-2] o.d.backofficeAPI.service.NewsService    : News cache invalidated after save
2025-10-28T09:01:34.947Z DEBUG 17400 --- [backofficeAPI] [http-nio-8080-exec-5] o.s.security.web.FilterChainProxy        : Securing POST /api/news
2025-10-28T09:01:34.961Z DEBUG 17400 --- [backofficeAPI] [http-nio-8080-exec-5] o.s.security.web.FilterChainProxy        : Secured POST /api/news
2025-10-28T09:01:34.967Z DEBUG 17400 --- [backofficeAPI] [http-nio-8080-exec-5] o.d.b.controller.NewsController          : POST request to create new news article
2025-10-28T09:01:34.969Z DEBUG 17400 --- [backofficeAPI] [http-nio-8080-exec-5] o.d.backofficeAPI.service.NewsService    : Saving new news: adasdqweqweqwe
2025-10-28T09:01:34.983Z  INFO 17400 --- [backofficeAPI] [http-nio-8080-exec-5] o.d.backofficeAPI.service.NewsService    : News saved successfully: adasdqweqweqwe
2025-10-28T09:01:35.030Z  INFO 17400 --- [backofficeAPI] [reactor-http-nio-2] o.d.backofficeAPI.service.NewsService    : News cache invalidated after save
2025-10-28T09:01:35.038Z DEBUG 17400 --- [backofficeAPI] [http-nio-8080-exec-8] o.s.security.web.FilterChainProxy        : Securing GET /api/news
2025-10-28T09:01:35.057Z DEBUG 17400 --- [backofficeAPI] [http-nio-8080-exec-8] o.s.security.web.FilterChainProxy        : Secured GET /api/news
2025-10-28T09:01:35.060Z DEBUG 17400 --- [backofficeAPI] [http-nio-8080-exec-8] o.d.b.controller.NewsController          : GET request to retrieve all news
2025-10-28T09:01:35.061Z DEBUG 17400 --- [backofficeAPI] [http-nio-8080-exec-8] o.d.backofficeAPI.service.NewsService    : Retrieving all news
2025-10-28T09:01:35.095Z DEBUG 17400 --- [backofficeAPI] [http-nio-8080-exec-8] o.d.backofficeAPI.service.NewsService    : Retrieved 3 news articles
2025-10-28T09:02:02.614Z DEBUG 17400 --- [backofficeAPI] [http-nio-8080-exec-9] o.s.security.web.FilterChainProxy        : Securing GET /
2025-10-28T09:02:02.617Z DEBUG 17400 --- [backofficeAPI] [http-nio-8080-exec-9] o.s.s.w.a.AnonymousAuthenticationFilter  : Set SecurityContextHolder to anonymous SecurityContext
2025-10-28T09:02:02.619Z DEBUG 17400 --- [backofficeAPI] [http-nio-8080-exec-9] o.s.security.web.FilterChainProxy        : Secured GET /
2025-10-28T09:02:02.698Z DEBUG 17400 --- [backofficeAPI] [http-nio-8080-exec-1] o.s.security.web.FilterChainProxy        : Securing GET /styles/layout/header.css
2025-10-28T09:02:02.698Z DEBUG 17400 --- [backofficeAPI] [http-nio-8080-exec-10] o.s.security.web.FilterChainProxy        : Securing GET /styles/layout/footer.css
2025-10-28T09:02:02.700Z DEBUG 17400 --- [backofficeAPI] [http-nio-8080-exec-7] o.s.security.web.FilterChainProxy        : Securing GET /styles/login.css
2025-10-28T09:02:02.708Z DEBUG 17400 --- [backofficeAPI] [http-nio-8080-exec-6] o.s.security.web.FilterChainProxy        : Securing GET /scripts/script.js
2025-10-28T09:02:02.709Z DEBUG 17400 --- [backofficeAPI] [http-nio-8080-exec-3] o.s.security.web.FilterChainProxy        : Securing GET /styles/base.css
2025-10-28T09:02:02.710Z DEBUG 17400 --- [backofficeAPI] [http-nio-8080-exec-4] o.s.security.web.FilterChainProxy        : Securing GET /scripts/login.js
2025-10-28T09:02:02.711Z DEBUG 17400 --- [backofficeAPI] [http-nio-8080-exec-1] o.s.s.w.a.AnonymousAuthenticationFilter  : Set SecurityContextHolder to anonymous SecurityContext
2025-10-28T09:02:02.711Z DEBUG 17400 --- [backofficeAPI] [http-nio-8080-exec-7] o.s.s.w.a.AnonymousAuthenticationFilter  : Set SecurityContextHolder to anonymous SecurityContext
2025-10-28T09:02:02.713Z DEBUG 17400 --- [backofficeAPI] [http-nio-8080-exec-6] o.s.s.w.a.AnonymousAuthenticationFilter  : Set SecurityContextHolder to anonymous SecurityContext
2025-10-28T09:02:02.713Z DEBUG 17400 --- [backofficeAPI] [http-nio-8080-exec-10] o.s.s.w.a.AnonymousAuthenticationFilter  : Set SecurityContextHolder to anonymous SecurityContext
2025-10-28T09:02:02.716Z DEBUG 17400 --- [backofficeAPI] [http-nio-8080-exec-3] o.s.s.w.a.AnonymousAuthenticationFilter  : Set SecurityContextHolder to anonymous SecurityContext
2025-10-28T09:02:02.717Z DEBUG 17400 --- [backofficeAPI] [http-nio-8080-exec-1] o.s.security.web.FilterChainProxy        : Secured GET /styles/layout/header.css
2025-10-28T09:02:02.718Z DEBUG 17400 --- [backofficeAPI] [http-nio-8080-exec-7] o.s.security.web.FilterChainProxy        : Secured GET /styles/login.css
2025-10-28T09:02:02.718Z DEBUG 17400 --- [backofficeAPI] [http-nio-8080-exec-4] o.s.s.w.a.AnonymousAuthenticationFilter  : Set SecurityContextHolder to anonymous SecurityContext
2025-10-28T09:02:02.719Z DEBUG 17400 --- [backofficeAPI] [http-nio-8080-exec-6] o.s.security.web.FilterChainProxy        : Secured GET /scripts/script.js
2025-10-28T09:02:02.719Z DEBUG 17400 --- [backofficeAPI] [http-nio-8080-exec-10] o.s.security.web.FilterChainProxy        : Secured GET /styles/layout/footer.css
2025-10-28T09:02:02.719Z DEBUG 17400 --- [backofficeAPI] [http-nio-8080-exec-3] o.s.security.web.FilterChainProxy        : Secured GET /styles/base.css
2025-10-28T09:02:02.720Z DEBUG 17400 --- [backofficeAPI] [http-nio-8080-exec-4] o.s.security.web.FilterChainProxy        : Secured GET /scripts/login.js
2025-10-28T09:02:02.751Z DEBUG 17400 --- [backofficeAPI] [http-nio-8080-exec-2] o.s.security.web.FilterChainProxy        : Securing GET /assets/background.png
2025-10-28T09:02:02.754Z DEBUG 17400 --- [backofficeAPI] [http-nio-8080-exec-2] o.s.s.w.a.AnonymousAuthenticationFilter  : Set SecurityContextHolder to anonymous SecurityContext
2025-10-28T09:02:02.756Z DEBUG 17400 --- [backofficeAPI] [http-nio-8080-exec-2] o.s.security.web.FilterChainProxy        : Secured GET /assets/background.png
2025-10-28T09:02:02.772Z DEBUG 17400 --- [backofficeAPI] [http-nio-8080-exec-5] o.s.security.web.FilterChainProxy        : Securing GET /favicon.ico
2025-10-28T09:02:02.774Z DEBUG 17400 --- [backofficeAPI] [http-nio-8080-exec-5] o.s.s.w.a.AnonymousAuthenticationFilter  : Set SecurityContextHolder to anonymous SecurityContext
2025-10-28T09:02:02.775Z DEBUG 17400 --- [backofficeAPI] [http-nio-8080-exec-5] o.s.security.web.FilterChainProxy        : Secured GET /favicon.ico
2025-10-28T09:02:02.778Z ERROR 17400 --- [backofficeAPI] [http-nio-8080-exec-5] o.d.b.exception.GlobalExceptionHandler   : Unexpected error occurred

org.springframework.web.servlet.resource.NoResourceFoundException: No static resource favicon.ico.
	at org.springframework.web.servlet.resource.ResourceHttpRequestHandler.handleRequest(ResourceHttpRequestHandler.java:585) ~[spring-webmvc-6.2.11.jar:6.2.11]
	at org.springframework.web.servlet.mvc.HttpRequestHandlerAdapter.handle(HttpRequestHandlerAdapter.java:52) ~[spring-webmvc-6.2.11.jar:6.2.11]
	at org.springframework.web.servlet.DispatcherServlet.doDispatch(DispatcherServlet.java:1089) ~[spring-webmvc-6.2.11.jar:6.2.11]
	at org.springframework.web.servlet.DispatcherServlet.doService(DispatcherServlet.java:979) ~[spring-webmvc-6.2.11.jar:6.2.11]
	at org.springframework.web.servlet.FrameworkServlet.processRequest(FrameworkServlet.java:1014) ~[spring-webmvc-6.2.11.jar:6.2.11]
	at org.springframework.web.servlet.FrameworkServlet.doGet(FrameworkServlet.java:903) ~[spring-webmvc-6.2.11.jar:6.2.11]
	at jakarta.servlet.http.HttpServlet.service(HttpServlet.java:564) ~[tomcat-embed-core-10.1.46.jar:6.0]
	at org.springframework.web.servlet.FrameworkServlet.service(FrameworkServlet.java:885) ~[spring-webmvc-6.2.11.jar:6.2.11]
	at jakarta.servlet.http.HttpServlet.service(HttpServlet.java:658) ~[tomcat-embed-core-10.1.46.jar:6.0]
	at org.apache.catalina.core.ApplicationFilterChain.internalDoFilter(ApplicationFilterChain.java:195) ~[tomcat-embed-core-10.1.46.jar:10.1.46]
	at org.apache.catalina.core.ApplicationFilterChain.doFilter(ApplicationFilterChain.java:140) ~[tomcat-embed-core-10.1.46.jar:10.1.46]
	at org.apache.tomcat.websocket.server.WsFilter.doFilter(WsFilter.java:51) ~[tomcat-embed-websocket-10.1.46.jar:10.1.46]
	at org.apache.catalina.core.ApplicationFilterChain.internalDoFilter(ApplicationFilterChain.java:164) ~[tomcat-embed-core-10.1.46.jar:10.1.46]
	at org.apache.catalina.core.ApplicationFilterChain.doFilter(ApplicationFilterChain.java:140) ~[tomcat-embed-core-10.1.46.jar:10.1.46]
	at org.springframework.web.filter.OncePerRequestFilter.doFilter(OncePerRequestFilter.java:110) ~[spring-web-6.2.11.jar:6.2.11]
	at org.apache.catalina.core.ApplicationFilterChain.internalDoFilter(ApplicationFilterChain.java:164) ~[tomcat-embed-core-10.1.46.jar:10.1.46]
	at org.apache.catalina.core.ApplicationFilterChain.doFilter(ApplicationFilterChain.java:140) ~[tomcat-embed-core-10.1.46.jar:10.1.46]
	at org.springframework.web.filter.CompositeFilter$VirtualFilterChain.doFilter(CompositeFilter.java:108) ~[spring-web-6.2.11.jar:6.2.11]
	at org.springframework.web.filter.CompositeFilter$VirtualFilterChain.doFilter(CompositeFilter.java:108) ~[spring-web-6.2.11.jar:6.2.11]
	at org.springframework.security.web.FilterChainProxy.lambda$doFilterInternal$3(FilterChainProxy.java:231) ~[spring-security-web-6.5.5.jar:6.5.5]
	at org.springframework.security.web.FilterChainProxy$VirtualFilterChain.doFilter(FilterChainProxy.java:365) ~[spring-security-web-6.5.5.jar:6.5.5]
	at org.springframework.security.web.access.intercept.AuthorizationFilter.doFilter(AuthorizationFilter.java:101) ~[spring-security-web-6.5.5.jar:6.5.5]
	at org.springframework.security.web.FilterChainProxy$VirtualFilterChain.doFilter(FilterChainProxy.java:374) ~[spring-security-web-6.5.5.jar:6.5.5]
	at org.springframework.security.web.access.ExceptionTranslationFilter.doFilter(ExceptionTranslationFilter.java:125) ~[spring-security-web-6.5.5.jar:6.5.5]
	at org.springframework.security.web.access.ExceptionTranslationFilter.doFilter(ExceptionTranslationFilter.java:119) ~[spring-security-web-6.5.5.jar:6.5.5]
	at org.springframework.security.web.FilterChainProxy$VirtualFilterChain.doFilter(FilterChainProxy.java:374) ~[spring-security-web-6.5.5.jar:6.5.5]
	at org.springframework.security.web.session.SessionManagementFilter.doFilter(SessionManagementFilter.java:131) ~[spring-security-web-6.5.5.jar:6.5.5]
	at org.springframework.security.web.session.SessionManagementFilter.doFilter(SessionManagementFilter.java:85) ~[spring-security-web-6.5.5.jar:6.5.5]
	at org.springframework.security.web.FilterChainProxy$VirtualFilterChain.doFilter(FilterChainProxy.java:374) ~[spring-security-web-6.5.5.jar:6.5.5]
	at org.springframework.security.web.authentication.AnonymousAuthenticationFilter.doFilter(AnonymousAuthenticationFilter.java:100) ~[spring-security-web-6.5.5.jar:6.5.5]
	at org.springframework.security.web.FilterChainProxy$VirtualFilterChain.doFilter(FilterChainProxy.java:374) ~[spring-security-web-6.5.5.jar:6.5.5]
	at org.springframework.security.web.servletapi.SecurityContextHolderAwareRequestFilter.doFilter(SecurityContextHolderAwareRequestFilter.java:179) ~[spring-security-web-6.5.5.jar:6.5.5]
	at org.springframework.security.web.FilterChainProxy$VirtualFilterChain.doFilter(FilterChainProxy.java:374) ~[spring-security-web-6.5.5.jar:6.5.5]
	at org.springframework.security.web.savedrequest.RequestCacheAwareFilter.doFilter(RequestCacheAwareFilter.java:63) ~[spring-security-web-6.5.5.jar:6.5.5]
	at org.springframework.security.web.FilterChainProxy$VirtualFilterChain.doFilter(FilterChainProxy.java:374) ~[spring-security-web-6.5.5.jar:6.5.5]
	at org.dubini.backofficeAPI.security.JwtFilter.doFilterInternal(JwtFilter.java:56) ~[classes/:na]
	at org.springframework.web.filter.OncePerRequestFilter.doFilter(OncePerRequestFilter.java:116) ~[spring-web-6.2.11.jar:6.2.11]
	at org.springframework.security.web.FilterChainProxy$VirtualFilterChain.doFilter(FilterChainProxy.java:374) ~[spring-security-web-6.5.5.jar:6.5.5]
	at org.springframework.security.web.authentication.logout.LogoutFilter.doFilter(LogoutFilter.java:107) ~[spring-security-web-6.5.5.jar:6.5.5]
	at org.springframework.security.web.authentication.logout.LogoutFilter.doFilter(LogoutFilter.java:93) ~[spring-security-web-6.5.5.jar:6.5.5]
	at org.springframework.security.web.FilterChainProxy$VirtualFilterChain.doFilter(FilterChainProxy.java:374) ~[spring-security-web-6.5.5.jar:6.5.5]
	at org.springframework.security.web.header.HeaderWriterFilter.doHeadersAfter(HeaderWriterFilter.java:90) ~[spring-security-web-6.5.5.jar:6.5.5]
	at org.springframework.security.web.header.HeaderWriterFilter.doFilterInternal(HeaderWriterFilter.java:75) ~[spring-security-web-6.5.5.jar:6.5.5]
	at org.springframework.web.filter.OncePerRequestFilter.doFilter(OncePerRequestFilter.java:116) ~[spring-web-6.2.11.jar:6.2.11]
	at org.springframework.security.web.FilterChainProxy$VirtualFilterChain.doFilter(FilterChainProxy.java:374) ~[spring-security-web-6.5.5.jar:6.5.5]
	at org.springframework.security.web.context.SecurityContextHolderFilter.doFilter(SecurityContextHolderFilter.java:82) ~[spring-security-web-6.5.5.jar:6.5.5]
	at org.springframework.security.web.context.SecurityContextHolderFilter.doFilter(SecurityContextHolderFilter.java:69) ~[spring-security-web-6.5.5.jar:6.5.5]
	at org.springframework.security.web.FilterChainProxy$VirtualFilterChain.doFilter(FilterChainProxy.java:374) ~[spring-security-web-6.5.5.jar:6.5.5]
	at org.springframework.security.web.context.request.async.WebAsyncManagerIntegrationFilter.doFilterInternal(WebAsyncManagerIntegrationFilter.java:62) ~[spring-security-web-6.5.5.jar:6.5.5]
	at org.springframework.web.filter.OncePerRequestFilter.doFilter(OncePerRequestFilter.java:116) ~[spring-web-6.2.11.jar:6.2.11]
	at org.springframework.security.web.FilterChainProxy$VirtualFilterChain.doFilter(FilterChainProxy.java:374) ~[spring-security-web-6.5.5.jar:6.5.5]
	at org.springframework.security.web.session.DisableEncodeUrlFilter.doFilterInternal(DisableEncodeUrlFilter.java:42) ~[spring-security-web-6.5.5.jar:6.5.5]
	at org.springframework.web.filter.OncePerRequestFilter.doFilter(OncePerRequestFilter.java:116) ~[spring-web-6.2.11.jar:6.2.11]
	at org.springframework.security.web.FilterChainProxy$VirtualFilterChain.doFilter(FilterChainProxy.java:374) ~[spring-security-web-6.5.5.jar:6.5.5]
	at org.springframework.security.web.FilterChainProxy.doFilterInternal(FilterChainProxy.java:233) ~[spring-security-web-6.5.5.jar:6.5.5]
	at org.springframework.security.web.FilterChainProxy.doFilter(FilterChainProxy.java:191) ~[spring-security-web-6.5.5.jar:6.5.5]
	at org.springframework.web.filter.CompositeFilter$VirtualFilterChain.doFilter(CompositeFilter.java:113) ~[spring-web-6.2.11.jar:6.2.11]
	at org.springframework.web.filter.ServletRequestPathFilter.doFilter(ServletRequestPathFilter.java:52) ~[spring-web-6.2.11.jar:6.2.11]
	at org.springframework.web.filter.CompositeFilter$VirtualFilterChain.doFilter(CompositeFilter.java:113) ~[spring-web-6.2.11.jar:6.2.11]
	at org.springframework.web.filter.CompositeFilter.doFilter(CompositeFilter.java:74) ~[spring-web-6.2.11.jar:6.2.11]
	at org.springframework.security.config.annotation.web.configuration.WebSecurityConfiguration$CompositeFilterChainProxy.doFilter(WebSecurityConfiguration.java:319) ~[spring-security-config-6.5.5.jar:6.5.5]
	at org.springframework.web.filter.CompositeFilter$VirtualFilterChain.doFilter(CompositeFilter.java:113) ~[spring-web-6.2.11.jar:6.2.11]
	at org.springframework.web.servlet.handler.HandlerMappingIntrospector.lambda$createCacheFilter$4(HandlerMappingIntrospector.java:267) ~[spring-webmvc-6.2.11.jar:6.2.11]
	at org.springframework.web.filter.CompositeFilter$VirtualFilterChain.doFilter(CompositeFilter.java:113) ~[spring-web-6.2.11.jar:6.2.11]
	at org.springframework.web.filter.CompositeFilter.doFilter(CompositeFilter.java:74) ~[spring-web-6.2.11.jar:6.2.11]
	at org.springframework.security.config.annotation.web.configuration.WebMvcSecurityConfiguration$CompositeFilterChainProxy.doFilter(WebMvcSecurityConfiguration.java:240) ~[spring-security-config-6.5.5.jar:6.5.5]
	at org.springframework.web.filter.DelegatingFilterProxy.invokeDelegate(DelegatingFilterProxy.java:362) ~[spring-web-6.2.11.jar:6.2.11]
	at org.springframework.web.filter.DelegatingFilterProxy.doFilter(DelegatingFilterProxy.java:278) ~[spring-web-6.2.11.jar:6.2.11]
	at org.apache.catalina.core.ApplicationFilterChain.internalDoFilter(ApplicationFilterChain.java:164) ~[tomcat-embed-core-10.1.46.jar:10.1.46]
	at org.apache.catalina.core.ApplicationFilterChain.doFilter(ApplicationFilterChain.java:140) ~[tomcat-embed-core-10.1.46.jar:10.1.46]
	at org.springframework.web.filter.RequestContextFilter.doFilterInternal(RequestContextFilter.java:100) ~[spring-web-6.2.11.jar:6.2.11]
	at org.springframework.web.filter.OncePerRequestFilter.doFilter(OncePerRequestFilter.java:116) ~[spring-web-6.2.11.jar:6.2.11]
	at org.apache.catalina.core.ApplicationFilterChain.internalDoFilter(ApplicationFilterChain.java:164) ~[tomcat-embed-core-10.1.46.jar:10.1.46]
	at org.apache.catalina.core.ApplicationFilterChain.doFilter(ApplicationFilterChain.java:140) ~[tomcat-embed-core-10.1.46.jar:10.1.46]
	at org.springframework.web.filter.FormContentFilter.doFilterInternal(FormContentFilter.java:93) ~[spring-web-6.2.11.jar:6.2.11]
	at org.springframework.web.filter.OncePerRequestFilter.doFilter(OncePerRequestFilter.java:116) ~[spring-web-6.2.11.jar:6.2.11]
	at org.apache.catalina.core.ApplicationFilterChain.internalDoFilter(ApplicationFilterChain.java:164) ~[tomcat-embed-core-10.1.46.jar:10.1.46]
	at org.apache.catalina.core.ApplicationFilterChain.doFilter(ApplicationFilterChain.java:140) ~[tomcat-embed-core-10.1.46.jar:10.1.46]
	at org.springframework.web.filter.CharacterEncodingFilter.doFilterInternal(CharacterEncodingFilter.java:201) ~[spring-web-6.2.11.jar:6.2.11]
	at org.springframework.web.filter.OncePerRequestFilter.doFilter(OncePerRequestFilter.java:116) ~[spring-web-6.2.11.jar:6.2.11]
	at org.apache.catalina.core.ApplicationFilterChain.internalDoFilter(ApplicationFilterChain.java:164) ~[tomcat-embed-core-10.1.46.jar:10.1.46]
	at org.apache.catalina.core.ApplicationFilterChain.doFilter(ApplicationFilterChain.java:140) ~[tomcat-embed-core-10.1.46.jar:10.1.46]
	at org.apache.catalina.core.StandardWrapperValve.invoke(StandardWrapperValve.java:167) ~[tomcat-embed-core-10.1.46.jar:10.1.46]
	at org.apache.catalina.core.StandardContextValve.invoke(StandardContextValve.java:90) ~[tomcat-embed-core-10.1.46.jar:10.1.46]
	at org.apache.catalina.authenticator.AuthenticatorBase.invoke(AuthenticatorBase.java:483) ~[tomcat-embed-core-10.1.46.jar:10.1.46]
	at org.apache.catalina.core.StandardHostValve.invoke(StandardHostValve.java:116) ~[tomcat-embed-core-10.1.46.jar:10.1.46]
	at org.apache.catalina.valves.ErrorReportValve.invoke(ErrorReportValve.java:93) ~[tomcat-embed-core-10.1.46.jar:10.1.46]
	at org.apache.catalina.core.StandardEngineValve.invoke(StandardEngineValve.java:74) ~[tomcat-embed-core-10.1.46.jar:10.1.46]
	at org.apache.catalina.connector.CoyoteAdapter.service(CoyoteAdapter.java:344) ~[tomcat-embed-core-10.1.46.jar:10.1.46]
	at org.apache.coyote.http11.Http11Processor.service(Http11Processor.java:398) ~[tomcat-embed-core-10.1.46.jar:10.1.46]
	at org.apache.coyote.AbstractProcessorLight.process(AbstractProcessorLight.java:63) ~[tomcat-embed-core-10.1.46.jar:10.1.46]
	at org.apache.coyote.AbstractProtocol$ConnectionHandler.process(AbstractProtocol.java:903) ~[tomcat-embed-core-10.1.46.jar:10.1.46]
	at org.apache.tomcat.util.net.NioEndpoint$SocketProcessor.doRun(NioEndpoint.java:1776) ~[tomcat-embed-core-10.1.46.jar:10.1.46]
	at org.apache.tomcat.util.net.SocketProcessorBase.run(SocketProcessorBase.java:52) ~[tomcat-embed-core-10.1.46.jar:10.1.46]
	at org.apache.tomcat.util.threads.ThreadPoolExecutor.runWorker(ThreadPoolExecutor.java:975) ~[tomcat-embed-core-10.1.46.jar:10.1.46]
	at org.apache.tomcat.util.threads.ThreadPoolExecutor$Worker.run(ThreadPoolExecutor.java:493) ~[tomcat-embed-core-10.1.46.jar:10.1.46]
	at org.apache.tomcat.util.threads.TaskThread$WrappingRunnable.run(TaskThread.java:63) ~[tomcat-embed-core-10.1.46.jar:10.1.46]
	at java.base/java.lang.Thread.run(Thread.java:842) ~[na:na]

2025-10-28T09:02:02.790Z  WARN 17400 --- [backofficeAPI] [http-nio-8080-exec-5] .m.m.a.ExceptionHandlerExceptionResolver : Resolved [org.springframework.web.servlet.resource.NoResourceFoundException: No static resource favicon.ico.]
2025-10-28T09:02:10.834Z DEBUG 17400 --- [backofficeAPI] [http-nio-8080-exec-8] o.s.security.web.FilterChainProxy        : Securing GET /api/news
2025-10-28T09:02:10.838Z DEBUG 17400 --- [backofficeAPI] [http-nio-8080-exec-8] o.s.security.web.FilterChainProxy        : Secured GET /api/news
2025-10-28T09:02:10.838Z DEBUG 17400 --- [backofficeAPI] [http-nio-8080-exec-8] o.d.b.controller.NewsController          : GET request to retrieve all news
2025-10-28T09:02:10.839Z DEBUG 17400 --- [backofficeAPI] [http-nio-8080-exec-8] o.d.backofficeAPI.service.NewsService    : Retrieving all news
2025-10-28T09:02:10.847Z DEBUG 17400 --- [backofficeAPI] [http-nio-8080-exec-8] o.d.backofficeAPI.service.NewsService    : Retrieved 3 news articles
2025-10-28T09:02:20.327Z DEBUG 17400 --- [backofficeAPI] [http-nio-8080-exec-9] o.s.security.web.FilterChainProxy        : Securing GET /editor/noticias
2025-10-28T09:02:20.354Z DEBUG 17400 --- [backofficeAPI] [http-nio-8080-exec-9] o.s.security.web.FilterChainProxy        : Secured GET /editor/noticias
2025-10-28T09:02:20.398Z  WARN 17400 --- [backofficeAPI] [http-nio-8080-exec-9] actStandardFragmentInsertionTagProcessor : [THYMELEAF][http-nio-8080-exec-9][news] Deprecated unwrapped fragment expression "fragments/header :: header" found in template news, line 18, col 8. Please use the complete syntax of fragment expressions instead ("~{fragments/header :: header}"). The old, unwrapped syntax for fragment expressions will be removed in future versions of Thymeleaf.
2025-10-28T09:02:20.642Z DEBUG 17400 --- [backofficeAPI] [http-nio-8080-exec-3] o.s.security.web.FilterChainProxy        : Securing GET /styles/layout/footer.css
2025-10-28T09:02:20.642Z DEBUG 17400 --- [backofficeAPI] [http-nio-8080-exec-6] o.s.security.web.FilterChainProxy        : Securing GET /styles/layout/header.css
2025-10-28T09:02:20.646Z DEBUG 17400 --- [backofficeAPI] [http-nio-8080-exec-7] o.s.security.web.FilterChainProxy        : Securing GET /styles/base.css
2025-10-28T09:02:20.647Z DEBUG 17400 --- [backofficeAPI] [http-nio-8080-exec-4] o.s.security.web.FilterChainProxy        : Securing GET /styles/login.css
2025-10-28T09:02:20.668Z DEBUG 17400 --- [backofficeAPI] [http-nio-8080-exec-10] o.s.security.web.FilterChainProxy        : Securing GET /scripts/script.js
2025-10-28T09:02:20.656Z DEBUG 17400 --- [backofficeAPI] [http-nio-8080-exec-1] o.s.security.web.FilterChainProxy        : Securing GET /styles/news.css
2025-10-28T09:02:20.666Z DEBUG 17400 --- [backofficeAPI] [http-nio-8080-exec-3] o.s.s.w.a.AnonymousAuthenticationFilter  : Set SecurityContextHolder to anonymous SecurityContext
2025-10-28T09:02:20.682Z DEBUG 17400 --- [backofficeAPI] [http-nio-8080-exec-6] o.s.s.w.a.AnonymousAuthenticationFilter  : Set SecurityContextHolder to anonymous SecurityContext
2025-10-28T09:02:20.683Z DEBUG 17400 --- [backofficeAPI] [http-nio-8080-exec-7] o.s.s.w.a.AnonymousAuthenticationFilter  : Set SecurityContextHolder to anonymous SecurityContext
2025-10-28T09:02:20.683Z DEBUG 17400 --- [backofficeAPI] [http-nio-8080-exec-4] o.s.s.w.a.AnonymousAuthenticationFilter  : Set SecurityContextHolder to anonymous SecurityContext
2025-10-28T09:02:20.692Z DEBUG 17400 --- [backofficeAPI] [http-nio-8080-exec-1] o.s.s.w.a.AnonymousAuthenticationFilter  : Set SecurityContextHolder to anonymous SecurityContext
2025-10-28T09:02:20.693Z DEBUG 17400 --- [backofficeAPI] [http-nio-8080-exec-10] o.s.s.w.a.AnonymousAuthenticationFilter  : Set SecurityContextHolder to anonymous SecurityContext
2025-10-28T09:02:20.693Z DEBUG 17400 --- [backofficeAPI] [http-nio-8080-exec-3] o.s.security.web.FilterChainProxy        : Secured GET /styles/layout/footer.css
2025-10-28T09:02:20.693Z DEBUG 17400 --- [backofficeAPI] [http-nio-8080-exec-6] o.s.security.web.FilterChainProxy        : Secured GET /styles/layout/header.css
2025-10-28T09:02:20.693Z DEBUG 17400 --- [backofficeAPI] [http-nio-8080-exec-7] o.s.security.web.FilterChainProxy        : Secured GET /styles/base.css
2025-10-28T09:02:20.693Z DEBUG 17400 --- [backofficeAPI] [http-nio-8080-exec-4] o.s.security.web.FilterChainProxy        : Secured GET /styles/login.css
2025-10-28T09:02:20.695Z DEBUG 17400 --- [backofficeAPI] [http-nio-8080-exec-1] o.s.security.web.FilterChainProxy        : Secured GET /styles/news.css
2025-10-28T09:02:20.696Z DEBUG 17400 --- [backofficeAPI] [http-nio-8080-exec-10] o.s.security.web.FilterChainProxy        : Secured GET /scripts/script.js
2025-10-28T09:02:20.791Z DEBUG 17400 --- [backofficeAPI] [http-nio-8080-exec-2] o.s.security.web.FilterChainProxy        : Securing GET /scripts/pages/news.js
2025-10-28T09:02:20.836Z DEBUG 17400 --- [backofficeAPI] [http-nio-8080-exec-2] o.s.s.w.a.AnonymousAuthenticationFilter  : Set SecurityContextHolder to anonymous SecurityContext
2025-10-28T09:02:20.867Z DEBUG 17400 --- [backofficeAPI] [http-nio-8080-exec-2] o.s.security.web.FilterChainProxy        : Secured GET /scripts/pages/news.js
2025-10-28T09:02:20.968Z DEBUG 17400 --- [backofficeAPI] [http-nio-8080-exec-5] o.s.security.web.FilterChainProxy        : Securing GET /assets/logo.png
2025-10-28T09:02:20.983Z DEBUG 17400 --- [backofficeAPI] [http-nio-8080-exec-8] o.s.security.web.FilterChainProxy        : Securing GET /assets/background.png
2025-10-28T09:02:20.990Z DEBUG 17400 --- [backofficeAPI] [http-nio-8080-exec-9] o.s.security.web.FilterChainProxy        : Securing GET /assets/navmenu.png
2025-10-28T09:02:20.991Z DEBUG 17400 --- [backofficeAPI] [http-nio-8080-exec-5] o.s.s.w.a.AnonymousAuthenticationFilter  : Set SecurityContextHolder to anonymous SecurityContext
2025-10-28T09:02:21.008Z DEBUG 17400 --- [backofficeAPI] [http-nio-8080-exec-5] o.s.security.web.FilterChainProxy        : Secured GET /assets/logo.png
2025-10-28T09:02:21.021Z DEBUG 17400 --- [backofficeAPI] [http-nio-8080-exec-8] o.s.s.w.a.AnonymousAuthenticationFilter  : Set SecurityContextHolder to anonymous SecurityContext
2025-10-28T09:02:21.023Z DEBUG 17400 --- [backofficeAPI] [http-nio-8080-exec-9] o.s.s.w.a.AnonymousAuthenticationFilter  : Set SecurityContextHolder to anonymous SecurityContext
2025-10-28T09:02:21.028Z DEBUG 17400 --- [backofficeAPI] [http-nio-8080-exec-8] o.s.security.web.FilterChainProxy        : Secured GET /assets/background.png
2025-10-28T09:02:21.028Z DEBUG 17400 --- [backofficeAPI] [http-nio-8080-exec-9] o.s.security.web.FilterChainProxy        : Secured GET /assets/navmenu.png
2025-10-28T09:02:21.084Z DEBUG 17400 --- [backofficeAPI] [http-nio-8080-exec-3] o.s.security.web.FilterChainProxy        : Securing GET /scripts/api/newsService.js
2025-10-28T09:02:21.089Z DEBUG 17400 --- [backofficeAPI] [http-nio-8080-exec-3] o.s.s.w.a.AnonymousAuthenticationFilter  : Set SecurityContextHolder to anonymous SecurityContext
2025-10-28T09:02:21.090Z DEBUG 17400 --- [backofficeAPI] [http-nio-8080-exec-3] o.s.security.web.FilterChainProxy        : Secured GET /scripts/api/newsService.js
2025-10-28T09:02:21.119Z DEBUG 17400 --- [backofficeAPI] [http-nio-8080-exec-6] o.s.security.web.FilterChainProxy        : Securing GET /api/news
2025-10-28T09:02:21.134Z DEBUG 17400 --- [backofficeAPI] [http-nio-8080-exec-6] o.s.security.web.FilterChainProxy        : Secured GET /api/news
2025-10-28T09:02:21.135Z DEBUG 17400 --- [backofficeAPI] [http-nio-8080-exec-6] o.d.b.controller.NewsController          : GET request to retrieve all news
2025-10-28T09:02:21.136Z DEBUG 17400 --- [backofficeAPI] [http-nio-8080-exec-6] o.d.backofficeAPI.service.NewsService    : Retrieving all news
2025-10-28T09:02:21.148Z DEBUG 17400 --- [backofficeAPI] [http-nio-8080-exec-6] o.d.backofficeAPI.service.NewsService    : Retrieved 3 news articles
2025-10-28T09:02:21.163Z DEBUG 17400 --- [backofficeAPI] [http-nio-8080-exec-7] o.s.security.web.FilterChainProxy        : Securing GET /favicon.ico
2025-10-28T09:02:21.164Z DEBUG 17400 --- [backofficeAPI] [http-nio-8080-exec-7] o.s.s.w.a.AnonymousAuthenticationFilter  : Set SecurityContextHolder to anonymous SecurityContext
2025-10-28T09:02:21.165Z DEBUG 17400 --- [backofficeAPI] [http-nio-8080-exec-7] o.s.security.web.FilterChainProxy        : Secured GET /favicon.ico
2025-10-28T09:02:21.167Z ERROR 17400 --- [backofficeAPI] [http-nio-8080-exec-7] o.d.b.exception.GlobalExceptionHandler   : Unexpected error occurred

org.springframework.web.servlet.resource.NoResourceFoundException: No static resource favicon.ico.
	at org.springframework.web.servlet.resource.ResourceHttpRequestHandler.handleRequest(ResourceHttpRequestHandler.java:585) ~[spring-webmvc-6.2.11.jar:6.2.11]
	at org.springframework.web.servlet.mvc.HttpRequestHandlerAdapter.handle(HttpRequestHandlerAdapter.java:52) ~[spring-webmvc-6.2.11.jar:6.2.11]
	at org.springframework.web.servlet.DispatcherServlet.doDispatch(DispatcherServlet.java:1089) ~[spring-webmvc-6.2.11.jar:6.2.11]
	at org.springframework.web.servlet.DispatcherServlet.doService(DispatcherServlet.java:979) ~[spring-webmvc-6.2.11.jar:6.2.11]
	at org.springframework.web.servlet.FrameworkServlet.processRequest(FrameworkServlet.java:1014) ~[spring-webmvc-6.2.11.jar:6.2.11]
	at org.springframework.web.servlet.FrameworkServlet.doGet(FrameworkServlet.java:903) ~[spring-webmvc-6.2.11.jar:6.2.11]
	at jakarta.servlet.http.HttpServlet.service(HttpServlet.java:564) ~[tomcat-embed-core-10.1.46.jar:6.0]
	at org.springframework.web.servlet.FrameworkServlet.service(FrameworkServlet.java:885) ~[spring-webmvc-6.2.11.jar:6.2.11]
	at jakarta.servlet.http.HttpServlet.service(HttpServlet.java:658) ~[tomcat-embed-core-10.1.46.jar:6.0]
	at org.apache.catalina.core.ApplicationFilterChain.internalDoFilter(ApplicationFilterChain.java:195) ~[tomcat-embed-core-10.1.46.jar:10.1.46]
	at org.apache.catalina.core.ApplicationFilterChain.doFilter(ApplicationFilterChain.java:140) ~[tomcat-embed-core-10.1.46.jar:10.1.46]
	at org.apache.tomcat.websocket.server.WsFilter.doFilter(WsFilter.java:51) ~[tomcat-embed-websocket-10.1.46.jar:10.1.46]
	at org.apache.catalina.core.ApplicationFilterChain.internalDoFilter(ApplicationFilterChain.java:164) ~[tomcat-embed-core-10.1.46.jar:10.1.46]
	at org.apache.catalina.core.ApplicationFilterChain.doFilter(ApplicationFilterChain.java:140) ~[tomcat-embed-core-10.1.46.jar:10.1.46]
	at org.springframework.web.filter.OncePerRequestFilter.doFilter(OncePerRequestFilter.java:110) ~[spring-web-6.2.11.jar:6.2.11]
	at org.apache.catalina.core.ApplicationFilterChain.internalDoFilter(ApplicationFilterChain.java:164) ~[tomcat-embed-core-10.1.46.jar:10.1.46]
	at org.apache.catalina.core.ApplicationFilterChain.doFilter(ApplicationFilterChain.java:140) ~[tomcat-embed-core-10.1.46.jar:10.1.46]
	at org.springframework.web.filter.CompositeFilter$VirtualFilterChain.doFilter(CompositeFilter.java:108) ~[spring-web-6.2.11.jar:6.2.11]
	at org.springframework.web.filter.CompositeFilter$VirtualFilterChain.doFilter(CompositeFilter.java:108) ~[spring-web-6.2.11.jar:6.2.11]
	at org.springframework.security.web.FilterChainProxy.lambda$doFilterInternal$3(FilterChainProxy.java:231) ~[spring-security-web-6.5.5.jar:6.5.5]
	at org.springframework.security.web.FilterChainProxy$VirtualFilterChain.doFilter(FilterChainProxy.java:365) ~[spring-security-web-6.5.5.jar:6.5.5]
	at org.springframework.security.web.access.intercept.AuthorizationFilter.doFilter(AuthorizationFilter.java:101) ~[spring-security-web-6.5.5.jar:6.5.5]
	at org.springframework.security.web.FilterChainProxy$VirtualFilterChain.doFilter(FilterChainProxy.java:374) ~[spring-security-web-6.5.5.jar:6.5.5]
	at org.springframework.security.web.access.ExceptionTranslationFilter.doFilter(ExceptionTranslationFilter.java:125) ~[spring-security-web-6.5.5.jar:6.5.5]
	at org.springframework.security.web.access.ExceptionTranslationFilter.doFilter(ExceptionTranslationFilter.java:119) ~[spring-security-web-6.5.5.jar:6.5.5]
	at org.springframework.security.web.FilterChainProxy$VirtualFilterChain.doFilter(FilterChainProxy.java:374) ~[spring-security-web-6.5.5.jar:6.5.5]
	at org.springframework.security.web.session.SessionManagementFilter.doFilter(SessionManagementFilter.java:131) ~[spring-security-web-6.5.5.jar:6.5.5]
	at org.springframework.security.web.session.SessionManagementFilter.doFilter(SessionManagementFilter.java:85) ~[spring-security-web-6.5.5.jar:6.5.5]
	at org.springframework.security.web.FilterChainProxy$VirtualFilterChain.doFilter(FilterChainProxy.java:374) ~[spring-security-web-6.5.5.jar:6.5.5]
	at org.springframework.security.web.authentication.AnonymousAuthenticationFilter.doFilter(AnonymousAuthenticationFilter.java:100) ~[spring-security-web-6.5.5.jar:6.5.5]
	at org.springframework.security.web.FilterChainProxy$VirtualFilterChain.doFilter(FilterChainProxy.java:374) ~[spring-security-web-6.5.5.jar:6.5.5]
	at org.springframework.security.web.servletapi.SecurityContextHolderAwareRequestFilter.doFilter(SecurityContextHolderAwareRequestFilter.java:179) ~[spring-security-web-6.5.5.jar:6.5.5]
	at org.springframework.security.web.FilterChainProxy$VirtualFilterChain.doFilter(FilterChainProxy.java:374) ~[spring-security-web-6.5.5.jar:6.5.5]
	at org.springframework.security.web.savedrequest.RequestCacheAwareFilter.doFilter(RequestCacheAwareFilter.java:63) ~[spring-security-web-6.5.5.jar:6.5.5]
	at org.springframework.security.web.FilterChainProxy$VirtualFilterChain.doFilter(FilterChainProxy.java:374) ~[spring-security-web-6.5.5.jar:6.5.5]
	at org.dubini.backofficeAPI.security.JwtFilter.doFilterInternal(JwtFilter.java:56) ~[classes/:na]
	at org.springframework.web.filter.OncePerRequestFilter.doFilter(OncePerRequestFilter.java:116) ~[spring-web-6.2.11.jar:6.2.11]
	at org.springframework.security.web.FilterChainProxy$VirtualFilterChain.doFilter(FilterChainProxy.java:374) ~[spring-security-web-6.5.5.jar:6.5.5]
	at org.springframework.security.web.authentication.logout.LogoutFilter.doFilter(LogoutFilter.java:107) ~[spring-security-web-6.5.5.jar:6.5.5]
	at org.springframework.security.web.authentication.logout.LogoutFilter.doFilter(LogoutFilter.java:93) ~[spring-security-web-6.5.5.jar:6.5.5]
	at org.springframework.security.web.FilterChainProxy$VirtualFilterChain.doFilter(FilterChainProxy.java:374) ~[spring-security-web-6.5.5.jar:6.5.5]
	at org.springframework.security.web.header.HeaderWriterFilter.doHeadersAfter(HeaderWriterFilter.java:90) ~[spring-security-web-6.5.5.jar:6.5.5]
	at org.springframework.security.web.header.HeaderWriterFilter.doFilterInternal(HeaderWriterFilter.java:75) ~[spring-security-web-6.5.5.jar:6.5.5]
	at org.springframework.web.filter.OncePerRequestFilter.doFilter(OncePerRequestFilter.java:116) ~[spring-web-6.2.11.jar:6.2.11]
	at org.springframework.security.web.FilterChainProxy$VirtualFilterChain.doFilter(FilterChainProxy.java:374) ~[spring-security-web-6.5.5.jar:6.5.5]
	at org.springframework.security.web.context.SecurityContextHolderFilter.doFilter(SecurityContextHolderFilter.java:82) ~[spring-security-web-6.5.5.jar:6.5.5]
	at org.springframework.security.web.context.SecurityContextHolderFilter.doFilter(SecurityContextHolderFilter.java:69) ~[spring-security-web-6.5.5.jar:6.5.5]
	at org.springframework.security.web.FilterChainProxy$VirtualFilterChain.doFilter(FilterChainProxy.java:374) ~[spring-security-web-6.5.5.jar:6.5.5]
	at org.springframework.security.web.context.request.async.WebAsyncManagerIntegrationFilter.doFilterInternal(WebAsyncManagerIntegrationFilter.java:62) ~[spring-security-web-6.5.5.jar:6.5.5]
	at org.springframework.web.filter.OncePerRequestFilter.doFilter(OncePerRequestFilter.java:116) ~[spring-web-6.2.11.jar:6.2.11]
	at org.springframework.security.web.FilterChainProxy$VirtualFilterChain.doFilter(FilterChainProxy.java:374) ~[spring-security-web-6.5.5.jar:6.5.5]
	at org.springframework.security.web.session.DisableEncodeUrlFilter.doFilterInternal(DisableEncodeUrlFilter.java:42) ~[spring-security-web-6.5.5.jar:6.5.5]
	at org.springframework.web.filter.OncePerRequestFilter.doFilter(OncePerRequestFilter.java:116) ~[spring-web-6.2.11.jar:6.2.11]
	at org.springframework.security.web.FilterChainProxy$VirtualFilterChain.doFilter(FilterChainProxy.java:374) ~[spring-security-web-6.5.5.jar:6.5.5]
	at org.springframework.security.web.FilterChainProxy.doFilterInternal(FilterChainProxy.java:233) ~[spring-security-web-6.5.5.jar:6.5.5]
	at org.springframework.security.web.FilterChainProxy.doFilter(FilterChainProxy.java:191) ~[spring-security-web-6.5.5.jar:6.5.5]
	at org.springframework.web.filter.CompositeFilter$VirtualFilterChain.doFilter(CompositeFilter.java:113) ~[spring-web-6.2.11.jar:6.2.11]
	at org.springframework.web.filter.ServletRequestPathFilter.doFilter(ServletRequestPathFilter.java:52) ~[spring-web-6.2.11.jar:6.2.11]
	at org.springframework.web.filter.CompositeFilter$VirtualFilterChain.doFilter(CompositeFilter.java:113) ~[spring-web-6.2.11.jar:6.2.11]
	at org.springframework.web.filter.CompositeFilter.doFilter(CompositeFilter.java:74) ~[spring-web-6.2.11.jar:6.2.11]
	at org.springframework.security.config.annotation.web.configuration.WebSecurityConfiguration$CompositeFilterChainProxy.doFilter(WebSecurityConfiguration.java:319) ~[spring-security-config-6.5.5.jar:6.5.5]
	at org.springframework.web.filter.CompositeFilter$VirtualFilterChain.doFilter(CompositeFilter.java:113) ~[spring-web-6.2.11.jar:6.2.11]
	at org.springframework.web.servlet.handler.HandlerMappingIntrospector.lambda$createCacheFilter$4(HandlerMappingIntrospector.java:267) ~[spring-webmvc-6.2.11.jar:6.2.11]
	at org.springframework.web.filter.CompositeFilter$VirtualFilterChain.doFilter(CompositeFilter.java:113) ~[spring-web-6.2.11.jar:6.2.11]
	at org.springframework.web.filter.CompositeFilter.doFilter(CompositeFilter.java:74) ~[spring-web-6.2.11.jar:6.2.11]
	at org.springframework.security.config.annotation.web.configuration.WebMvcSecurityConfiguration$CompositeFilterChainProxy.doFilter(WebMvcSecurityConfiguration.java:240) ~[spring-security-config-6.5.5.jar:6.5.5]
	at org.springframework.web.filter.DelegatingFilterProxy.invokeDelegate(DelegatingFilterProxy.java:362) ~[spring-web-6.2.11.jar:6.2.11]
	at org.springframework.web.filter.DelegatingFilterProxy.doFilter(DelegatingFilterProxy.java:278) ~[spring-web-6.2.11.jar:6.2.11]
	at org.apache.catalina.core.ApplicationFilterChain.internalDoFilter(ApplicationFilterChain.java:164) ~[tomcat-embed-core-10.1.46.jar:10.1.46]
	at org.apache.catalina.core.ApplicationFilterChain.doFilter(ApplicationFilterChain.java:140) ~[tomcat-embed-core-10.1.46.jar:10.1.46]
	at org.springframework.web.filter.RequestContextFilter.doFilterInternal(RequestContextFilter.java:100) ~[spring-web-6.2.11.jar:6.2.11]
	at org.springframework.web.filter.OncePerRequestFilter.doFilter(OncePerRequestFilter.java:116) ~[spring-web-6.2.11.jar:6.2.11]
	at org.apache.catalina.core.ApplicationFilterChain.internalDoFilter(ApplicationFilterChain.java:164) ~[tomcat-embed-core-10.1.46.jar:10.1.46]
	at org.apache.catalina.core.ApplicationFilterChain.doFilter(ApplicationFilterChain.java:140) ~[tomcat-embed-core-10.1.46.jar:10.1.46]
	at org.springframework.web.filter.FormContentFilter.doFilterInternal(FormContentFilter.java:93) ~[spring-web-6.2.11.jar:6.2.11]
	at org.springframework.web.filter.OncePerRequestFilter.doFilter(OncePerRequestFilter.java:116) ~[spring-web-6.2.11.jar:6.2.11]
	at org.apache.catalina.core.ApplicationFilterChain.internalDoFilter(ApplicationFilterChain.java:164) ~[tomcat-embed-core-10.1.46.jar:10.1.46]
	at org.apache.catalina.core.ApplicationFilterChain.doFilter(ApplicationFilterChain.java:140) ~[tomcat-embed-core-10.1.46.jar:10.1.46]
	at org.springframework.web.filter.CharacterEncodingFilter.doFilterInternal(CharacterEncodingFilter.java:201) ~[spring-web-6.2.11.jar:6.2.11]
	at org.springframework.web.filter.OncePerRequestFilter.doFilter(OncePerRequestFilter.java:116) ~[spring-web-6.2.11.jar:6.2.11]
	at org.apache.catalina.core.ApplicationFilterChain.internalDoFilter(ApplicationFilterChain.java:164) ~[tomcat-embed-core-10.1.46.jar:10.1.46]
	at org.apache.catalina.core.ApplicationFilterChain.doFilter(ApplicationFilterChain.java:140) ~[tomcat-embed-core-10.1.46.jar:10.1.46]
	at org.apache.catalina.core.StandardWrapperValve.invoke(StandardWrapperValve.java:167) ~[tomcat-embed-core-10.1.46.jar:10.1.46]
	at org.apache.catalina.core.StandardContextValve.invoke(StandardContextValve.java:90) ~[tomcat-embed-core-10.1.46.jar:10.1.46]
	at org.apache.catalina.authenticator.AuthenticatorBase.invoke(AuthenticatorBase.java:483) ~[tomcat-embed-core-10.1.46.jar:10.1.46]
	at org.apache.catalina.core.StandardHostValve.invoke(StandardHostValve.java:116) ~[tomcat-embed-core-10.1.46.jar:10.1.46]
	at org.apache.catalina.valves.ErrorReportValve.invoke(ErrorReportValve.java:93) ~[tomcat-embed-core-10.1.46.jar:10.1.46]
	at org.apache.catalina.core.StandardEngineValve.invoke(StandardEngineValve.java:74) ~[tomcat-embed-core-10.1.46.jar:10.1.46]
	at org.apache.catalina.connector.CoyoteAdapter.service(CoyoteAdapter.java:344) ~[tomcat-embed-core-10.1.46.jar:10.1.46]
	at org.apache.coyote.http11.Http11Processor.service(Http11Processor.java:398) ~[tomcat-embed-core-10.1.46.jar:10.1.46]
	at org.apache.coyote.AbstractProcessorLight.process(AbstractProcessorLight.java:63) ~[tomcat-embed-core-10.1.46.jar:10.1.46]
	at org.apache.coyote.AbstractProtocol$ConnectionHandler.process(AbstractProtocol.java:903) ~[tomcat-embed-core-10.1.46.jar:10.1.46]
	at org.apache.tomcat.util.net.NioEndpoint$SocketProcessor.doRun(NioEndpoint.java:1776) ~[tomcat-embed-core-10.1.46.jar:10.1.46]
	at org.apache.tomcat.util.net.SocketProcessorBase.run(SocketProcessorBase.java:52) ~[tomcat-embed-core-10.1.46.jar:10.1.46]
	at org.apache.tomcat.util.threads.ThreadPoolExecutor.runWorker(ThreadPoolExecutor.java:975) ~[tomcat-embed-core-10.1.46.jar:10.1.46]
	at org.apache.tomcat.util.threads.ThreadPoolExecutor$Worker.run(ThreadPoolExecutor.java:493) ~[tomcat-embed-core-10.1.46.jar:10.1.46]
	at org.apache.tomcat.util.threads.TaskThread$WrappingRunnable.run(TaskThread.java:63) ~[tomcat-embed-core-10.1.46.jar:10.1.46]
	at java.base/java.lang.Thread.run(Thread.java:842) ~[na:na]

2025-10-28T09:02:21.181Z  WARN 17400 --- [backofficeAPI] [http-nio-8080-exec-7] .m.m.a.ExceptionHandlerExceptionResolver : Resolved [org.springframework.web.servlet.resource.NoResourceFoundException: No static resource favicon.ico.]
2025-10-28T09:02:23.706Z DEBUG 17400 --- [backofficeAPI] [http-nio-8080-exec-4] o.s.security.web.FilterChainProxy        : Securing POST /api/news
2025-10-28T09:02:23.730Z DEBUG 17400 --- [backofficeAPI] [http-nio-8080-exec-4] o.s.security.web.FilterChainProxy        : Secured POST /api/news
2025-10-28T09:02:23.741Z DEBUG 17400 --- [backofficeAPI] [http-nio-8080-exec-4] o.d.b.controller.NewsController          : POST request to create new news article
2025-10-28T09:02:23.744Z DEBUG 17400 --- [backofficeAPI] [http-nio-8080-exec-4] o.d.backofficeAPI.service.NewsService    : Saving new news: adasdqeqweqwe
2025-10-28T09:02:23.765Z  INFO 17400 --- [backofficeAPI] [http-nio-8080-exec-4] o.d.backofficeAPI.service.NewsService    : News saved successfully: adasdqeqweqwe
2025-10-28T09:02:23.837Z DEBUG 17400 --- [backofficeAPI] [http-nio-8080-exec-1] o.s.security.web.FilterChainProxy        : Securing GET /api/news
2025-10-28T09:02:23.847Z  INFO 17400 --- [backofficeAPI] [reactor-http-nio-2] o.d.backofficeAPI.service.NewsService    : News cache invalidated after save
2025-10-28T09:02:23.870Z DEBUG 17400 --- [backofficeAPI] [http-nio-8080-exec-1] o.s.security.web.FilterChainProxy        : Secured GET /api/news
2025-10-28T09:02:23.877Z DEBUG 17400 --- [backofficeAPI] [http-nio-8080-exec-1] o.d.b.controller.NewsController          : GET request to retrieve all news
2025-10-28T09:02:23.878Z DEBUG 17400 --- [backofficeAPI] [http-nio-8080-exec-1] o.d.backofficeAPI.service.NewsService    : Retrieving all news
2025-10-28T09:02:23.914Z DEBUG 17400 --- [backofficeAPI] [http-nio-8080-exec-1] o.d.backofficeAPI.service.NewsService    : Retrieved 3 news articles
2025-10-28T09:02:28.720Z DEBUG 17400 --- [backofficeAPI] [http-nio-8080-exec-10] o.s.security.web.FilterChainProxy        : Securing GET /api/news
2025-10-28T09:02:28.728Z DEBUG 17400 --- [backofficeAPI] [http-nio-8080-exec-10] o.s.security.web.FilterChainProxy        : Secured GET /api/news
2025-10-28T09:02:28.731Z DEBUG 17400 --- [backofficeAPI] [http-nio-8080-exec-10] o.d.b.controller.NewsController          : GET request to retrieve all news
2025-10-28T09:02:28.734Z DEBUG 17400 --- [backofficeAPI] [http-nio-8080-exec-10] o.d.backofficeAPI.service.NewsService    : Retrieving all news
2025-10-28T09:02:28.743Z DEBUG 17400 --- [backofficeAPI] [http-nio-8080-exec-10] o.d.backofficeAPI.service.NewsService    : Retrieved 3 news articles
2025-10-28T09:05:04.124Z DEBUG 17400 --- [backofficeAPI] [http-nio-8080-exec-7] o.s.security.web.FilterChainProxy        : Securing GET /editor/noticias
2025-10-28T09:05:04.145Z DEBUG 17400 --- [backofficeAPI] [http-nio-8080-exec-7] o.s.security.web.FilterChainProxy        : Secured GET /editor/noticias
2025-10-28T09:05:04.208Z  WARN 17400 --- [backofficeAPI] [http-nio-8080-exec-7] actStandardFragmentInsertionTagProcessor : [THYMELEAF][http-nio-8080-exec-7][news] Deprecated unwrapped fragment expression "fragments/header :: header" found in template news, line 18, col 8. Please use the complete syntax of fragment expressions instead ("~{fragments/header :: header}"). The old, unwrapped syntax for fragment expressions will be removed in future versions of Thymeleaf.
2025-10-28T09:05:04.519Z DEBUG 17400 --- [backofficeAPI] [http-nio-8080-exec-4] o.s.security.web.FilterChainProxy        : Securing GET /styles/layout/header.css
2025-10-28T09:05:04.527Z DEBUG 17400 --- [backofficeAPI] [http-nio-8080-exec-1] o.s.security.web.FilterChainProxy        : Securing GET /styles/layout/footer.css
2025-10-28T09:05:04.537Z DEBUG 17400 --- [backofficeAPI] [http-nio-8080-exec-10] o.s.security.web.FilterChainProxy        : Securing GET /styles/login.css
2025-10-28T09:05:04.549Z DEBUG 17400 --- [backofficeAPI] [http-nio-8080-exec-9] o.s.security.web.FilterChainProxy        : Securing GET /styles/news.css
2025-10-28T09:05:04.558Z DEBUG 17400 --- [backofficeAPI] [http-nio-8080-exec-4] o.s.s.w.a.AnonymousAuthenticationFilter  : Set SecurityContextHolder to anonymous SecurityContext
2025-10-28T09:05:04.570Z DEBUG 17400 --- [backofficeAPI] [http-nio-8080-exec-5] o.s.security.web.FilterChainProxy        : Securing GET /styles/base.css
2025-10-28T09:05:04.585Z DEBUG 17400 --- [backofficeAPI] [http-nio-8080-exec-9] o.s.s.w.a.AnonymousAuthenticationFilter  : Set SecurityContextHolder to anonymous SecurityContext
2025-10-28T09:05:04.596Z DEBUG 17400 --- [backofficeAPI] [http-nio-8080-exec-4] o.s.security.web.FilterChainProxy        : Secured GET /styles/layout/header.css
2025-10-28T09:05:04.596Z DEBUG 17400 --- [backofficeAPI] [http-nio-8080-exec-10] o.s.s.w.a.AnonymousAuthenticationFilter  : Set SecurityContextHolder to anonymous SecurityContext
2025-10-28T09:05:04.598Z DEBUG 17400 --- [backofficeAPI] [http-nio-8080-exec-9] o.s.security.web.FilterChainProxy        : Secured GET /styles/news.css
2025-10-28T09:05:04.597Z DEBUG 17400 --- [backofficeAPI] [http-nio-8080-exec-1] o.s.s.w.a.AnonymousAuthenticationFilter  : Set SecurityContextHolder to anonymous SecurityContext
2025-10-28T09:05:04.606Z DEBUG 17400 --- [backofficeAPI] [http-nio-8080-exec-8] o.s.security.web.FilterChainProxy        : Securing GET /scripts/script.js
2025-10-28T09:05:04.609Z DEBUG 17400 --- [backofficeAPI] [http-nio-8080-exec-5] o.s.s.w.a.AnonymousAuthenticationFilter  : Set SecurityContextHolder to anonymous SecurityContext
2025-10-28T09:05:04.609Z DEBUG 17400 --- [backofficeAPI] [http-nio-8080-exec-10] o.s.security.web.FilterChainProxy        : Secured GET /styles/login.css
2025-10-28T09:05:04.609Z DEBUG 17400 --- [backofficeAPI] [http-nio-8080-exec-1] o.s.security.web.FilterChainProxy        : Secured GET /styles/layout/footer.css
2025-10-28T09:05:04.611Z DEBUG 17400 --- [backofficeAPI] [http-nio-8080-exec-5] o.s.security.web.FilterChainProxy        : Secured GET /styles/base.css
2025-10-28T09:05:04.625Z DEBUG 17400 --- [backofficeAPI] [http-nio-8080-exec-8] o.s.s.w.a.AnonymousAuthenticationFilter  : Set SecurityContextHolder to anonymous SecurityContext
2025-10-28T09:05:04.628Z DEBUG 17400 --- [backofficeAPI] [http-nio-8080-exec-8] o.s.security.web.FilterChainProxy        : Secured GET /scripts/script.js
2025-10-28T09:05:04.695Z DEBUG 17400 --- [backofficeAPI] [http-nio-8080-exec-2] o.s.security.web.FilterChainProxy        : Securing GET /scripts/pages/news.js
2025-10-28T09:05:04.708Z DEBUG 17400 --- [backofficeAPI] [http-nio-8080-exec-2] o.s.s.w.a.AnonymousAuthenticationFilter  : Set SecurityContextHolder to anonymous SecurityContext
2025-10-28T09:05:04.712Z DEBUG 17400 --- [backofficeAPI] [http-nio-8080-exec-2] o.s.security.web.FilterChainProxy        : Secured GET /scripts/pages/news.js
2025-10-28T09:05:04.727Z DEBUG 17400 --- [backofficeAPI] [http-nio-8080-exec-3] o.s.security.web.FilterChainProxy        : Securing GET /assets/logo.png
2025-10-28T09:05:04.738Z DEBUG 17400 --- [backofficeAPI] [http-nio-8080-exec-3] o.s.s.w.a.AnonymousAuthenticationFilter  : Set SecurityContextHolder to anonymous SecurityContext
2025-10-28T09:05:04.738Z DEBUG 17400 --- [backofficeAPI] [http-nio-8080-exec-7] o.s.security.web.FilterChainProxy        : Securing GET /assets/background.png
2025-10-28T09:05:04.738Z DEBUG 17400 --- [backofficeAPI] [http-nio-8080-exec-6] o.s.security.web.FilterChainProxy        : Securing GET /assets/navmenu.png
2025-10-28T09:05:04.744Z DEBUG 17400 --- [backofficeAPI] [http-nio-8080-exec-3] o.s.security.web.FilterChainProxy        : Secured GET /assets/logo.png
2025-10-28T09:05:04.756Z DEBUG 17400 --- [backofficeAPI] [http-nio-8080-exec-6] o.s.s.w.a.AnonymousAuthenticationFilter  : Set SecurityContextHolder to anonymous SecurityContext
2025-10-28T09:05:04.757Z DEBUG 17400 --- [backofficeAPI] [http-nio-8080-exec-6] o.s.security.web.FilterChainProxy        : Secured GET /assets/navmenu.png
2025-10-28T09:05:04.758Z DEBUG 17400 --- [backofficeAPI] [http-nio-8080-exec-7] o.s.s.w.a.AnonymousAuthenticationFilter  : Set SecurityContextHolder to anonymous SecurityContext
2025-10-28T09:05:04.760Z DEBUG 17400 --- [backofficeAPI] [http-nio-8080-exec-7] o.s.security.web.FilterChainProxy        : Secured GET /assets/background.png
2025-10-28T09:05:04.832Z DEBUG 17400 --- [backofficeAPI] [http-nio-8080-exec-5] o.s.security.web.FilterChainProxy        : Securing GET /scripts/api/newsService.js
2025-10-28T09:05:04.839Z DEBUG 17400 --- [backofficeAPI] [http-nio-8080-exec-5] o.s.s.w.a.AnonymousAuthenticationFilter  : Set SecurityContextHolder to anonymous SecurityContext
2025-10-28T09:05:04.843Z DEBUG 17400 --- [backofficeAPI] [http-nio-8080-exec-5] o.s.security.web.FilterChainProxy        : Secured GET /scripts/api/newsService.js
2025-10-28T09:05:04.897Z DEBUG 17400 --- [backofficeAPI] [http-nio-8080-exec-1] o.s.security.web.FilterChainProxy        : Securing GET /api/news
2025-10-28T09:05:04.906Z DEBUG 17400 --- [backofficeAPI] [http-nio-8080-exec-1] o.s.security.web.FilterChainProxy        : Secured GET /api/news
2025-10-28T09:05:04.907Z DEBUG 17400 --- [backofficeAPI] [http-nio-8080-exec-1] o.d.b.controller.NewsController          : GET request to retrieve all news
2025-10-28T09:05:04.907Z DEBUG 17400 --- [backofficeAPI] [http-nio-8080-exec-1] o.d.backofficeAPI.service.NewsService    : Retrieving all news
2025-10-28T09:05:04.917Z DEBUG 17400 --- [backofficeAPI] [http-nio-8080-exec-1] o.d.backofficeAPI.service.NewsService    : Retrieved 3 news articles
2025-10-28T09:05:04.938Z DEBUG 17400 --- [backofficeAPI] [http-nio-8080-exec-9] o.s.security.web.FilterChainProxy        : Securing GET /favicon.ico
2025-10-28T09:05:04.941Z DEBUG 17400 --- [backofficeAPI] [http-nio-8080-exec-9] o.s.s.w.a.AnonymousAuthenticationFilter  : Set SecurityContextHolder to anonymous SecurityContext
2025-10-28T09:05:04.941Z DEBUG 17400 --- [backofficeAPI] [http-nio-8080-exec-9] o.s.security.web.FilterChainProxy        : Secured GET /favicon.ico
2025-10-28T09:05:04.944Z ERROR 17400 --- [backofficeAPI] [http-nio-8080-exec-9] o.d.b.exception.GlobalExceptionHandler   : Unexpected error occurred

org.springframework.web.servlet.resource.NoResourceFoundException: No static resource favicon.ico.
	at org.springframework.web.servlet.resource.ResourceHttpRequestHandler.handleRequest(ResourceHttpRequestHandler.java:585) ~[spring-webmvc-6.2.11.jar:6.2.11]
	at org.springframework.web.servlet.mvc.HttpRequestHandlerAdapter.handle(HttpRequestHandlerAdapter.java:52) ~[spring-webmvc-6.2.11.jar:6.2.11]
	at org.springframework.web.servlet.DispatcherServlet.doDispatch(DispatcherServlet.java:1089) ~[spring-webmvc-6.2.11.jar:6.2.11]
	at org.springframework.web.servlet.DispatcherServlet.doService(DispatcherServlet.java:979) ~[spring-webmvc-6.2.11.jar:6.2.11]
	at org.springframework.web.servlet.FrameworkServlet.processRequest(FrameworkServlet.java:1014) ~[spring-webmvc-6.2.11.jar:6.2.11]
	at org.springframework.web.servlet.FrameworkServlet.doGet(FrameworkServlet.java:903) ~[spring-webmvc-6.2.11.jar:6.2.11]
	at jakarta.servlet.http.HttpServlet.service(HttpServlet.java:564) ~[tomcat-embed-core-10.1.46.jar:6.0]
	at org.springframework.web.servlet.FrameworkServlet.service(FrameworkServlet.java:885) ~[spring-webmvc-6.2.11.jar:6.2.11]
	at jakarta.servlet.http.HttpServlet.service(HttpServlet.java:658) ~[tomcat-embed-core-10.1.46.jar:6.0]
	at org.apache.catalina.core.ApplicationFilterChain.internalDoFilter(ApplicationFilterChain.java:195) ~[tomcat-embed-core-10.1.46.jar:10.1.46]
	at org.apache.catalina.core.ApplicationFilterChain.doFilter(ApplicationFilterChain.java:140) ~[tomcat-embed-core-10.1.46.jar:10.1.46]
	at org.apache.tomcat.websocket.server.WsFilter.doFilter(WsFilter.java:51) ~[tomcat-embed-websocket-10.1.46.jar:10.1.46]
	at org.apache.catalina.core.ApplicationFilterChain.internalDoFilter(ApplicationFilterChain.java:164) ~[tomcat-embed-core-10.1.46.jar:10.1.46]
	at org.apache.catalina.core.ApplicationFilterChain.doFilter(ApplicationFilterChain.java:140) ~[tomcat-embed-core-10.1.46.jar:10.1.46]
	at org.springframework.web.filter.OncePerRequestFilter.doFilter(OncePerRequestFilter.java:110) ~[spring-web-6.2.11.jar:6.2.11]
	at org.apache.catalina.core.ApplicationFilterChain.internalDoFilter(ApplicationFilterChain.java:164) ~[tomcat-embed-core-10.1.46.jar:10.1.46]
	at org.apache.catalina.core.ApplicationFilterChain.doFilter(ApplicationFilterChain.java:140) ~[tomcat-embed-core-10.1.46.jar:10.1.46]
	at org.springframework.web.filter.CompositeFilter$VirtualFilterChain.doFilter(CompositeFilter.java:108) ~[spring-web-6.2.11.jar:6.2.11]
	at org.springframework.web.filter.CompositeFilter$VirtualFilterChain.doFilter(CompositeFilter.java:108) ~[spring-web-6.2.11.jar:6.2.11]
	at org.springframework.security.web.FilterChainProxy.lambda$doFilterInternal$3(FilterChainProxy.java:231) ~[spring-security-web-6.5.5.jar:6.5.5]
	at org.springframework.security.web.FilterChainProxy$VirtualFilterChain.doFilter(FilterChainProxy.java:365) ~[spring-security-web-6.5.5.jar:6.5.5]
	at org.springframework.security.web.access.intercept.AuthorizationFilter.doFilter(AuthorizationFilter.java:101) ~[spring-security-web-6.5.5.jar:6.5.5]
	at org.springframework.security.web.FilterChainProxy$VirtualFilterChain.doFilter(FilterChainProxy.java:374) ~[spring-security-web-6.5.5.jar:6.5.5]
	at org.springframework.security.web.access.ExceptionTranslationFilter.doFilter(ExceptionTranslationFilter.java:125) ~[spring-security-web-6.5.5.jar:6.5.5]
	at org.springframework.security.web.access.ExceptionTranslationFilter.doFilter(ExceptionTranslationFilter.java:119) ~[spring-security-web-6.5.5.jar:6.5.5]
	at org.springframework.security.web.FilterChainProxy$VirtualFilterChain.doFilter(FilterChainProxy.java:374) ~[spring-security-web-6.5.5.jar:6.5.5]
	at org.springframework.security.web.session.SessionManagementFilter.doFilter(SessionManagementFilter.java:131) ~[spring-security-web-6.5.5.jar:6.5.5]
	at org.springframework.security.web.session.SessionManagementFilter.doFilter(SessionManagementFilter.java:85) ~[spring-security-web-6.5.5.jar:6.5.5]
	at org.springframework.security.web.FilterChainProxy$VirtualFilterChain.doFilter(FilterChainProxy.java:374) ~[spring-security-web-6.5.5.jar:6.5.5]
	at org.springframework.security.web.authentication.AnonymousAuthenticationFilter.doFilter(AnonymousAuthenticationFilter.java:100) ~[spring-security-web-6.5.5.jar:6.5.5]
	at org.springframework.security.web.FilterChainProxy$VirtualFilterChain.doFilter(FilterChainProxy.java:374) ~[spring-security-web-6.5.5.jar:6.5.5]
	at org.springframework.security.web.servletapi.SecurityContextHolderAwareRequestFilter.doFilter(SecurityContextHolderAwareRequestFilter.java:179) ~[spring-security-web-6.5.5.jar:6.5.5]
	at org.springframework.security.web.FilterChainProxy$VirtualFilterChain.doFilter(FilterChainProxy.java:374) ~[spring-security-web-6.5.5.jar:6.5.5]
	at org.springframework.security.web.savedrequest.RequestCacheAwareFilter.doFilter(RequestCacheAwareFilter.java:63) ~[spring-security-web-6.5.5.jar:6.5.5]
	at org.springframework.security.web.FilterChainProxy$VirtualFilterChain.doFilter(FilterChainProxy.java:374) ~[spring-security-web-6.5.5.jar:6.5.5]
	at org.dubini.backofficeAPI.security.JwtFilter.doFilterInternal(JwtFilter.java:56) ~[classes/:na]
	at org.springframework.web.filter.OncePerRequestFilter.doFilter(OncePerRequestFilter.java:116) ~[spring-web-6.2.11.jar:6.2.11]
	at org.springframework.security.web.FilterChainProxy$VirtualFilterChain.doFilter(FilterChainProxy.java:374) ~[spring-security-web-6.5.5.jar:6.5.5]
	at org.springframework.security.web.authentication.logout.LogoutFilter.doFilter(LogoutFilter.java:107) ~[spring-security-web-6.5.5.jar:6.5.5]
	at org.springframework.security.web.authentication.logout.LogoutFilter.doFilter(LogoutFilter.java:93) ~[spring-security-web-6.5.5.jar:6.5.5]
	at org.springframework.security.web.FilterChainProxy$VirtualFilterChain.doFilter(FilterChainProxy.java:374) ~[spring-security-web-6.5.5.jar:6.5.5]
	at org.springframework.security.web.header.HeaderWriterFilter.doHeadersAfter(HeaderWriterFilter.java:90) ~[spring-security-web-6.5.5.jar:6.5.5]
	at org.springframework.security.web.header.HeaderWriterFilter.doFilterInternal(HeaderWriterFilter.java:75) ~[spring-security-web-6.5.5.jar:6.5.5]
	at org.springframework.web.filter.OncePerRequestFilter.doFilter(OncePerRequestFilter.java:116) ~[spring-web-6.2.11.jar:6.2.11]
	at org.springframework.security.web.FilterChainProxy$VirtualFilterChain.doFilter(FilterChainProxy.java:374) ~[spring-security-web-6.5.5.jar:6.5.5]
	at org.springframework.security.web.context.SecurityContextHolderFilter.doFilter(SecurityContextHolderFilter.java:82) ~[spring-security-web-6.5.5.jar:6.5.5]
	at org.springframework.security.web.context.SecurityContextHolderFilter.doFilter(SecurityContextHolderFilter.java:69) ~[spring-security-web-6.5.5.jar:6.5.5]
	at org.springframework.security.web.FilterChainProxy$VirtualFilterChain.doFilter(FilterChainProxy.java:374) ~[spring-security-web-6.5.5.jar:6.5.5]
	at org.springframework.security.web.context.request.async.WebAsyncManagerIntegrationFilter.doFilterInternal(WebAsyncManagerIntegrationFilter.java:62) ~[spring-security-web-6.5.5.jar:6.5.5]
	at org.springframework.web.filter.OncePerRequestFilter.doFilter(OncePerRequestFilter.java:116) ~[spring-web-6.2.11.jar:6.2.11]
	at org.springframework.security.web.FilterChainProxy$VirtualFilterChain.doFilter(FilterChainProxy.java:374) ~[spring-security-web-6.5.5.jar:6.5.5]
	at org.springframework.security.web.session.DisableEncodeUrlFilter.doFilterInternal(DisableEncodeUrlFilter.java:42) ~[spring-security-web-6.5.5.jar:6.5.5]
	at org.springframework.web.filter.OncePerRequestFilter.doFilter(OncePerRequestFilter.java:116) ~[spring-web-6.2.11.jar:6.2.11]
	at org.springframework.security.web.FilterChainProxy$VirtualFilterChain.doFilter(FilterChainProxy.java:374) ~[spring-security-web-6.5.5.jar:6.5.5]
	at org.springframework.security.web.FilterChainProxy.doFilterInternal(FilterChainProxy.java:233) ~[spring-security-web-6.5.5.jar:6.5.5]
	at org.springframework.security.web.FilterChainProxy.doFilter(FilterChainProxy.java:191) ~[spring-security-web-6.5.5.jar:6.5.5]
	at org.springframework.web.filter.CompositeFilter$VirtualFilterChain.doFilter(CompositeFilter.java:113) ~[spring-web-6.2.11.jar:6.2.11]
	at org.springframework.web.filter.ServletRequestPathFilter.doFilter(ServletRequestPathFilter.java:52) ~[spring-web-6.2.11.jar:6.2.11]
	at org.springframework.web.filter.CompositeFilter$VirtualFilterChain.doFilter(CompositeFilter.java:113) ~[spring-web-6.2.11.jar:6.2.11]
	at org.springframework.web.filter.CompositeFilter.doFilter(CompositeFilter.java:74) ~[spring-web-6.2.11.jar:6.2.11]
	at org.springframework.security.config.annotation.web.configuration.WebSecurityConfiguration$CompositeFilterChainProxy.doFilter(WebSecurityConfiguration.java:319) ~[spring-security-config-6.5.5.jar:6.5.5]
	at org.springframework.web.filter.CompositeFilter$VirtualFilterChain.doFilter(CompositeFilter.java:113) ~[spring-web-6.2.11.jar:6.2.11]
	at org.springframework.web.servlet.handler.HandlerMappingIntrospector.lambda$createCacheFilter$4(HandlerMappingIntrospector.java:267) ~[spring-webmvc-6.2.11.jar:6.2.11]
	at org.springframework.web.filter.CompositeFilter$VirtualFilterChain.doFilter(CompositeFilter.java:113) ~[spring-web-6.2.11.jar:6.2.11]
	at org.springframework.web.filter.CompositeFilter.doFilter(CompositeFilter.java:74) ~[spring-web-6.2.11.jar:6.2.11]
	at org.springframework.security.config.annotation.web.configuration.WebMvcSecurityConfiguration$CompositeFilterChainProxy.doFilter(WebMvcSecurityConfiguration.java:240) ~[spring-security-config-6.5.5.jar:6.5.5]
	at org.springframework.web.filter.DelegatingFilterProxy.invokeDelegate(DelegatingFilterProxy.java:362) ~[spring-web-6.2.11.jar:6.2.11]
	at org.springframework.web.filter.DelegatingFilterProxy.doFilter(DelegatingFilterProxy.java:278) ~[spring-web-6.2.11.jar:6.2.11]
	at org.apache.catalina.core.ApplicationFilterChain.internalDoFilter(ApplicationFilterChain.java:164) ~[tomcat-embed-core-10.1.46.jar:10.1.46]
	at org.apache.catalina.core.ApplicationFilterChain.doFilter(ApplicationFilterChain.java:140) ~[tomcat-embed-core-10.1.46.jar:10.1.46]
	at org.springframework.web.filter.RequestContextFilter.doFilterInternal(RequestContextFilter.java:100) ~[spring-web-6.2.11.jar:6.2.11]
	at org.springframework.web.filter.OncePerRequestFilter.doFilter(OncePerRequestFilter.java:116) ~[spring-web-6.2.11.jar:6.2.11]
	at org.apache.catalina.core.ApplicationFilterChain.internalDoFilter(ApplicationFilterChain.java:164) ~[tomcat-embed-core-10.1.46.jar:10.1.46]
	at org.apache.catalina.core.ApplicationFilterChain.doFilter(ApplicationFilterChain.java:140) ~[tomcat-embed-core-10.1.46.jar:10.1.46]
	at org.springframework.web.filter.FormContentFilter.doFilterInternal(FormContentFilter.java:93) ~[spring-web-6.2.11.jar:6.2.11]
	at org.springframework.web.filter.OncePerRequestFilter.doFilter(OncePerRequestFilter.java:116) ~[spring-web-6.2.11.jar:6.2.11]
	at org.apache.catalina.core.ApplicationFilterChain.internalDoFilter(ApplicationFilterChain.java:164) ~[tomcat-embed-core-10.1.46.jar:10.1.46]
	at org.apache.catalina.core.ApplicationFilterChain.doFilter(ApplicationFilterChain.java:140) ~[tomcat-embed-core-10.1.46.jar:10.1.46]
	at org.springframework.web.filter.CharacterEncodingFilter.doFilterInternal(CharacterEncodingFilter.java:201) ~[spring-web-6.2.11.jar:6.2.11]
	at org.springframework.web.filter.OncePerRequestFilter.doFilter(OncePerRequestFilter.java:116) ~[spring-web-6.2.11.jar:6.2.11]
	at org.apache.catalina.core.ApplicationFilterChain.internalDoFilter(ApplicationFilterChain.java:164) ~[tomcat-embed-core-10.1.46.jar:10.1.46]
	at org.apache.catalina.core.ApplicationFilterChain.doFilter(ApplicationFilterChain.java:140) ~[tomcat-embed-core-10.1.46.jar:10.1.46]
	at org.apache.catalina.core.StandardWrapperValve.invoke(StandardWrapperValve.java:167) ~[tomcat-embed-core-10.1.46.jar:10.1.46]
	at org.apache.catalina.core.StandardContextValve.invoke(StandardContextValve.java:90) ~[tomcat-embed-core-10.1.46.jar:10.1.46]
	at org.apache.catalina.authenticator.AuthenticatorBase.invoke(AuthenticatorBase.java:483) ~[tomcat-embed-core-10.1.46.jar:10.1.46]
	at org.apache.catalina.core.StandardHostValve.invoke(StandardHostValve.java:116) ~[tomcat-embed-core-10.1.46.jar:10.1.46]
	at org.apache.catalina.valves.ErrorReportValve.invoke(ErrorReportValve.java:93) ~[tomcat-embed-core-10.1.46.jar:10.1.46]
	at org.apache.catalina.core.StandardEngineValve.invoke(StandardEngineValve.java:74) ~[tomcat-embed-core-10.1.46.jar:10.1.46]
	at org.apache.catalina.connector.CoyoteAdapter.service(CoyoteAdapter.java:344) ~[tomcat-embed-core-10.1.46.jar:10.1.46]
	at org.apache.coyote.http11.Http11Processor.service(Http11Processor.java:398) ~[tomcat-embed-core-10.1.46.jar:10.1.46]
	at org.apache.coyote.AbstractProcessorLight.process(AbstractProcessorLight.java:63) ~[tomcat-embed-core-10.1.46.jar:10.1.46]
	at org.apache.coyote.AbstractProtocol$ConnectionHandler.process(AbstractProtocol.java:903) ~[tomcat-embed-core-10.1.46.jar:10.1.46]
	at org.apache.tomcat.util.net.NioEndpoint$SocketProcessor.doRun(NioEndpoint.java:1776) ~[tomcat-embed-core-10.1.46.jar:10.1.46]
	at org.apache.tomcat.util.net.SocketProcessorBase.run(SocketProcessorBase.java:52) ~[tomcat-embed-core-10.1.46.jar:10.1.46]
	at org.apache.tomcat.util.threads.ThreadPoolExecutor.runWorker(ThreadPoolExecutor.java:975) ~[tomcat-embed-core-10.1.46.jar:10.1.46]
	at org.apache.tomcat.util.threads.ThreadPoolExecutor$Worker.run(ThreadPoolExecutor.java:493) ~[tomcat-embed-core-10.1.46.jar:10.1.46]
	at org.apache.tomcat.util.threads.TaskThread$WrappingRunnable.run(TaskThread.java:63) ~[tomcat-embed-core-10.1.46.jar:10.1.46]
	at java.base/java.lang.Thread.run(Thread.java:842) ~[na:na]

2025-10-28T09:05:04.976Z  WARN 17400 --- [backofficeAPI] [http-nio-8080-exec-9] .m.m.a.ExceptionHandlerExceptionResolver : Resolved [org.springframework.web.servlet.resource.NoResourceFoundException: No static resource favicon.ico.]
2025-10-28T09:05:26.134Z DEBUG 17400 --- [backofficeAPI] [http-nio-8080-exec-10] o.s.security.web.FilterChainProxy        : Securing POST /api/news
2025-10-28T09:05:26.155Z DEBUG 17400 --- [backofficeAPI] [http-nio-8080-exec-10] o.s.security.web.FilterChainProxy        : Secured POST /api/news
2025-10-28T09:05:26.159Z DEBUG 17400 --- [backofficeAPI] [http-nio-8080-exec-10] o.d.b.controller.NewsController          : POST request to create new news article
2025-10-28T09:05:26.161Z DEBUG 17400 --- [backofficeAPI] [http-nio-8080-exec-10] o.d.backofficeAPI.service.NewsService    : Saving new news: adasdqeqweqwe
2025-10-28T09:05:26.173Z  INFO 17400 --- [backofficeAPI] [http-nio-8080-exec-10] o.d.backofficeAPI.service.NewsService    : News saved successfully: adasdqeqweqwe
2025-10-28T09:05:26.248Z DEBUG 17400 --- [backofficeAPI] [http-nio-8080-exec-4] o.s.security.web.FilterChainProxy        : Securing GET /api/news
2025-10-28T09:05:26.295Z DEBUG 17400 --- [backofficeAPI] [http-nio-8080-exec-4] o.s.security.web.FilterChainProxy        : Secured GET /api/news
2025-10-28T09:05:26.296Z DEBUG 17400 --- [backofficeAPI] [http-nio-8080-exec-4] o.d.b.controller.NewsController          : GET request to retrieve all news
2025-10-28T09:05:26.298Z DEBUG 17400 --- [backofficeAPI] [http-nio-8080-exec-4] o.d.backofficeAPI.service.NewsService    : Retrieving all news
2025-10-28T09:05:26.329Z DEBUG 17400 --- [backofficeAPI] [http-nio-8080-exec-4] o.d.backofficeAPI.service.NewsService    : Retrieved 3 news articles
2025-10-28T09:05:26.762Z  INFO 17400 --- [backofficeAPI] [reactor-http-nio-3] o.d.backofficeAPI.service.NewsService    : News cache invalidated after save
2025-10-28T09:05:33.158Z DEBUG 17400 --- [backofficeAPI] [http-nio-8080-exec-8] o.s.security.web.FilterChainProxy        : Securing GET /api/news
2025-10-28T09:05:33.162Z DEBUG 17400 --- [backofficeAPI] [http-nio-8080-exec-8] o.s.security.web.FilterChainProxy        : Secured GET /api/news
2025-10-28T09:05:33.162Z DEBUG 17400 --- [backofficeAPI] [http-nio-8080-exec-8] o.d.b.controller.NewsController          : GET request to retrieve all news
2025-10-28T09:05:33.162Z DEBUG 17400 --- [backofficeAPI] [http-nio-8080-exec-8] o.d.backofficeAPI.service.NewsService    : Retrieving all news
2025-10-28T09:05:33.166Z DEBUG 17400 --- [backofficeAPI] [http-nio-8080-exec-8] o.d.backofficeAPI.service.NewsService    : Retrieved 3 news articles
2025-10-28T09:16:39.705Z DEBUG 17400 --- [backofficeAPI] [http-nio-8080-exec-9] o.s.security.web.FilterChainProxy        : Securing POST /api/news
2025-10-28T09:16:39.725Z DEBUG 17400 --- [backofficeAPI] [http-nio-8080-exec-9] o.s.security.web.FilterChainProxy        : Secured POST /api/news
2025-10-28T09:16:39.746Z DEBUG 17400 --- [backofficeAPI] [http-nio-8080-exec-9] o.d.b.controller.NewsController          : POST request to create new news article
2025-10-28T09:16:39.748Z DEBUG 17400 --- [backofficeAPI] [http-nio-8080-exec-9] o.d.backofficeAPI.service.NewsService    : Saving new news: adasdqweqweqwe
2025-10-28T09:16:39.758Z  INFO 17400 --- [backofficeAPI] [http-nio-8080-exec-9] o.d.backofficeAPI.service.NewsService    : News saved successfully: adasdqweqweqwe
2025-10-28T09:16:39.821Z DEBUG 17400 --- [backofficeAPI] [http-nio-8080-exec-10] o.s.security.web.FilterChainProxy        : Securing GET /api/news
2025-10-28T09:16:39.845Z DEBUG 17400 --- [backofficeAPI] [http-nio-8080-exec-10] o.s.security.web.FilterChainProxy        : Secured GET /api/news
2025-10-28T09:16:39.848Z DEBUG 17400 --- [backofficeAPI] [http-nio-8080-exec-10] o.d.b.controller.NewsController          : GET request to retrieve all news
2025-10-28T09:16:39.849Z DEBUG 17400 --- [backofficeAPI] [http-nio-8080-exec-10] o.d.backofficeAPI.service.NewsService    : Retrieving all news
2025-10-28T09:16:39.880Z DEBUG 17400 --- [backofficeAPI] [http-nio-8080-exec-10] o.d.backofficeAPI.service.NewsService    : Retrieved 3 news articles
2025-10-28T09:16:40.429Z  INFO 17400 --- [backofficeAPI] [reactor-http-nio-4] o.d.backofficeAPI.service.NewsService    : News cache invalidated after save
2025-10-28T09:16:40.475Z DEBUG 17400 --- [backofficeAPI] [http-nio-8080-exec-4] o.s.security.web.FilterChainProxy        : Securing GET /api/news
2025-10-28T09:16:40.478Z DEBUG 17400 --- [backofficeAPI] [http-nio-8080-exec-4] o.s.security.web.FilterChainProxy        : Secured GET /api/news
2025-10-28T09:16:40.478Z DEBUG 17400 --- [backofficeAPI] [http-nio-8080-exec-4] o.d.b.controller.NewsController          : GET request to retrieve all news
2025-10-28T09:16:40.479Z DEBUG 17400 --- [backofficeAPI] [http-nio-8080-exec-4] o.d.backofficeAPI.service.NewsService    : Retrieving all news
2025-10-28T09:16:40.481Z DEBUG 17400 --- [backofficeAPI] [http-nio-8080-exec-4] o.d.backofficeAPI.service.NewsService    : Retrieved 3 news articles
2025-10-28T09:16:46.729Z DEBUG 17400 --- [backofficeAPI] [http-nio-8080-exec-8] o.s.security.web.FilterChainProxy        : Securing GET /api/news
2025-10-28T09:16:46.733Z DEBUG 17400 --- [backofficeAPI] [http-nio-8080-exec-8] o.s.security.web.FilterChainProxy        : Secured GET /api/news
2025-10-28T09:16:46.735Z DEBUG 17400 --- [backofficeAPI] [http-nio-8080-exec-8] o.d.b.controller.NewsController          : GET request to retrieve all news
2025-10-28T09:16:46.735Z DEBUG 17400 --- [backofficeAPI] [http-nio-8080-exec-8] o.d.backofficeAPI.service.NewsService    : Retrieving all news
2025-10-28T09:16:46.761Z DEBUG 17400 --- [backofficeAPI] [http-nio-8080-exec-8] o.d.backofficeAPI.service.NewsService    : Retrieved 3 news articles
2025-10-28T09:16:54.888Z DEBUG 17400 --- [backofficeAPI] [http-nio-8080-exec-2] o.s.security.web.FilterChainProxy        : Securing GET /editor/actividades
2025-10-28T09:16:54.897Z DEBUG 17400 --- [backofficeAPI] [http-nio-8080-exec-2] o.s.security.web.FilterChainProxy        : Secured GET /editor/actividades
2025-10-28T09:16:54.921Z  WARN 17400 --- [backofficeAPI] [http-nio-8080-exec-2] actStandardFragmentInsertionTagProcessor : [THYMELEAF][http-nio-8080-exec-2][activities] Deprecated unwrapped fragment expression "fragments/header :: header" found in template activities, line 18, col 8. Please use the complete syntax of fragment expressions instead ("~{fragments/header :: header}"). The old, unwrapped syntax for fragment expressions will be removed in future versions of Thymeleaf.
2025-10-28T09:16:55.255Z DEBUG 17400 --- [backofficeAPI] [http-nio-8080-exec-7] o.s.security.web.FilterChainProxy        : Securing GET /styles/layout/header.css
2025-10-28T09:16:55.262Z DEBUG 17400 --- [backofficeAPI] [http-nio-8080-exec-7] o.s.s.w.a.AnonymousAuthenticationFilter  : Set SecurityContextHolder to anonymous SecurityContext
2025-10-28T09:16:55.262Z DEBUG 17400 --- [backofficeAPI] [http-nio-8080-exec-6] o.s.security.web.FilterChainProxy        : Securing GET /styles/base.css
2025-10-28T09:16:55.265Z DEBUG 17400 --- [backofficeAPI] [http-nio-8080-exec-7] o.s.security.web.FilterChainProxy        : Secured GET /styles/layout/header.css
2025-10-28T09:16:55.274Z DEBUG 17400 --- [backofficeAPI] [http-nio-8080-exec-3] o.s.security.web.FilterChainProxy        : Securing GET /styles/news.css
2025-10-28T09:16:55.281Z DEBUG 17400 --- [backofficeAPI] [http-nio-8080-exec-5] o.s.security.web.FilterChainProxy        : Securing GET /styles/login.css
2025-10-28T09:16:55.287Z DEBUG 17400 --- [backofficeAPI] [http-nio-8080-exec-1] o.s.security.web.FilterChainProxy        : Securing GET /styles/layout/footer.css
2025-10-28T09:16:55.307Z DEBUG 17400 --- [backofficeAPI] [http-nio-8080-exec-3] o.s.s.w.a.AnonymousAuthenticationFilter  : Set SecurityContextHolder to anonymous SecurityContext
2025-10-28T09:16:55.311Z DEBUG 17400 --- [backofficeAPI] [http-nio-8080-exec-3] o.s.security.web.FilterChainProxy        : Secured GET /styles/news.css
2025-10-28T09:16:55.324Z DEBUG 17400 --- [backofficeAPI] [http-nio-8080-exec-1] o.s.s.w.a.AnonymousAuthenticationFilter  : Set SecurityContextHolder to anonymous SecurityContext
2025-10-28T09:16:55.331Z DEBUG 17400 --- [backofficeAPI] [http-nio-8080-exec-1] o.s.security.web.FilterChainProxy        : Secured GET /styles/layout/footer.css
2025-10-28T09:16:55.336Z DEBUG 17400 --- [backofficeAPI] [http-nio-8080-exec-6] o.s.s.w.a.AnonymousAuthenticationFilter  : Set SecurityContextHolder to anonymous SecurityContext
2025-10-28T09:16:55.351Z DEBUG 17400 --- [backofficeAPI] [http-nio-8080-exec-5] o.s.s.w.a.AnonymousAuthenticationFilter  : Set SecurityContextHolder to anonymous SecurityContext
2025-10-28T09:16:55.355Z DEBUG 17400 --- [backofficeAPI] [http-nio-8080-exec-6] o.s.security.web.FilterChainProxy        : Secured GET /styles/base.css
2025-10-28T09:16:55.357Z DEBUG 17400 --- [backofficeAPI] [http-nio-8080-exec-5] o.s.security.web.FilterChainProxy        : Secured GET /styles/login.css
2025-10-28T09:16:55.363Z DEBUG 17400 --- [backofficeAPI] [http-nio-8080-exec-9] o.s.security.web.FilterChainProxy        : Securing GET /scripts/script.js
2025-10-28T09:16:55.378Z DEBUG 17400 --- [backofficeAPI] [http-nio-8080-exec-9] o.s.s.w.a.AnonymousAuthenticationFilter  : Set SecurityContextHolder to anonymous SecurityContext
2025-10-28T09:16:55.380Z DEBUG 17400 --- [backofficeAPI] [http-nio-8080-exec-9] o.s.security.web.FilterChainProxy        : Secured GET /scripts/script.js
2025-10-28T09:16:55.621Z DEBUG 17400 --- [backofficeAPI] [http-nio-8080-exec-10] o.s.security.web.FilterChainProxy        : Securing GET /scripts/pages/activities.js
2025-10-28T09:16:55.654Z DEBUG 17400 --- [backofficeAPI] [http-nio-8080-exec-10] o.s.s.w.a.AnonymousAuthenticationFilter  : Set SecurityContextHolder to anonymous SecurityContext
2025-10-28T09:16:55.662Z DEBUG 17400 --- [backofficeAPI] [http-nio-8080-exec-10] o.s.security.web.FilterChainProxy        : Secured GET /scripts/pages/activities.js
2025-10-28T09:16:55.694Z DEBUG 17400 --- [backofficeAPI] [http-nio-8080-exec-4] o.s.security.web.FilterChainProxy        : Securing GET /assets/logo.png
2025-10-28T09:16:55.741Z DEBUG 17400 --- [backofficeAPI] [http-nio-8080-exec-4] o.s.s.w.a.AnonymousAuthenticationFilter  : Set SecurityContextHolder to anonymous SecurityContext
2025-10-28T09:16:55.778Z DEBUG 17400 --- [backofficeAPI] [http-nio-8080-exec-4] o.s.security.web.FilterChainProxy        : Secured GET /assets/logo.png
2025-10-28T09:16:55.872Z DEBUG 17400 --- [backofficeAPI] [http-nio-8080-exec-8] o.s.security.web.FilterChainProxy        : Securing GET /assets/background.png
2025-10-28T09:16:55.872Z DEBUG 17400 --- [backofficeAPI] [http-nio-8080-exec-2] o.s.security.web.FilterChainProxy        : Securing GET /assets/navmenu.png
2025-10-28T09:16:55.880Z DEBUG 17400 --- [backofficeAPI] [http-nio-8080-exec-8] o.s.s.w.a.AnonymousAuthenticationFilter  : Set SecurityContextHolder to anonymous SecurityContext
2025-10-28T09:16:55.883Z DEBUG 17400 --- [backofficeAPI] [http-nio-8080-exec-8] o.s.security.web.FilterChainProxy        : Secured GET /assets/background.png
2025-10-28T09:16:55.902Z DEBUG 17400 --- [backofficeAPI] [http-nio-8080-exec-2] o.s.s.w.a.AnonymousAuthenticationFilter  : Set SecurityContextHolder to anonymous SecurityContext
2025-10-28T09:16:55.903Z DEBUG 17400 --- [backofficeAPI] [http-nio-8080-exec-2] o.s.security.web.FilterChainProxy        : Secured GET /assets/navmenu.png
2025-10-28T09:16:55.963Z DEBUG 17400 --- [backofficeAPI] [http-nio-8080-exec-7] o.s.security.web.FilterChainProxy        : Securing GET /scripts/api/activitiesService.js
2025-10-28T09:16:55.969Z DEBUG 17400 --- [backofficeAPI] [http-nio-8080-exec-7] o.s.s.w.a.AnonymousAuthenticationFilter  : Set SecurityContextHolder to anonymous SecurityContext
2025-10-28T09:16:55.969Z DEBUG 17400 --- [backofficeAPI] [http-nio-8080-exec-7] o.s.security.web.FilterChainProxy        : Secured GET /scripts/api/activitiesService.js
2025-10-28T09:16:56.013Z DEBUG 17400 --- [backofficeAPI] [http-nio-8080-exec-3] o.s.security.web.FilterChainProxy        : Securing GET /api/activities
2025-10-28T09:16:56.019Z DEBUG 17400 --- [backofficeAPI] [http-nio-8080-exec-3] o.s.security.web.FilterChainProxy        : Secured GET /api/activities
2025-10-28T09:16:56.021Z DEBUG 17400 --- [backofficeAPI] [http-nio-8080-exec-3] o.d.b.controller.ActivitiesController    : GET request to retrieve all activities
2025-10-28T09:16:56.022Z DEBUG 17400 --- [backofficeAPI] [http-nio-8080-exec-3] o.d.b.service.ActivitiesService          : Retrieving all activities
2025-10-28T09:16:56.023Z  WARN 17400 --- [backofficeAPI] [http-nio-8080-exec-3] o.d.b.service.ActivitiesService          : Activities directory does not exist: storage/activities
2025-10-28T09:16:56.034Z DEBUG 17400 --- [backofficeAPI] [http-nio-8080-exec-5] o.s.security.web.FilterChainProxy        : Securing GET /favicon.ico
2025-10-28T09:16:56.035Z DEBUG 17400 --- [backofficeAPI] [http-nio-8080-exec-5] o.s.s.w.a.AnonymousAuthenticationFilter  : Set SecurityContextHolder to anonymous SecurityContext
2025-10-28T09:16:56.036Z DEBUG 17400 --- [backofficeAPI] [http-nio-8080-exec-5] o.s.security.web.FilterChainProxy        : Secured GET /favicon.ico
2025-10-28T09:16:56.038Z ERROR 17400 --- [backofficeAPI] [http-nio-8080-exec-5] o.d.b.exception.GlobalExceptionHandler   : Unexpected error occurred

org.springframework.web.servlet.resource.NoResourceFoundException: No static resource favicon.ico.
	at org.springframework.web.servlet.resource.ResourceHttpRequestHandler.handleRequest(ResourceHttpRequestHandler.java:585) ~[spring-webmvc-6.2.11.jar:6.2.11]
	at org.springframework.web.servlet.mvc.HttpRequestHandlerAdapter.handle(HttpRequestHandlerAdapter.java:52) ~[spring-webmvc-6.2.11.jar:6.2.11]
	at org.springframework.web.servlet.DispatcherServlet.doDispatch(DispatcherServlet.java:1089) ~[spring-webmvc-6.2.11.jar:6.2.11]
	at org.springframework.web.servlet.DispatcherServlet.doService(DispatcherServlet.java:979) ~[spring-webmvc-6.2.11.jar:6.2.11]
	at org.springframework.web.servlet.FrameworkServlet.processRequest(FrameworkServlet.java:1014) ~[spring-webmvc-6.2.11.jar:6.2.11]
	at org.springframework.web.servlet.FrameworkServlet.doGet(FrameworkServlet.java:903) ~[spring-webmvc-6.2.11.jar:6.2.11]
	at jakarta.servlet.http.HttpServlet.service(HttpServlet.java:564) ~[tomcat-embed-core-10.1.46.jar:6.0]
	at org.springframework.web.servlet.FrameworkServlet.service(FrameworkServlet.java:885) ~[spring-webmvc-6.2.11.jar:6.2.11]
	at jakarta.servlet.http.HttpServlet.service(HttpServlet.java:658) ~[tomcat-embed-core-10.1.46.jar:6.0]
	at org.apache.catalina.core.ApplicationFilterChain.internalDoFilter(ApplicationFilterChain.java:195) ~[tomcat-embed-core-10.1.46.jar:10.1.46]
	at org.apache.catalina.core.ApplicationFilterChain.doFilter(ApplicationFilterChain.java:140) ~[tomcat-embed-core-10.1.46.jar:10.1.46]
	at org.apache.tomcat.websocket.server.WsFilter.doFilter(WsFilter.java:51) ~[tomcat-embed-websocket-10.1.46.jar:10.1.46]
	at org.apache.catalina.core.ApplicationFilterChain.internalDoFilter(ApplicationFilterChain.java:164) ~[tomcat-embed-core-10.1.46.jar:10.1.46]
	at org.apache.catalina.core.ApplicationFilterChain.doFilter(ApplicationFilterChain.java:140) ~[tomcat-embed-core-10.1.46.jar:10.1.46]
	at org.springframework.web.filter.OncePerRequestFilter.doFilter(OncePerRequestFilter.java:110) ~[spring-web-6.2.11.jar:6.2.11]
	at org.apache.catalina.core.ApplicationFilterChain.internalDoFilter(ApplicationFilterChain.java:164) ~[tomcat-embed-core-10.1.46.jar:10.1.46]
	at org.apache.catalina.core.ApplicationFilterChain.doFilter(ApplicationFilterChain.java:140) ~[tomcat-embed-core-10.1.46.jar:10.1.46]
	at org.springframework.web.filter.CompositeFilter$VirtualFilterChain.doFilter(CompositeFilter.java:108) ~[spring-web-6.2.11.jar:6.2.11]
	at org.springframework.web.filter.CompositeFilter$VirtualFilterChain.doFilter(CompositeFilter.java:108) ~[spring-web-6.2.11.jar:6.2.11]
	at org.springframework.security.web.FilterChainProxy.lambda$doFilterInternal$3(FilterChainProxy.java:231) ~[spring-security-web-6.5.5.jar:6.5.5]
	at org.springframework.security.web.FilterChainProxy$VirtualFilterChain.doFilter(FilterChainProxy.java:365) ~[spring-security-web-6.5.5.jar:6.5.5]
	at org.springframework.security.web.access.intercept.AuthorizationFilter.doFilter(AuthorizationFilter.java:101) ~[spring-security-web-6.5.5.jar:6.5.5]
	at org.springframework.security.web.FilterChainProxy$VirtualFilterChain.doFilter(FilterChainProxy.java:374) ~[spring-security-web-6.5.5.jar:6.5.5]
	at org.springframework.security.web.access.ExceptionTranslationFilter.doFilter(ExceptionTranslationFilter.java:125) ~[spring-security-web-6.5.5.jar:6.5.5]
	at org.springframework.security.web.access.ExceptionTranslationFilter.doFilter(ExceptionTranslationFilter.java:119) ~[spring-security-web-6.5.5.jar:6.5.5]
	at org.springframework.security.web.FilterChainProxy$VirtualFilterChain.doFilter(FilterChainProxy.java:374) ~[spring-security-web-6.5.5.jar:6.5.5]
	at org.springframework.security.web.session.SessionManagementFilter.doFilter(SessionManagementFilter.java:131) ~[spring-security-web-6.5.5.jar:6.5.5]
	at org.springframework.security.web.session.SessionManagementFilter.doFilter(SessionManagementFilter.java:85) ~[spring-security-web-6.5.5.jar:6.5.5]
	at org.springframework.security.web.FilterChainProxy$VirtualFilterChain.doFilter(FilterChainProxy.java:374) ~[spring-security-web-6.5.5.jar:6.5.5]
	at org.springframework.security.web.authentication.AnonymousAuthenticationFilter.doFilter(AnonymousAuthenticationFilter.java:100) ~[spring-security-web-6.5.5.jar:6.5.5]
	at org.springframework.security.web.FilterChainProxy$VirtualFilterChain.doFilter(FilterChainProxy.java:374) ~[spring-security-web-6.5.5.jar:6.5.5]
	at org.springframework.security.web.servletapi.SecurityContextHolderAwareRequestFilter.doFilter(SecurityContextHolderAwareRequestFilter.java:179) ~[spring-security-web-6.5.5.jar:6.5.5]
	at org.springframework.security.web.FilterChainProxy$VirtualFilterChain.doFilter(FilterChainProxy.java:374) ~[spring-security-web-6.5.5.jar:6.5.5]
	at org.springframework.security.web.savedrequest.RequestCacheAwareFilter.doFilter(RequestCacheAwareFilter.java:63) ~[spring-security-web-6.5.5.jar:6.5.5]
	at org.springframework.security.web.FilterChainProxy$VirtualFilterChain.doFilter(FilterChainProxy.java:374) ~[spring-security-web-6.5.5.jar:6.5.5]
	at org.dubini.backofficeAPI.security.JwtFilter.doFilterInternal(JwtFilter.java:56) ~[classes/:na]
	at org.springframework.web.filter.OncePerRequestFilter.doFilter(OncePerRequestFilter.java:116) ~[spring-web-6.2.11.jar:6.2.11]
	at org.springframework.security.web.FilterChainProxy$VirtualFilterChain.doFilter(FilterChainProxy.java:374) ~[spring-security-web-6.5.5.jar:6.5.5]
	at org.springframework.security.web.authentication.logout.LogoutFilter.doFilter(LogoutFilter.java:107) ~[spring-security-web-6.5.5.jar:6.5.5]
	at org.springframework.security.web.authentication.logout.LogoutFilter.doFilter(LogoutFilter.java:93) ~[spring-security-web-6.5.5.jar:6.5.5]
	at org.springframework.security.web.FilterChainProxy$VirtualFilterChain.doFilter(FilterChainProxy.java:374) ~[spring-security-web-6.5.5.jar:6.5.5]
	at org.springframework.security.web.header.HeaderWriterFilter.doHeadersAfter(HeaderWriterFilter.java:90) ~[spring-security-web-6.5.5.jar:6.5.5]
	at org.springframework.security.web.header.HeaderWriterFilter.doFilterInternal(HeaderWriterFilter.java:75) ~[spring-security-web-6.5.5.jar:6.5.5]
	at org.springframework.web.filter.OncePerRequestFilter.doFilter(OncePerRequestFilter.java:116) ~[spring-web-6.2.11.jar:6.2.11]
	at org.springframework.security.web.FilterChainProxy$VirtualFilterChain.doFilter(FilterChainProxy.java:374) ~[spring-security-web-6.5.5.jar:6.5.5]
	at org.springframework.security.web.context.SecurityContextHolderFilter.doFilter(SecurityContextHolderFilter.java:82) ~[spring-security-web-6.5.5.jar:6.5.5]
	at org.springframework.security.web.context.SecurityContextHolderFilter.doFilter(SecurityContextHolderFilter.java:69) ~[spring-security-web-6.5.5.jar:6.5.5]
	at org.springframework.security.web.FilterChainProxy$VirtualFilterChain.doFilter(FilterChainProxy.java:374) ~[spring-security-web-6.5.5.jar:6.5.5]
	at org.springframework.security.web.context.request.async.WebAsyncManagerIntegrationFilter.doFilterInternal(WebAsyncManagerIntegrationFilter.java:62) ~[spring-security-web-6.5.5.jar:6.5.5]
	at org.springframework.web.filter.OncePerRequestFilter.doFilter(OncePerRequestFilter.java:116) ~[spring-web-6.2.11.jar:6.2.11]
	at org.springframework.security.web.FilterChainProxy$VirtualFilterChain.doFilter(FilterChainProxy.java:374) ~[spring-security-web-6.5.5.jar:6.5.5]
	at org.springframework.security.web.session.DisableEncodeUrlFilter.doFilterInternal(DisableEncodeUrlFilter.java:42) ~[spring-security-web-6.5.5.jar:6.5.5]
	at org.springframework.web.filter.OncePerRequestFilter.doFilter(OncePerRequestFilter.java:116) ~[spring-web-6.2.11.jar:6.2.11]
	at org.springframework.security.web.FilterChainProxy$VirtualFilterChain.doFilter(FilterChainProxy.java:374) ~[spring-security-web-6.5.5.jar:6.5.5]
	at org.springframework.security.web.FilterChainProxy.doFilterInternal(FilterChainProxy.java:233) ~[spring-security-web-6.5.5.jar:6.5.5]
	at org.springframework.security.web.FilterChainProxy.doFilter(FilterChainProxy.java:191) ~[spring-security-web-6.5.5.jar:6.5.5]
	at org.springframework.web.filter.CompositeFilter$VirtualFilterChain.doFilter(CompositeFilter.java:113) ~[spring-web-6.2.11.jar:6.2.11]
	at org.springframework.web.filter.ServletRequestPathFilter.doFilter(ServletRequestPathFilter.java:52) ~[spring-web-6.2.11.jar:6.2.11]
	at org.springframework.web.filter.CompositeFilter$VirtualFilterChain.doFilter(CompositeFilter.java:113) ~[spring-web-6.2.11.jar:6.2.11]
	at org.springframework.web.filter.CompositeFilter.doFilter(CompositeFilter.java:74) ~[spring-web-6.2.11.jar:6.2.11]
	at org.springframework.security.config.annotation.web.configuration.WebSecurityConfiguration$CompositeFilterChainProxy.doFilter(WebSecurityConfiguration.java:319) ~[spring-security-config-6.5.5.jar:6.5.5]
	at org.springframework.web.filter.CompositeFilter$VirtualFilterChain.doFilter(CompositeFilter.java:113) ~[spring-web-6.2.11.jar:6.2.11]
	at org.springframework.web.servlet.handler.HandlerMappingIntrospector.lambda$createCacheFilter$4(HandlerMappingIntrospector.java:267) ~[spring-webmvc-6.2.11.jar:6.2.11]
	at org.springframework.web.filter.CompositeFilter$VirtualFilterChain.doFilter(CompositeFilter.java:113) ~[spring-web-6.2.11.jar:6.2.11]
	at org.springframework.web.filter.CompositeFilter.doFilter(CompositeFilter.java:74) ~[spring-web-6.2.11.jar:6.2.11]
	at org.springframework.security.config.annotation.web.configuration.WebMvcSecurityConfiguration$CompositeFilterChainProxy.doFilter(WebMvcSecurityConfiguration.java:240) ~[spring-security-config-6.5.5.jar:6.5.5]
	at org.springframework.web.filter.DelegatingFilterProxy.invokeDelegate(DelegatingFilterProxy.java:362) ~[spring-web-6.2.11.jar:6.2.11]
	at org.springframework.web.filter.DelegatingFilterProxy.doFilter(DelegatingFilterProxy.java:278) ~[spring-web-6.2.11.jar:6.2.11]
	at org.apache.catalina.core.ApplicationFilterChain.internalDoFilter(ApplicationFilterChain.java:164) ~[tomcat-embed-core-10.1.46.jar:10.1.46]
	at org.apache.catalina.core.ApplicationFilterChain.doFilter(ApplicationFilterChain.java:140) ~[tomcat-embed-core-10.1.46.jar:10.1.46]
	at org.springframework.web.filter.RequestContextFilter.doFilterInternal(RequestContextFilter.java:100) ~[spring-web-6.2.11.jar:6.2.11]
	at org.springframework.web.filter.OncePerRequestFilter.doFilter(OncePerRequestFilter.java:116) ~[spring-web-6.2.11.jar:6.2.11]
	at org.apache.catalina.core.ApplicationFilterChain.internalDoFilter(ApplicationFilterChain.java:164) ~[tomcat-embed-core-10.1.46.jar:10.1.46]
	at org.apache.catalina.core.ApplicationFilterChain.doFilter(ApplicationFilterChain.java:140) ~[tomcat-embed-core-10.1.46.jar:10.1.46]
	at org.springframework.web.filter.FormContentFilter.doFilterInternal(FormContentFilter.java:93) ~[spring-web-6.2.11.jar:6.2.11]
	at org.springframework.web.filter.OncePerRequestFilter.doFilter(OncePerRequestFilter.java:116) ~[spring-web-6.2.11.jar:6.2.11]
	at org.apache.catalina.core.ApplicationFilterChain.internalDoFilter(ApplicationFilterChain.java:164) ~[tomcat-embed-core-10.1.46.jar:10.1.46]
	at org.apache.catalina.core.ApplicationFilterChain.doFilter(ApplicationFilterChain.java:140) ~[tomcat-embed-core-10.1.46.jar:10.1.46]
	at org.springframework.web.filter.CharacterEncodingFilter.doFilterInternal(CharacterEncodingFilter.java:201) ~[spring-web-6.2.11.jar:6.2.11]
	at org.springframework.web.filter.OncePerRequestFilter.doFilter(OncePerRequestFilter.java:116) ~[spring-web-6.2.11.jar:6.2.11]
	at org.apache.catalina.core.ApplicationFilterChain.internalDoFilter(ApplicationFilterChain.java:164) ~[tomcat-embed-core-10.1.46.jar:10.1.46]
	at org.apache.catalina.core.ApplicationFilterChain.doFilter(ApplicationFilterChain.java:140) ~[tomcat-embed-core-10.1.46.jar:10.1.46]
	at org.apache.catalina.core.StandardWrapperValve.invoke(StandardWrapperValve.java:167) ~[tomcat-embed-core-10.1.46.jar:10.1.46]
	at org.apache.catalina.core.StandardContextValve.invoke(StandardContextValve.java:90) ~[tomcat-embed-core-10.1.46.jar:10.1.46]
	at org.apache.catalina.authenticator.AuthenticatorBase.invoke(AuthenticatorBase.java:483) ~[tomcat-embed-core-10.1.46.jar:10.1.46]
	at org.apache.catalina.core.StandardHostValve.invoke(StandardHostValve.java:116) ~[tomcat-embed-core-10.1.46.jar:10.1.46]
	at org.apache.catalina.valves.ErrorReportValve.invoke(ErrorReportValve.java:93) ~[tomcat-embed-core-10.1.46.jar:10.1.46]
	at org.apache.catalina.core.StandardEngineValve.invoke(StandardEngineValve.java:74) ~[tomcat-embed-core-10.1.46.jar:10.1.46]
	at org.apache.catalina.connector.CoyoteAdapter.service(CoyoteAdapter.java:344) ~[tomcat-embed-core-10.1.46.jar:10.1.46]
	at org.apache.coyote.http11.Http11Processor.service(Http11Processor.java:398) ~[tomcat-embed-core-10.1.46.jar:10.1.46]
	at org.apache.coyote.AbstractProcessorLight.process(AbstractProcessorLight.java:63) ~[tomcat-embed-core-10.1.46.jar:10.1.46]
	at org.apache.coyote.AbstractProtocol$ConnectionHandler.process(AbstractProtocol.java:903) ~[tomcat-embed-core-10.1.46.jar:10.1.46]
	at org.apache.tomcat.util.net.NioEndpoint$SocketProcessor.doRun(NioEndpoint.java:1776) ~[tomcat-embed-core-10.1.46.jar:10.1.46]
	at org.apache.tomcat.util.net.SocketProcessorBase.run(SocketProcessorBase.java:52) ~[tomcat-embed-core-10.1.46.jar:10.1.46]
	at org.apache.tomcat.util.threads.ThreadPoolExecutor.runWorker(ThreadPoolExecutor.java:975) ~[tomcat-embed-core-10.1.46.jar:10.1.46]
	at org.apache.tomcat.util.threads.ThreadPoolExecutor$Worker.run(ThreadPoolExecutor.java:493) ~[tomcat-embed-core-10.1.46.jar:10.1.46]
	at org.apache.tomcat.util.threads.TaskThread$WrappingRunnable.run(TaskThread.java:63) ~[tomcat-embed-core-10.1.46.jar:10.1.46]
	at java.base/java.lang.Thread.run(Thread.java:842) ~[na:na]

2025-10-28T09:16:56.048Z  WARN 17400 --- [backofficeAPI] [http-nio-8080-exec-5] .m.m.a.ExceptionHandlerExceptionResolver : Resolved [org.springframework.web.servlet.resource.NoResourceFoundException: No static resource favicon.ico.]
2025-10-28T09:17:03.099Z DEBUG 17400 --- [backofficeAPI] [http-nio-8080-exec-1] o.s.security.web.FilterChainProxy        : Securing POST /api/images/upload
2025-10-28T09:17:03.103Z DEBUG 17400 --- [backofficeAPI] [http-nio-8080-exec-1] o.s.security.web.FilterChainProxy        : Secured POST /api/images/upload
2025-10-28T09:17:03.370Z DEBUG 17400 --- [backofficeAPI] [http-nio-8080-exec-1] o.d.b.controller.ImageUploadController   : Upload request received - file: Captura de pantalla (1).png, width: 800, height: 600, quality: 0.8
2025-10-28T09:17:03.965Z  INFO 17400 --- [backofficeAPI] [http-nio-8080-exec-1] o.d.b.controller.ImageUploadController   : Image uploaded successfully: f967e3d0-0f75-4bfe-a118-fda2a1990150.webp
2025-10-28T09:17:03.980Z DEBUG 17400 --- [backofficeAPI] [http-nio-8080-exec-6] o.s.security.web.FilterChainProxy        : Securing GET /images/f967e3d0-0f75-4bfe-a118-fda2a1990150.webp
2025-10-28T09:17:03.981Z DEBUG 17400 --- [backofficeAPI] [http-nio-8080-exec-6] o.s.s.w.a.AnonymousAuthenticationFilter  : Set SecurityContextHolder to anonymous SecurityContext
2025-10-28T09:17:03.982Z DEBUG 17400 --- [backofficeAPI] [http-nio-8080-exec-6] o.s.security.web.FilterChainProxy        : Secured GET /images/f967e3d0-0f75-4bfe-a118-fda2a1990150.webp
2025-10-28T09:17:05.943Z DEBUG 17400 --- [backofficeAPI] [http-nio-8080-exec-9] o.s.security.web.FilterChainProxy        : Securing POST /api/activities
2025-10-28T09:17:05.976Z DEBUG 17400 --- [backofficeAPI] [http-nio-8080-exec-9] o.s.security.web.FilterChainProxy        : Secured POST /api/activities
2025-10-28T09:17:05.984Z DEBUG 17400 --- [backofficeAPI] [http-nio-8080-exec-9] o.d.b.controller.ActivitiesController    : POST request to create new activity
2025-10-28T09:17:05.984Z DEBUG 17400 --- [backofficeAPI] [http-nio-8080-exec-9] o.d.b.service.ActivitiesService          : Saving new activity: sdasda
2025-10-28T09:17:05.996Z  INFO 17400 --- [backofficeAPI] [http-nio-8080-exec-9] o.d.b.service.ActivitiesService          : Created activities storage directory: storage/activities
2025-10-28T09:17:06.004Z  INFO 17400 --- [backofficeAPI] [http-nio-8080-exec-9] o.d.b.service.ActivitiesService          : Activity saved successfully: sdasda
2025-10-28T09:17:06.055Z DEBUG 17400 --- [backofficeAPI] [http-nio-8080-exec-10] o.s.security.web.FilterChainProxy        : Securing GET /api/activities
2025-10-28T09:17:06.063Z  INFO 17400 --- [backofficeAPI] [reactor-http-nio-4] o.d.b.service.ActivitiesService          : Activities cache invalidated after save
2025-10-28T09:17:06.097Z DEBUG 17400 --- [backofficeAPI] [http-nio-8080-exec-4] o.s.security.web.FilterChainProxy        : Securing GET /api/activities
2025-10-28T09:17:06.133Z DEBUG 17400 --- [backofficeAPI] [http-nio-8080-exec-10] o.s.security.web.FilterChainProxy        : Secured GET /api/activities
2025-10-28T09:17:06.144Z DEBUG 17400 --- [backofficeAPI] [http-nio-8080-exec-10] o.d.b.controller.ActivitiesController    : GET request to retrieve all activities
2025-10-28T09:17:06.149Z DEBUG 17400 --- [backofficeAPI] [http-nio-8080-exec-10] o.d.b.service.ActivitiesService          : Retrieving all activities
2025-10-28T09:17:06.184Z DEBUG 17400 --- [backofficeAPI] [http-nio-8080-exec-4] o.s.security.web.FilterChainProxy        : Secured GET /api/activities
2025-10-28T09:17:06.197Z DEBUG 17400 --- [backofficeAPI] [http-nio-8080-exec-4] o.d.b.controller.ActivitiesController    : GET request to retrieve all activities
2025-10-28T09:17:06.199Z DEBUG 17400 --- [backofficeAPI] [http-nio-8080-exec-4] o.d.b.service.ActivitiesService          : Retrieving all activities
2025-10-28T09:17:06.234Z DEBUG 17400 --- [backofficeAPI] [http-nio-8080-exec-10] o.d.b.service.ActivitiesService          : Retrieved 1 activities
2025-10-28T09:17:06.234Z DEBUG 17400 --- [backofficeAPI] [http-nio-8080-exec-4] o.d.b.service.ActivitiesService          : Retrieved 1 activities
2025-10-28T09:17:12.699Z DEBUG 17400 --- [backofficeAPI] [http-nio-8080-exec-8] o.s.security.web.FilterChainProxy        : Securing GET /api/activities
2025-10-28T09:17:12.709Z DEBUG 17400 --- [backofficeAPI] [http-nio-8080-exec-8] o.s.security.web.FilterChainProxy        : Secured GET /api/activities
2025-10-28T09:17:12.713Z DEBUG 17400 --- [backofficeAPI] [http-nio-8080-exec-8] o.d.b.controller.ActivitiesController    : GET request to retrieve all activities
2025-10-28T09:17:12.716Z DEBUG 17400 --- [backofficeAPI] [http-nio-8080-exec-8] o.d.b.service.ActivitiesService          : Retrieving all activities
2025-10-28T09:17:12.721Z DEBUG 17400 --- [backofficeAPI] [http-nio-8080-exec-8] o.d.b.service.ActivitiesService          : Retrieved 1 activities
2025-10-28T09:19:34.781Z DEBUG 17400 --- [backofficeAPI] [http-nio-8080-exec-9] o.s.security.web.FilterChainProxy        : Securing GET /editor/actividades
2025-10-28T09:19:35.022Z DEBUG 17400 --- [backofficeAPI] [http-nio-8080-exec-9] o.s.security.web.FilterChainProxy        : Secured GET /editor/actividades
2025-10-28T09:19:35.094Z  WARN 17400 --- [backofficeAPI] [http-nio-8080-exec-9] actStandardFragmentInsertionTagProcessor : [THYMELEAF][http-nio-8080-exec-9][activities] Deprecated unwrapped fragment expression "fragments/header :: header" found in template activities, line 18, col 8. Please use the complete syntax of fragment expressions instead ("~{fragments/header :: header}"). The old, unwrapped syntax for fragment expressions will be removed in future versions of Thymeleaf.
2025-10-28T09:19:35.285Z DEBUG 17400 --- [backofficeAPI] [http-nio-8080-exec-4] o.s.security.web.FilterChainProxy        : Securing GET /styles/layout/footer.css
2025-10-28T09:19:35.285Z DEBUG 17400 --- [backofficeAPI] [http-nio-8080-exec-10] o.s.security.web.FilterChainProxy        : Securing GET /styles/layout/header.css
2025-10-28T09:19:35.289Z DEBUG 17400 --- [backofficeAPI] [http-nio-8080-exec-8] o.s.security.web.FilterChainProxy        : Securing GET /styles/base.css
2025-10-28T09:19:35.289Z DEBUG 17400 --- [backofficeAPI] [http-nio-8080-exec-4] o.s.s.w.a.AnonymousAuthenticationFilter  : Set SecurityContextHolder to anonymous SecurityContext
2025-10-28T09:19:35.318Z DEBUG 17400 --- [backofficeAPI] [http-nio-8080-exec-8] o.s.s.w.a.AnonymousAuthenticationFilter  : Set SecurityContextHolder to anonymous SecurityContext
2025-10-28T09:19:35.291Z DEBUG 17400 --- [backofficeAPI] [http-nio-8080-exec-2] o.s.security.web.FilterChainProxy        : Securing GET /styles/login.css
2025-10-28T09:19:35.293Z DEBUG 17400 --- [backofficeAPI] [http-nio-8080-exec-7] o.s.security.web.FilterChainProxy        : Securing GET /styles/news.css
2025-10-28T09:19:35.318Z DEBUG 17400 --- [backofficeAPI] [http-nio-8080-exec-10] o.s.s.w.a.AnonymousAuthenticationFilter  : Set SecurityContextHolder to anonymous SecurityContext
2025-10-28T09:19:35.318Z DEBUG 17400 --- [backofficeAPI] [http-nio-8080-exec-4] o.s.security.web.FilterChainProxy        : Secured GET /styles/layout/footer.css
2025-10-28T09:19:35.319Z DEBUG 17400 --- [backofficeAPI] [http-nio-8080-exec-8] o.s.security.web.FilterChainProxy        : Secured GET /styles/base.css
2025-10-28T09:19:35.321Z DEBUG 17400 --- [backofficeAPI] [http-nio-8080-exec-3] o.s.security.web.FilterChainProxy        : Securing GET /scripts/script.js
2025-10-28T09:19:35.321Z DEBUG 17400 --- [backofficeAPI] [http-nio-8080-exec-10] o.s.security.web.FilterChainProxy        : Secured GET /styles/layout/header.css
2025-10-28T09:19:35.321Z DEBUG 17400 --- [backofficeAPI] [http-nio-8080-exec-2] o.s.s.w.a.AnonymousAuthenticationFilter  : Set SecurityContextHolder to anonymous SecurityContext
2025-10-28T09:19:35.322Z DEBUG 17400 --- [backofficeAPI] [http-nio-8080-exec-7] o.s.s.w.a.AnonymousAuthenticationFilter  : Set SecurityContextHolder to anonymous SecurityContext
2025-10-28T09:19:35.332Z DEBUG 17400 --- [backofficeAPI] [http-nio-8080-exec-2] o.s.security.web.FilterChainProxy        : Secured GET /styles/login.css
2025-10-28T09:19:35.338Z DEBUG 17400 --- [backofficeAPI] [http-nio-8080-exec-7] o.s.security.web.FilterChainProxy        : Secured GET /styles/news.css
2025-10-28T09:19:35.339Z DEBUG 17400 --- [backofficeAPI] [http-nio-8080-exec-3] o.s.s.w.a.AnonymousAuthenticationFilter  : Set SecurityContextHolder to anonymous SecurityContext
2025-10-28T09:19:35.351Z DEBUG 17400 --- [backofficeAPI] [http-nio-8080-exec-3] o.s.security.web.FilterChainProxy        : Secured GET /scripts/script.js
2025-10-28T09:19:35.486Z DEBUG 17400 --- [backofficeAPI] [http-nio-8080-exec-5] o.s.security.web.FilterChainProxy        : Securing GET /scripts/pages/activities.js
2025-10-28T09:19:35.489Z DEBUG 17400 --- [backofficeAPI] [http-nio-8080-exec-1] o.s.security.web.FilterChainProxy        : Securing GET /assets/logo.png
2025-10-28T09:19:35.499Z DEBUG 17400 --- [backofficeAPI] [http-nio-8080-exec-5] o.s.s.w.a.AnonymousAuthenticationFilter  : Set SecurityContextHolder to anonymous SecurityContext
2025-10-28T09:19:35.501Z DEBUG 17400 --- [backofficeAPI] [http-nio-8080-exec-5] o.s.security.web.FilterChainProxy        : Secured GET /scripts/pages/activities.js
2025-10-28T09:19:35.519Z DEBUG 17400 --- [backofficeAPI] [http-nio-8080-exec-1] o.s.s.w.a.AnonymousAuthenticationFilter  : Set SecurityContextHolder to anonymous SecurityContext
2025-10-28T09:19:35.519Z DEBUG 17400 --- [backofficeAPI] [http-nio-8080-exec-1] o.s.security.web.FilterChainProxy        : Secured GET /assets/logo.png
2025-10-28T09:19:35.521Z DEBUG 17400 --- [backofficeAPI] [http-nio-8080-exec-6] o.s.security.web.FilterChainProxy        : Securing GET /assets/navmenu.png
2025-10-28T09:19:35.526Z DEBUG 17400 --- [backofficeAPI] [http-nio-8080-exec-9] o.s.security.web.FilterChainProxy        : Securing GET /assets/background.png
2025-10-28T09:19:35.531Z DEBUG 17400 --- [backofficeAPI] [http-nio-8080-exec-6] o.s.s.w.a.AnonymousAuthenticationFilter  : Set SecurityContextHolder to anonymous SecurityContext
2025-10-28T09:19:35.532Z DEBUG 17400 --- [backofficeAPI] [http-nio-8080-exec-6] o.s.security.web.FilterChainProxy        : Secured GET /assets/navmenu.png
2025-10-28T09:19:35.550Z DEBUG 17400 --- [backofficeAPI] [http-nio-8080-exec-9] o.s.s.w.a.AnonymousAuthenticationFilter  : Set SecurityContextHolder to anonymous SecurityContext
2025-10-28T09:19:35.551Z DEBUG 17400 --- [backofficeAPI] [http-nio-8080-exec-9] o.s.security.web.FilterChainProxy        : Secured GET /assets/background.png
2025-10-28T09:19:35.645Z DEBUG 17400 --- [backofficeAPI] [http-nio-8080-exec-8] o.s.security.web.FilterChainProxy        : Securing GET /scripts/api/activitiesService.js
2025-10-28T09:19:35.649Z DEBUG 17400 --- [backofficeAPI] [http-nio-8080-exec-8] o.s.s.w.a.AnonymousAuthenticationFilter  : Set SecurityContextHolder to anonymous SecurityContext
2025-10-28T09:19:35.651Z DEBUG 17400 --- [backofficeAPI] [http-nio-8080-exec-8] o.s.security.web.FilterChainProxy        : Secured GET /scripts/api/activitiesService.js
2025-10-28T09:19:35.694Z DEBUG 17400 --- [backofficeAPI] [http-nio-8080-exec-4] o.s.security.web.FilterChainProxy        : Securing GET /api/activities
2025-10-28T09:19:35.703Z DEBUG 17400 --- [backofficeAPI] [http-nio-8080-exec-4] o.s.security.web.FilterChainProxy        : Secured GET /api/activities
2025-10-28T09:19:35.704Z DEBUG 17400 --- [backofficeAPI] [http-nio-8080-exec-4] o.d.b.controller.ActivitiesController    : GET request to retrieve all activities
2025-10-28T09:19:35.705Z DEBUG 17400 --- [backofficeAPI] [http-nio-8080-exec-4] o.d.b.service.ActivitiesService          : Retrieving all activities
2025-10-28T09:19:35.717Z DEBUG 17400 --- [backofficeAPI] [http-nio-8080-exec-4] o.d.b.service.ActivitiesService          : Retrieved 1 activities
2025-10-28T09:19:35.731Z DEBUG 17400 --- [backofficeAPI] [http-nio-8080-exec-10] o.s.security.web.FilterChainProxy        : Securing GET /favicon.ico
2025-10-28T09:19:35.733Z DEBUG 17400 --- [backofficeAPI] [http-nio-8080-exec-10] o.s.s.w.a.AnonymousAuthenticationFilter  : Set SecurityContextHolder to anonymous SecurityContext
2025-10-28T09:19:35.734Z DEBUG 17400 --- [backofficeAPI] [http-nio-8080-exec-10] o.s.security.web.FilterChainProxy        : Secured GET /favicon.ico
2025-10-28T09:19:35.737Z ERROR 17400 --- [backofficeAPI] [http-nio-8080-exec-10] o.d.b.exception.GlobalExceptionHandler   : Unexpected error occurred

org.springframework.web.servlet.resource.NoResourceFoundException: No static resource favicon.ico.
	at org.springframework.web.servlet.resource.ResourceHttpRequestHandler.handleRequest(ResourceHttpRequestHandler.java:585) ~[spring-webmvc-6.2.11.jar:6.2.11]
	at org.springframework.web.servlet.mvc.HttpRequestHandlerAdapter.handle(HttpRequestHandlerAdapter.java:52) ~[spring-webmvc-6.2.11.jar:6.2.11]
	at org.springframework.web.servlet.DispatcherServlet.doDispatch(DispatcherServlet.java:1089) ~[spring-webmvc-6.2.11.jar:6.2.11]
	at org.springframework.web.servlet.DispatcherServlet.doService(DispatcherServlet.java:979) ~[spring-webmvc-6.2.11.jar:6.2.11]
	at org.springframework.web.servlet.FrameworkServlet.processRequest(FrameworkServlet.java:1014) ~[spring-webmvc-6.2.11.jar:6.2.11]
	at org.springframework.web.servlet.FrameworkServlet.doGet(FrameworkServlet.java:903) ~[spring-webmvc-6.2.11.jar:6.2.11]
	at jakarta.servlet.http.HttpServlet.service(HttpServlet.java:564) ~[tomcat-embed-core-10.1.46.jar:6.0]
	at org.springframework.web.servlet.FrameworkServlet.service(FrameworkServlet.java:885) ~[spring-webmvc-6.2.11.jar:6.2.11]
	at jakarta.servlet.http.HttpServlet.service(HttpServlet.java:658) ~[tomcat-embed-core-10.1.46.jar:6.0]
	at org.apache.catalina.core.ApplicationFilterChain.internalDoFilter(ApplicationFilterChain.java:195) ~[tomcat-embed-core-10.1.46.jar:10.1.46]
	at org.apache.catalina.core.ApplicationFilterChain.doFilter(ApplicationFilterChain.java:140) ~[tomcat-embed-core-10.1.46.jar:10.1.46]
	at org.apache.tomcat.websocket.server.WsFilter.doFilter(WsFilter.java:51) ~[tomcat-embed-websocket-10.1.46.jar:10.1.46]
	at org.apache.catalina.core.ApplicationFilterChain.internalDoFilter(ApplicationFilterChain.java:164) ~[tomcat-embed-core-10.1.46.jar:10.1.46]
	at org.apache.catalina.core.ApplicationFilterChain.doFilter(ApplicationFilterChain.java:140) ~[tomcat-embed-core-10.1.46.jar:10.1.46]
	at org.springframework.web.filter.OncePerRequestFilter.doFilter(OncePerRequestFilter.java:110) ~[spring-web-6.2.11.jar:6.2.11]
	at org.apache.catalina.core.ApplicationFilterChain.internalDoFilter(ApplicationFilterChain.java:164) ~[tomcat-embed-core-10.1.46.jar:10.1.46]
	at org.apache.catalina.core.ApplicationFilterChain.doFilter(ApplicationFilterChain.java:140) ~[tomcat-embed-core-10.1.46.jar:10.1.46]
	at org.springframework.web.filter.CompositeFilter$VirtualFilterChain.doFilter(CompositeFilter.java:108) ~[spring-web-6.2.11.jar:6.2.11]
	at org.springframework.web.filter.CompositeFilter$VirtualFilterChain.doFilter(CompositeFilter.java:108) ~[spring-web-6.2.11.jar:6.2.11]
	at org.springframework.security.web.FilterChainProxy.lambda$doFilterInternal$3(FilterChainProxy.java:231) ~[spring-security-web-6.5.5.jar:6.5.5]
	at org.springframework.security.web.FilterChainProxy$VirtualFilterChain.doFilter(FilterChainProxy.java:365) ~[spring-security-web-6.5.5.jar:6.5.5]
	at org.springframework.security.web.access.intercept.AuthorizationFilter.doFilter(AuthorizationFilter.java:101) ~[spring-security-web-6.5.5.jar:6.5.5]
	at org.springframework.security.web.FilterChainProxy$VirtualFilterChain.doFilter(FilterChainProxy.java:374) ~[spring-security-web-6.5.5.jar:6.5.5]
	at org.springframework.security.web.access.ExceptionTranslationFilter.doFilter(ExceptionTranslationFilter.java:125) ~[spring-security-web-6.5.5.jar:6.5.5]
	at org.springframework.security.web.access.ExceptionTranslationFilter.doFilter(ExceptionTranslationFilter.java:119) ~[spring-security-web-6.5.5.jar:6.5.5]
	at org.springframework.security.web.FilterChainProxy$VirtualFilterChain.doFilter(FilterChainProxy.java:374) ~[spring-security-web-6.5.5.jar:6.5.5]
	at org.springframework.security.web.session.SessionManagementFilter.doFilter(SessionManagementFilter.java:131) ~[spring-security-web-6.5.5.jar:6.5.5]
	at org.springframework.security.web.session.SessionManagementFilter.doFilter(SessionManagementFilter.java:85) ~[spring-security-web-6.5.5.jar:6.5.5]
	at org.springframework.security.web.FilterChainProxy$VirtualFilterChain.doFilter(FilterChainProxy.java:374) ~[spring-security-web-6.5.5.jar:6.5.5]
	at org.springframework.security.web.authentication.AnonymousAuthenticationFilter.doFilter(AnonymousAuthenticationFilter.java:100) ~[spring-security-web-6.5.5.jar:6.5.5]
	at org.springframework.security.web.FilterChainProxy$VirtualFilterChain.doFilter(FilterChainProxy.java:374) ~[spring-security-web-6.5.5.jar:6.5.5]
	at org.springframework.security.web.servletapi.SecurityContextHolderAwareRequestFilter.doFilter(SecurityContextHolderAwareRequestFilter.java:179) ~[spring-security-web-6.5.5.jar:6.5.5]
	at org.springframework.security.web.FilterChainProxy$VirtualFilterChain.doFilter(FilterChainProxy.java:374) ~[spring-security-web-6.5.5.jar:6.5.5]
	at org.springframework.security.web.savedrequest.RequestCacheAwareFilter.doFilter(RequestCacheAwareFilter.java:63) ~[spring-security-web-6.5.5.jar:6.5.5]
	at org.springframework.security.web.FilterChainProxy$VirtualFilterChain.doFilter(FilterChainProxy.java:374) ~[spring-security-web-6.5.5.jar:6.5.5]
	at org.dubini.backofficeAPI.security.JwtFilter.doFilterInternal(JwtFilter.java:56) ~[classes/:na]
	at org.springframework.web.filter.OncePerRequestFilter.doFilter(OncePerRequestFilter.java:116) ~[spring-web-6.2.11.jar:6.2.11]
	at org.springframework.security.web.FilterChainProxy$VirtualFilterChain.doFilter(FilterChainProxy.java:374) ~[spring-security-web-6.5.5.jar:6.5.5]
	at org.springframework.security.web.authentication.logout.LogoutFilter.doFilter(LogoutFilter.java:107) ~[spring-security-web-6.5.5.jar:6.5.5]
	at org.springframework.security.web.authentication.logout.LogoutFilter.doFilter(LogoutFilter.java:93) ~[spring-security-web-6.5.5.jar:6.5.5]
	at org.springframework.security.web.FilterChainProxy$VirtualFilterChain.doFilter(FilterChainProxy.java:374) ~[spring-security-web-6.5.5.jar:6.5.5]
	at org.springframework.security.web.header.HeaderWriterFilter.doHeadersAfter(HeaderWriterFilter.java:90) ~[spring-security-web-6.5.5.jar:6.5.5]
	at org.springframework.security.web.header.HeaderWriterFilter.doFilterInternal(HeaderWriterFilter.java:75) ~[spring-security-web-6.5.5.jar:6.5.5]
	at org.springframework.web.filter.OncePerRequestFilter.doFilter(OncePerRequestFilter.java:116) ~[spring-web-6.2.11.jar:6.2.11]
	at org.springframework.security.web.FilterChainProxy$VirtualFilterChain.doFilter(FilterChainProxy.java:374) ~[spring-security-web-6.5.5.jar:6.5.5]
	at org.springframework.security.web.context.SecurityContextHolderFilter.doFilter(SecurityContextHolderFilter.java:82) ~[spring-security-web-6.5.5.jar:6.5.5]
	at org.springframework.security.web.context.SecurityContextHolderFilter.doFilter(SecurityContextHolderFilter.java:69) ~[spring-security-web-6.5.5.jar:6.5.5]
	at org.springframework.security.web.FilterChainProxy$VirtualFilterChain.doFilter(FilterChainProxy.java:374) ~[spring-security-web-6.5.5.jar:6.5.5]
	at org.springframework.security.web.context.request.async.WebAsyncManagerIntegrationFilter.doFilterInternal(WebAsyncManagerIntegrationFilter.java:62) ~[spring-security-web-6.5.5.jar:6.5.5]
	at org.springframework.web.filter.OncePerRequestFilter.doFilter(OncePerRequestFilter.java:116) ~[spring-web-6.2.11.jar:6.2.11]
	at org.springframework.security.web.FilterChainProxy$VirtualFilterChain.doFilter(FilterChainProxy.java:374) ~[spring-security-web-6.5.5.jar:6.5.5]
	at org.springframework.security.web.session.DisableEncodeUrlFilter.doFilterInternal(DisableEncodeUrlFilter.java:42) ~[spring-security-web-6.5.5.jar:6.5.5]
	at org.springframework.web.filter.OncePerRequestFilter.doFilter(OncePerRequestFilter.java:116) ~[spring-web-6.2.11.jar:6.2.11]
	at org.springframework.security.web.FilterChainProxy$VirtualFilterChain.doFilter(FilterChainProxy.java:374) ~[spring-security-web-6.5.5.jar:6.5.5]
	at org.springframework.security.web.FilterChainProxy.doFilterInternal(FilterChainProxy.java:233) ~[spring-security-web-6.5.5.jar:6.5.5]
	at org.springframework.security.web.FilterChainProxy.doFilter(FilterChainProxy.java:191) ~[spring-security-web-6.5.5.jar:6.5.5]
	at org.springframework.web.filter.CompositeFilter$VirtualFilterChain.doFilter(CompositeFilter.java:113) ~[spring-web-6.2.11.jar:6.2.11]
	at org.springframework.web.filter.ServletRequestPathFilter.doFilter(ServletRequestPathFilter.java:52) ~[spring-web-6.2.11.jar:6.2.11]
	at org.springframework.web.filter.CompositeFilter$VirtualFilterChain.doFilter(CompositeFilter.java:113) ~[spring-web-6.2.11.jar:6.2.11]
	at org.springframework.web.filter.CompositeFilter.doFilter(CompositeFilter.java:74) ~[spring-web-6.2.11.jar:6.2.11]
	at org.springframework.security.config.annotation.web.configuration.WebSecurityConfiguration$CompositeFilterChainProxy.doFilter(WebSecurityConfiguration.java:319) ~[spring-security-config-6.5.5.jar:6.5.5]
	at org.springframework.web.filter.CompositeFilter$VirtualFilterChain.doFilter(CompositeFilter.java:113) ~[spring-web-6.2.11.jar:6.2.11]
	at org.springframework.web.servlet.handler.HandlerMappingIntrospector.lambda$createCacheFilter$4(HandlerMappingIntrospector.java:267) ~[spring-webmvc-6.2.11.jar:6.2.11]
	at org.springframework.web.filter.CompositeFilter$VirtualFilterChain.doFilter(CompositeFilter.java:113) ~[spring-web-6.2.11.jar:6.2.11]
	at org.springframework.web.filter.CompositeFilter.doFilter(CompositeFilter.java:74) ~[spring-web-6.2.11.jar:6.2.11]
	at org.springframework.security.config.annotation.web.configuration.WebMvcSecurityConfiguration$CompositeFilterChainProxy.doFilter(WebMvcSecurityConfiguration.java:240) ~[spring-security-config-6.5.5.jar:6.5.5]
	at org.springframework.web.filter.DelegatingFilterProxy.invokeDelegate(DelegatingFilterProxy.java:362) ~[spring-web-6.2.11.jar:6.2.11]
	at org.springframework.web.filter.DelegatingFilterProxy.doFilter(DelegatingFilterProxy.java:278) ~[spring-web-6.2.11.jar:6.2.11]
	at org.apache.catalina.core.ApplicationFilterChain.internalDoFilter(ApplicationFilterChain.java:164) ~[tomcat-embed-core-10.1.46.jar:10.1.46]
	at org.apache.catalina.core.ApplicationFilterChain.doFilter(ApplicationFilterChain.java:140) ~[tomcat-embed-core-10.1.46.jar:10.1.46]
	at org.springframework.web.filter.RequestContextFilter.doFilterInternal(RequestContextFilter.java:100) ~[spring-web-6.2.11.jar:6.2.11]
	at org.springframework.web.filter.OncePerRequestFilter.doFilter(OncePerRequestFilter.java:116) ~[spring-web-6.2.11.jar:6.2.11]
	at org.apache.catalina.core.ApplicationFilterChain.internalDoFilter(ApplicationFilterChain.java:164) ~[tomcat-embed-core-10.1.46.jar:10.1.46]
	at org.apache.catalina.core.ApplicationFilterChain.doFilter(ApplicationFilterChain.java:140) ~[tomcat-embed-core-10.1.46.jar:10.1.46]
	at org.springframework.web.filter.FormContentFilter.doFilterInternal(FormContentFilter.java:93) ~[spring-web-6.2.11.jar:6.2.11]
	at org.springframework.web.filter.OncePerRequestFilter.doFilter(OncePerRequestFilter.java:116) ~[spring-web-6.2.11.jar:6.2.11]
	at org.apache.catalina.core.ApplicationFilterChain.internalDoFilter(ApplicationFilterChain.java:164) ~[tomcat-embed-core-10.1.46.jar:10.1.46]
	at org.apache.catalina.core.ApplicationFilterChain.doFilter(ApplicationFilterChain.java:140) ~[tomcat-embed-core-10.1.46.jar:10.1.46]
	at org.springframework.web.filter.CharacterEncodingFilter.doFilterInternal(CharacterEncodingFilter.java:201) ~[spring-web-6.2.11.jar:6.2.11]
	at org.springframework.web.filter.OncePerRequestFilter.doFilter(OncePerRequestFilter.java:116) ~[spring-web-6.2.11.jar:6.2.11]
	at org.apache.catalina.core.ApplicationFilterChain.internalDoFilter(ApplicationFilterChain.java:164) ~[tomcat-embed-core-10.1.46.jar:10.1.46]
	at org.apache.catalina.core.ApplicationFilterChain.doFilter(ApplicationFilterChain.java:140) ~[tomcat-embed-core-10.1.46.jar:10.1.46]
	at org.apache.catalina.core.StandardWrapperValve.invoke(StandardWrapperValve.java:167) ~[tomcat-embed-core-10.1.46.jar:10.1.46]
	at org.apache.catalina.core.StandardContextValve.invoke(StandardContextValve.java:90) ~[tomcat-embed-core-10.1.46.jar:10.1.46]
	at org.apache.catalina.authenticator.AuthenticatorBase.invoke(AuthenticatorBase.java:483) ~[tomcat-embed-core-10.1.46.jar:10.1.46]
	at org.apache.catalina.core.StandardHostValve.invoke(StandardHostValve.java:116) ~[tomcat-embed-core-10.1.46.jar:10.1.46]
	at org.apache.catalina.valves.ErrorReportValve.invoke(ErrorReportValve.java:93) ~[tomcat-embed-core-10.1.46.jar:10.1.46]
	at org.apache.catalina.core.StandardEngineValve.invoke(StandardEngineValve.java:74) ~[tomcat-embed-core-10.1.46.jar:10.1.46]
	at org.apache.catalina.connector.CoyoteAdapter.service(CoyoteAdapter.java:344) ~[tomcat-embed-core-10.1.46.jar:10.1.46]
	at org.apache.coyote.http11.Http11Processor.service(Http11Processor.java:398) ~[tomcat-embed-core-10.1.46.jar:10.1.46]
	at org.apache.coyote.AbstractProcessorLight.process(AbstractProcessorLight.java:63) ~[tomcat-embed-core-10.1.46.jar:10.1.46]
	at org.apache.coyote.AbstractProtocol$ConnectionHandler.process(AbstractProtocol.java:903) ~[tomcat-embed-core-10.1.46.jar:10.1.46]
	at org.apache.tomcat.util.net.NioEndpoint$SocketProcessor.doRun(NioEndpoint.java:1776) ~[tomcat-embed-core-10.1.46.jar:10.1.46]
	at org.apache.tomcat.util.net.SocketProcessorBase.run(SocketProcessorBase.java:52) ~[tomcat-embed-core-10.1.46.jar:10.1.46]
	at org.apache.tomcat.util.threads.ThreadPoolExecutor.runWorker(ThreadPoolExecutor.java:975) ~[tomcat-embed-core-10.1.46.jar:10.1.46]
	at org.apache.tomcat.util.threads.ThreadPoolExecutor$Worker.run(ThreadPoolExecutor.java:493) ~[tomcat-embed-core-10.1.46.jar:10.1.46]
	at org.apache.tomcat.util.threads.TaskThread$WrappingRunnable.run(TaskThread.java:63) ~[tomcat-embed-core-10.1.46.jar:10.1.46]
	at java.base/java.lang.Thread.run(Thread.java:842) ~[na:na]

2025-10-28T09:19:35.771Z  WARN 17400 --- [backofficeAPI] [http-nio-8080-exec-10] .m.m.a.ExceptionHandlerExceptionResolver : Resolved [org.springframework.web.servlet.resource.NoResourceFoundException: No static resource favicon.ico.]
2025-10-28T09:19:40.330Z DEBUG 17400 --- [backofficeAPI] [http-nio-8080-exec-7] o.s.security.web.FilterChainProxy        : Securing POST /api/activities
2025-10-28T09:19:40.712Z DEBUG 17400 --- [backofficeAPI] [http-nio-8080-exec-7] o.s.security.web.FilterChainProxy        : Secured POST /api/activities
2025-10-28T09:19:40.729Z DEBUG 17400 --- [backofficeAPI] [http-nio-8080-exec-7] o.d.b.controller.ActivitiesController    : POST request to create new activity
2025-10-28T09:19:40.732Z DEBUG 17400 --- [backofficeAPI] [http-nio-8080-exec-7] o.d.b.service.ActivitiesService          : Saving new activity: sdasda
2025-10-28T09:19:40.840Z  INFO 17400 --- [backofficeAPI] [http-nio-8080-exec-7] o.d.b.service.ActivitiesService          : Activity saved successfully: sdasda
2025-10-28T09:19:41.064Z ERROR 17400 --- [backofficeAPI] [reactor-http-nio-5] o.d.b.service.CacheInvalidatorService    : Error invalidating activities cache

org.springframework.web.reactive.function.client.WebClientRequestException: Connection refused: no further information: localhost/127.0.0.1:8081
	at org.springframework.web.reactive.function.client.ExchangeFunctions$DefaultExchangeFunction.lambda$wrapException$9(ExchangeFunctions.java:137) ~[spring-webflux-6.2.11.jar:6.2.11]
	Suppressed: reactor.core.publisher.FluxOnAssembly$OnAssemblyException: 
Error has been observed at the following site(s):
	*__checkpoint ? Request to GET http://localhost:8081/api/cache/activities/clear [DefaultWebClient]
Original Stack Trace:
		at org.springframework.web.reactive.function.client.ExchangeFunctions$DefaultExchangeFunction.lambda$wrapException$9(ExchangeFunctions.java:137) ~[spring-webflux-6.2.11.jar:6.2.11]
		at reactor.core.publisher.MonoErrorSupplied.subscribe(MonoErrorSupplied.java:55) ~[reactor-core-3.7.11.jar:3.7.11]
		at reactor.core.publisher.Mono.subscribe(Mono.java:4576) ~[reactor-core-3.7.11.jar:3.7.11]
		at reactor.core.publisher.FluxOnErrorResume$ResumeSubscriber.onError(FluxOnErrorResume.java:103) ~[reactor-core-3.7.11.jar:3.7.11]
		at reactor.core.publisher.FluxPeek$PeekSubscriber.onError(FluxPeek.java:222) ~[reactor-core-3.7.11.jar:3.7.11]
		at reactor.core.publisher.FluxPeek$PeekSubscriber.onError(FluxPeek.java:222) ~[reactor-core-3.7.11.jar:3.7.11]
		at reactor.core.publisher.FluxPeek$PeekSubscriber.onError(FluxPeek.java:222) ~[reactor-core-3.7.11.jar:3.7.11]
		at reactor.core.publisher.MonoNext$NextSubscriber.onError(MonoNext.java:93) ~[reactor-core-3.7.11.jar:3.7.11]
		at reactor.core.publisher.MonoFlatMapMany$FlatMapManyMain.onError(MonoFlatMapMany.java:205) ~[reactor-core-3.7.11.jar:3.7.11]
		at reactor.core.publisher.SerializedSubscriber.onError(SerializedSubscriber.java:124) ~[reactor-core-3.7.11.jar:3.7.11]
		at reactor.core.publisher.FluxRetryWhen$RetryWhenMainSubscriber.whenError(FluxRetryWhen.java:229) ~[reactor-core-3.7.11.jar:3.7.11]
		at reactor.core.publisher.FluxRetryWhen$RetryWhenOtherSubscriber.onError(FluxRetryWhen.java:279) ~[reactor-core-3.7.11.jar:3.7.11]
		at reactor.core.publisher.FluxContextWrite$ContextWriteSubscriber.onError(FluxContextWrite.java:121) ~[reactor-core-3.7.11.jar:3.7.11]
		at reactor.core.publisher.FluxConcatMapNoPrefetch$FluxConcatMapNoPrefetchSubscriber.maybeOnError(FluxConcatMapNoPrefetch.java:327) ~[reactor-core-3.7.11.jar:3.7.11]
		at reactor.core.publisher.FluxConcatMapNoPrefetch$FluxConcatMapNoPrefetchSubscriber.onNext(FluxConcatMapNoPrefetch.java:212) ~[reactor-core-3.7.11.jar:3.7.11]
		at reactor.core.publisher.FluxContextWrite$ContextWriteSubscriber.onNext(FluxContextWrite.java:107) ~[reactor-core-3.7.11.jar:3.7.11]
		at reactor.core.publisher.SinkManyEmitterProcessor.drain(SinkManyEmitterProcessor.java:476) ~[reactor-core-3.7.11.jar:3.7.11]
		at reactor.core.publisher.SinkManyEmitterProcessor$EmitterInner.drainParent(SinkManyEmitterProcessor.java:620) ~[reactor-core-3.7.11.jar:3.7.11]
		at reactor.core.publisher.FluxPublish$PubSubInner.request(FluxPublish.java:874) ~[reactor-core-3.7.11.jar:3.7.11]
		at reactor.core.publisher.FluxContextWrite$ContextWriteSubscriber.request(FluxContextWrite.java:136) ~[reactor-core-3.7.11.jar:3.7.11]
		at reactor.core.publisher.FluxConcatMapNoPrefetch$FluxConcatMapNoPrefetchSubscriber.request(FluxConcatMapNoPrefetch.java:337) ~[reactor-core-3.7.11.jar:3.7.11]
		at reactor.core.publisher.FluxContextWrite$ContextWriteSubscriber.request(FluxContextWrite.java:136) ~[reactor-core-3.7.11.jar:3.7.11]
		at reactor.core.publisher.Operators$DeferredSubscription.request(Operators.java:1742) ~[reactor-core-3.7.11.jar:3.7.11]
		at reactor.core.publisher.FluxRetryWhen$RetryWhenMainSubscriber.onError(FluxRetryWhen.java:196) ~[reactor-core-3.7.11.jar:3.7.11]
		at reactor.core.publisher.MonoCreate$DefaultMonoSink.error(MonoCreate.java:205) ~[reactor-core-3.7.11.jar:3.7.11]
		at reactor.netty.http.client.HttpClientConnect$MonoHttpConnect$ClientTransportSubscriber.onError(HttpClientConnect.java:325) ~[reactor-netty-http-1.2.10.jar:1.2.10]
		at reactor.core.publisher.MonoCreate$DefaultMonoSink.error(MonoCreate.java:205) ~[reactor-core-3.7.11.jar:3.7.11]
		at reactor.netty.resources.DefaultPooledConnectionProvider$DisposableAcquire.onError(DefaultPooledConnectionProvider.java:174) ~[reactor-netty-core-1.2.10.jar:1.2.10]
		at reactor.netty.internal.shaded.reactor.pool.AbstractPool$Borrower.fail(AbstractPool.java:479) ~[reactor-netty-core-1.2.10.jar:1.2.10]
		at reactor.netty.internal.shaded.reactor.pool.SimpleDequePool.lambda$drainLoop$9(SimpleDequePool.java:443) ~[reactor-netty-core-1.2.10.jar:1.2.10]
		at reactor.core.publisher.FluxDoOnEach$DoOnEachSubscriber.onError(FluxDoOnEach.java:186) ~[reactor-core-3.7.11.jar:3.7.11]
		at reactor.core.publisher.MonoCreate$DefaultMonoSink.error(MonoCreate.java:205) ~[reactor-core-3.7.11.jar:3.7.11]
		at reactor.netty.resources.DefaultPooledConnectionProvider$PooledConnectionAllocator$PooledConnectionInitializer.onError(DefaultPooledConnectionProvider.java:593) ~[reactor-netty-core-1.2.10.jar:1.2.10]
		at reactor.core.publisher.MonoFlatMap$FlatMapMain.secondError(MonoFlatMap.java:241) ~[reactor-core-3.7.11.jar:3.7.11]
		at reactor.core.publisher.MonoFlatMap$FlatMapInner.onError(MonoFlatMap.java:315) ~[reactor-core-3.7.11.jar:3.7.11]
		at reactor.core.publisher.FluxOnErrorResume$ResumeSubscriber.onError(FluxOnErrorResume.java:106) ~[reactor-core-3.7.11.jar:3.7.11]
		at reactor.core.publisher.Operators.error(Operators.java:198) ~[reactor-core-3.7.11.jar:3.7.11]
		at reactor.core.publisher.MonoError.subscribe(MonoError.java:53) ~[reactor-core-3.7.11.jar:3.7.11]
		at reactor.core.publisher.Mono.subscribe(Mono.java:4576) ~[reactor-core-3.7.11.jar:3.7.11]
		at reactor.core.publisher.FluxOnErrorResume$ResumeSubscriber.onError(FluxOnErrorResume.java:103) ~[reactor-core-3.7.11.jar:3.7.11]
		at reactor.netty.transport.TransportConnector$MonoChannelPromise.tryFailure(TransportConnector.java:600) ~[reactor-netty-core-1.2.10.jar:1.2.10]
		at reactor.netty.transport.TransportConnector$MonoChannelPromise.setFailure(TransportConnector.java:546) ~[reactor-netty-core-1.2.10.jar:1.2.10]
		at reactor.netty.transport.TransportConnector.lambda$doConnect$7(TransportConnector.java:262) ~[reactor-netty-core-1.2.10.jar:1.2.10]
		at io.netty.util.concurrent.DefaultPromise.notifyListener0(DefaultPromise.java:603) ~[netty-common-4.1.127.Final.jar:4.1.127.Final]
		at io.netty.util.concurrent.DefaultPromise.notifyListeners0(DefaultPromise.java:596) ~[netty-common-4.1.127.Final.jar:4.1.127.Final]
		at io.netty.util.concurrent.DefaultPromise.notifyListenersNow(DefaultPromise.java:572) ~[netty-common-4.1.127.Final.jar:4.1.127.Final]
		at io.netty.util.concurrent.DefaultPromise.notifyListeners(DefaultPromise.java:505) ~[netty-common-4.1.127.Final.jar:4.1.127.Final]
		at io.netty.util.concurrent.DefaultPromise.setValue0(DefaultPromise.java:649) ~[netty-common-4.1.127.Final.jar:4.1.127.Final]
		at io.netty.util.concurrent.DefaultPromise.setFailure0(DefaultPromise.java:642) ~[netty-common-4.1.127.Final.jar:4.1.127.Final]
		at io.netty.util.concurrent.DefaultPromise.tryFailure(DefaultPromise.java:131) ~[netty-common-4.1.127.Final.jar:4.1.127.Final]
		at io.netty.channel.nio.AbstractNioChannel$AbstractNioUnsafe.fulfillConnectPromise(AbstractNioChannel.java:326) ~[netty-transport-4.1.127.Final.jar:4.1.127.Final]
		at io.netty.channel.nio.AbstractNioChannel$AbstractNioUnsafe.finishConnect(AbstractNioChannel.java:342) ~[netty-transport-4.1.127.Final.jar:4.1.127.Final]
		at io.netty.channel.nio.NioEventLoop.processSelectedKey(NioEventLoop.java:784) ~[netty-transport-4.1.127.Final.jar:4.1.127.Final]
		at io.netty.channel.nio.NioEventLoop.processSelectedKeysOptimized(NioEventLoop.java:732) ~[netty-transport-4.1.127.Final.jar:4.1.127.Final]
		at io.netty.channel.nio.NioEventLoop.processSelectedKeys(NioEventLoop.java:658) ~[netty-transport-4.1.127.Final.jar:4.1.127.Final]
		at io.netty.channel.nio.NioEventLoop.run(NioEventLoop.java:562) ~[netty-transport-4.1.127.Final.jar:4.1.127.Final]
		at io.netty.util.concurrent.SingleThreadEventExecutor$4.run(SingleThreadEventExecutor.java:998) ~[netty-common-4.1.127.Final.jar:4.1.127.Final]
		at io.netty.util.internal.ThreadExecutorMap$2.run(ThreadExecutorMap.java:74) ~[netty-common-4.1.127.Final.jar:4.1.127.Final]
		at io.netty.util.concurrent.FastThreadLocalRunnable.run(FastThreadLocalRunnable.java:30) ~[netty-common-4.1.127.Final.jar:4.1.127.Final]
		at java.base/java.lang.Thread.run(Thread.java:842) ~[na:na]
Caused by: io.netty.channel.AbstractChannel$AnnotatedConnectException: Connection refused: no further information: localhost/127.0.0.1:8081
Caused by: java.net.ConnectException: Connection refused: no further information
	at java.base/sun.nio.ch.Net.pollConnect(Native Method) ~[na:na]
	at java.base/sun.nio.ch.Net.pollConnectNow(Net.java:672) ~[na:na]
	at java.base/sun.nio.ch.SocketChannelImpl.finishConnect(SocketChannelImpl.java:946) ~[na:na]
	at io.netty.channel.socket.nio.NioSocketChannel.doFinishConnect(NioSocketChannel.java:336) ~[netty-transport-4.1.127.Final.jar:4.1.127.Final]
	at io.netty.channel.nio.AbstractNioChannel$AbstractNioUnsafe.finishConnect(AbstractNioChannel.java:339) ~[netty-transport-4.1.127.Final.jar:4.1.127.Final]
	at io.netty.channel.nio.NioEventLoop.processSelectedKey(NioEventLoop.java:784) ~[netty-transport-4.1.127.Final.jar:4.1.127.Final]
	at io.netty.channel.nio.NioEventLoop.processSelectedKeysOptimized(NioEventLoop.java:732) ~[netty-transport-4.1.127.Final.jar:4.1.127.Final]
	at io.netty.channel.nio.NioEventLoop.processSelectedKeys(NioEventLoop.java:658) ~[netty-transport-4.1.127.Final.jar:4.1.127.Final]
	at io.netty.channel.nio.NioEventLoop.run(NioEventLoop.java:562) ~[netty-transport-4.1.127.Final.jar:4.1.127.Final]
	at io.netty.util.concurrent.SingleThreadEventExecutor$4.run(SingleThreadEventExecutor.java:998) ~[netty-common-4.1.127.Final.jar:4.1.127.Final]
	at io.netty.util.internal.ThreadExecutorMap$2.run(ThreadExecutorMap.java:74) ~[netty-common-4.1.127.Final.jar:4.1.127.Final]
	at io.netty.util.concurrent.FastThreadLocalRunnable.run(FastThreadLocalRunnable.java:30) ~[netty-common-4.1.127.Final.jar:4.1.127.Final]
	at java.base/java.lang.Thread.run(Thread.java:842) ~[na:na]

2025-10-28T09:19:41.129Z  INFO 17400 --- [backofficeAPI] [reactor-http-nio-5] o.d.b.service.ActivitiesService          : Activities cache invalidated after save
2025-10-28T09:19:41.233Z DEBUG 17400 --- [backofficeAPI] [http-nio-8080-exec-3] o.s.security.web.FilterChainProxy        : Securing GET /api/activities
2025-10-28T09:19:41.273Z DEBUG 17400 --- [backofficeAPI] [http-nio-8080-exec-3] o.s.security.web.FilterChainProxy        : Secured GET /api/activities
2025-10-28T09:19:41.279Z DEBUG 17400 --- [backofficeAPI] [http-nio-8080-exec-3] o.d.b.controller.ActivitiesController    : GET request to retrieve all activities
2025-10-28T09:19:41.291Z DEBUG 17400 --- [backofficeAPI] [http-nio-8080-exec-3] o.d.b.service.ActivitiesService          : Retrieving all activities
2025-10-28T09:19:41.594Z DEBUG 17400 --- [backofficeAPI] [http-nio-8080-exec-3] o.d.b.service.ActivitiesService          : Retrieved 1 activities
2025-10-28T09:21:04.369Z DEBUG 17400 --- [backofficeAPI] [http-nio-8080-exec-8] o.s.security.web.FilterChainProxy        : Securing POST /api/activities
2025-10-28T09:21:04.380Z DEBUG 17400 --- [backofficeAPI] [http-nio-8080-exec-8] o.s.security.web.FilterChainProxy        : Secured POST /api/activities
2025-10-28T09:21:04.386Z DEBUG 17400 --- [backofficeAPI] [http-nio-8080-exec-8] o.d.b.controller.ActivitiesController    : POST request to create new activity
2025-10-28T09:21:04.386Z DEBUG 17400 --- [backofficeAPI] [http-nio-8080-exec-8] o.d.b.service.ActivitiesService          : Saving new activity: sdasda
2025-10-28T09:21:04.396Z  INFO 17400 --- [backofficeAPI] [http-nio-8080-exec-8] o.d.b.service.ActivitiesService          : Activity saved successfully: sdasda
2025-10-28T09:21:04.527Z DEBUG 17400 --- [backofficeAPI] [http-nio-8080-exec-4] o.s.security.web.FilterChainProxy        : Securing GET /api/activities
2025-10-28T09:21:04.556Z DEBUG 17400 --- [backofficeAPI] [http-nio-8080-exec-4] o.s.security.web.FilterChainProxy        : Secured GET /api/activities
2025-10-28T09:21:04.561Z DEBUG 17400 --- [backofficeAPI] [http-nio-8080-exec-4] o.d.b.controller.ActivitiesController    : GET request to retrieve all activities
2025-10-28T09:21:04.565Z DEBUG 17400 --- [backofficeAPI] [http-nio-8080-exec-4] o.d.b.service.ActivitiesService          : Retrieving all activities
2025-10-28T09:21:04.590Z DEBUG 17400 --- [backofficeAPI] [http-nio-8080-exec-4] o.d.b.service.ActivitiesService          : Retrieved 1 activities
2025-10-28T09:21:05.083Z  INFO 17400 --- [backofficeAPI] [reactor-http-nio-6] o.d.b.service.ActivitiesService          : Activities cache invalidated after save
2025-10-28T09:21:05.140Z DEBUG 17400 --- [backofficeAPI] [http-nio-8080-exec-10] o.s.security.web.FilterChainProxy        : Securing GET /api/activities
2025-10-28T09:21:05.147Z DEBUG 17400 --- [backofficeAPI] [http-nio-8080-exec-10] o.s.security.web.FilterChainProxy        : Secured GET /api/activities
2025-10-28T09:21:05.148Z DEBUG 17400 --- [backofficeAPI] [http-nio-8080-exec-10] o.d.b.controller.ActivitiesController    : GET request to retrieve all activities
2025-10-28T09:21:05.148Z DEBUG 17400 --- [backofficeAPI] [http-nio-8080-exec-10] o.d.b.service.ActivitiesService          : Retrieving all activities
2025-10-28T09:21:05.151Z DEBUG 17400 --- [backofficeAPI] [http-nio-8080-exec-10] o.d.b.service.ActivitiesService          : Retrieved 1 activities
2025-10-28T09:21:10.582Z DEBUG 17400 --- [backofficeAPI] [http-nio-8080-exec-7] o.s.security.web.FilterChainProxy        : Securing GET /api/activities
2025-10-28T09:21:10.590Z DEBUG 17400 --- [backofficeAPI] [http-nio-8080-exec-7] o.s.security.web.FilterChainProxy        : Secured GET /api/activities
2025-10-28T09:21:10.592Z DEBUG 17400 --- [backofficeAPI] [http-nio-8080-exec-7] o.d.b.controller.ActivitiesController    : GET request to retrieve all activities
2025-10-28T09:21:10.594Z DEBUG 17400 --- [backofficeAPI] [http-nio-8080-exec-7] o.d.b.service.ActivitiesService          : Retrieving all activities
2025-10-28T09:21:10.602Z DEBUG 17400 --- [backofficeAPI] [http-nio-8080-exec-7] o.d.b.service.ActivitiesService          : Retrieved 1 activities
2025-10-28T09:23:25.248Z DEBUG 17400 --- [backofficeAPI] [http-nio-8080-exec-5] o.s.security.web.FilterChainProxy        : Securing POST /api/activities
2025-10-28T09:23:25.258Z DEBUG 17400 --- [backofficeAPI] [http-nio-8080-exec-5] o.s.security.web.FilterChainProxy        : Secured POST /api/activities
2025-10-28T09:23:25.264Z DEBUG 17400 --- [backofficeAPI] [http-nio-8080-exec-5] o.d.b.controller.ActivitiesController    : POST request to create new activity
2025-10-28T09:23:25.265Z DEBUG 17400 --- [backofficeAPI] [http-nio-8080-exec-5] o.d.b.service.ActivitiesService          : Saving new activity: sdasda
2025-10-28T09:23:25.271Z  INFO 17400 --- [backofficeAPI] [http-nio-8080-exec-5] o.d.b.service.ActivitiesService          : Activity saved successfully: sdasda
2025-10-28T09:23:25.321Z DEBUG 17400 --- [backofficeAPI] [http-nio-8080-exec-1] o.s.security.web.FilterChainProxy        : Securing GET /api/activities
2025-10-28T09:23:25.351Z DEBUG 17400 --- [backofficeAPI] [http-nio-8080-exec-1] o.s.security.web.FilterChainProxy        : Secured GET /api/activities
2025-10-28T09:23:25.357Z DEBUG 17400 --- [backofficeAPI] [http-nio-8080-exec-1] o.d.b.controller.ActivitiesController    : GET request to retrieve all activities
2025-10-28T09:23:25.360Z DEBUG 17400 --- [backofficeAPI] [http-nio-8080-exec-1] o.d.b.service.ActivitiesService          : Retrieving all activities
2025-10-28T09:23:25.403Z DEBUG 17400 --- [backofficeAPI] [http-nio-8080-exec-9] o.s.security.web.FilterChainProxy        : Securing GET /api/activities
2025-10-28T09:23:25.440Z DEBUG 17400 --- [backofficeAPI] [http-nio-8080-exec-1] o.d.b.service.ActivitiesService          : Retrieved 1 activities
2025-10-28T09:23:25.481Z DEBUG 17400 --- [backofficeAPI] [http-nio-8080-exec-9] o.s.security.web.FilterChainProxy        : Secured GET /api/activities
2025-10-28T09:23:25.493Z DEBUG 17400 --- [backofficeAPI] [http-nio-8080-exec-9] o.d.b.controller.ActivitiesController    : GET request to retrieve all activities
2025-10-28T09:23:25.498Z DEBUG 17400 --- [backofficeAPI] [http-nio-8080-exec-9] o.d.b.service.ActivitiesService          : Retrieving all activities
2025-10-28T09:23:25.503Z  INFO 17400 --- [backofficeAPI] [reactor-http-nio-7] o.d.b.service.ActivitiesService          : Activities cache invalidated after save
2025-10-28T09:23:25.521Z DEBUG 17400 --- [backofficeAPI] [http-nio-8080-exec-9] o.d.b.service.ActivitiesService          : Retrieved 1 activities
2025-10-28T09:23:54.286Z DEBUG 17400 --- [backofficeAPI] [http-nio-8080-exec-6] o.s.security.web.FilterChainProxy        : Securing GET /editor/actividades
2025-10-28T09:23:54.295Z DEBUG 17400 --- [backofficeAPI] [http-nio-8080-exec-6] o.s.security.web.FilterChainProxy        : Secured GET /editor/actividades
2025-10-28T09:23:54.305Z  WARN 17400 --- [backofficeAPI] [http-nio-8080-exec-6] actStandardFragmentInsertionTagProcessor : [THYMELEAF][http-nio-8080-exec-6][activities] Deprecated unwrapped fragment expression "fragments/header :: header" found in template activities, line 18, col 8. Please use the complete syntax of fragment expressions instead ("~{fragments/header :: header}"). The old, unwrapped syntax for fragment expressions will be removed in future versions of Thymeleaf.
2025-10-28T09:23:54.362Z DEBUG 17400 --- [backofficeAPI] [http-nio-8080-exec-8] o.s.security.web.FilterChainProxy        : Securing GET /styles/layout/header.css
2025-10-28T09:23:54.365Z DEBUG 17400 --- [backofficeAPI] [http-nio-8080-exec-8] o.s.s.w.a.AnonymousAuthenticationFilter  : Set SecurityContextHolder to anonymous SecurityContext
2025-10-28T09:23:54.366Z DEBUG 17400 --- [backofficeAPI] [http-nio-8080-exec-4] o.s.security.web.FilterChainProxy        : Securing GET /styles/layout/footer.css
2025-10-28T09:23:54.366Z DEBUG 17400 --- [backofficeAPI] [http-nio-8080-exec-8] o.s.security.web.FilterChainProxy        : Secured GET /styles/layout/header.css
2025-10-28T09:23:54.367Z DEBUG 17400 --- [backofficeAPI] [http-nio-8080-exec-10] o.s.security.web.FilterChainProxy        : Securing GET /styles/login.css
2025-10-28T09:23:54.371Z DEBUG 17400 --- [backofficeAPI] [http-nio-8080-exec-4] o.s.s.w.a.AnonymousAuthenticationFilter  : Set SecurityContextHolder to anonymous SecurityContext
2025-10-28T09:23:54.371Z DEBUG 17400 --- [backofficeAPI] [http-nio-8080-exec-7] o.s.security.web.FilterChainProxy        : Securing GET /styles/base.css
2025-10-28T09:23:54.372Z DEBUG 17400 --- [backofficeAPI] [http-nio-8080-exec-3] o.s.security.web.FilterChainProxy        : Securing GET /styles/news.css
2025-10-28T09:23:54.372Z DEBUG 17400 --- [backofficeAPI] [http-nio-8080-exec-4] o.s.security.web.FilterChainProxy        : Secured GET /styles/layout/footer.css
2025-10-28T09:23:54.376Z DEBUG 17400 --- [backofficeAPI] [http-nio-8080-exec-10] o.s.s.w.a.AnonymousAuthenticationFilter  : Set SecurityContextHolder to anonymous SecurityContext
2025-10-28T09:23:54.377Z DEBUG 17400 --- [backofficeAPI] [http-nio-8080-exec-7] o.s.s.w.a.AnonymousAuthenticationFilter  : Set SecurityContextHolder to anonymous SecurityContext
2025-10-28T09:23:54.378Z DEBUG 17400 --- [backofficeAPI] [http-nio-8080-exec-10] o.s.security.web.FilterChainProxy        : Secured GET /styles/login.css
2025-10-28T09:23:54.379Z DEBUG 17400 --- [backofficeAPI] [http-nio-8080-exec-7] o.s.security.web.FilterChainProxy        : Secured GET /styles/base.css
2025-10-28T09:23:54.380Z DEBUG 17400 --- [backofficeAPI] [http-nio-8080-exec-3] o.s.s.w.a.AnonymousAuthenticationFilter  : Set SecurityContextHolder to anonymous SecurityContext
2025-10-28T09:23:54.380Z DEBUG 17400 --- [backofficeAPI] [http-nio-8080-exec-3] o.s.security.web.FilterChainProxy        : Secured GET /styles/news.css
2025-10-28T09:23:54.389Z DEBUG 17400 --- [backofficeAPI] [http-nio-8080-exec-2] o.s.security.web.FilterChainProxy        : Securing GET /scripts/script.js
2025-10-28T09:23:54.393Z DEBUG 17400 --- [backofficeAPI] [http-nio-8080-exec-2] o.s.s.w.a.AnonymousAuthenticationFilter  : Set SecurityContextHolder to anonymous SecurityContext
2025-10-28T09:23:54.395Z DEBUG 17400 --- [backofficeAPI] [http-nio-8080-exec-2] o.s.security.web.FilterChainProxy        : Secured GET /scripts/script.js
2025-10-28T09:23:54.421Z DEBUG 17400 --- [backofficeAPI] [http-nio-8080-exec-5] o.s.security.web.FilterChainProxy        : Securing GET /scripts/pages/activities.js
2025-10-28T09:23:54.429Z DEBUG 17400 --- [backofficeAPI] [http-nio-8080-exec-1] o.s.security.web.FilterChainProxy        : Securing GET /assets/logo.png
2025-10-28T09:23:54.431Z DEBUG 17400 --- [backofficeAPI] [http-nio-8080-exec-5] o.s.s.w.a.AnonymousAuthenticationFilter  : Set SecurityContextHolder to anonymous SecurityContext
2025-10-28T09:23:54.431Z DEBUG 17400 --- [backofficeAPI] [http-nio-8080-exec-5] o.s.security.web.FilterChainProxy        : Secured GET /scripts/pages/activities.js
2025-10-28T09:23:54.433Z DEBUG 17400 --- [backofficeAPI] [http-nio-8080-exec-1] o.s.s.w.a.AnonymousAuthenticationFilter  : Set SecurityContextHolder to anonymous SecurityContext
2025-10-28T09:23:54.434Z DEBUG 17400 --- [backofficeAPI] [http-nio-8080-exec-1] o.s.security.web.FilterChainProxy        : Secured GET /assets/logo.png
2025-10-28T09:23:54.453Z DEBUG 17400 --- [backofficeAPI] [http-nio-8080-exec-6] o.s.security.web.FilterChainProxy        : Securing GET /assets/navmenu.png
2025-10-28T09:23:54.453Z DEBUG 17400 --- [backofficeAPI] [http-nio-8080-exec-9] o.s.security.web.FilterChainProxy        : Securing GET /assets/background.png
2025-10-28T09:23:54.455Z DEBUG 17400 --- [backofficeAPI] [http-nio-8080-exec-6] o.s.s.w.a.AnonymousAuthenticationFilter  : Set SecurityContextHolder to anonymous SecurityContext
2025-10-28T09:23:54.455Z DEBUG 17400 --- [backofficeAPI] [http-nio-8080-exec-9] o.s.s.w.a.AnonymousAuthenticationFilter  : Set SecurityContextHolder to anonymous SecurityContext
2025-10-28T09:23:54.455Z DEBUG 17400 --- [backofficeAPI] [http-nio-8080-exec-9] o.s.security.web.FilterChainProxy        : Secured GET /assets/background.png
2025-10-28T09:23:54.455Z DEBUG 17400 --- [backofficeAPI] [http-nio-8080-exec-6] o.s.security.web.FilterChainProxy        : Secured GET /assets/navmenu.png
2025-10-28T09:23:54.479Z DEBUG 17400 --- [backofficeAPI] [http-nio-8080-exec-8] o.s.security.web.FilterChainProxy        : Securing GET /scripts/api/activitiesService.js
2025-10-28T09:23:54.483Z DEBUG 17400 --- [backofficeAPI] [http-nio-8080-exec-8] o.s.s.w.a.AnonymousAuthenticationFilter  : Set SecurityContextHolder to anonymous SecurityContext
2025-10-28T09:23:54.483Z DEBUG 17400 --- [backofficeAPI] [http-nio-8080-exec-8] o.s.security.web.FilterChainProxy        : Secured GET /scripts/api/activitiesService.js
2025-10-28T09:23:54.503Z DEBUG 17400 --- [backofficeAPI] [http-nio-8080-exec-4] o.s.security.web.FilterChainProxy        : Securing GET /api/activities
2025-10-28T09:23:54.519Z DEBUG 17400 --- [backofficeAPI] [http-nio-8080-exec-4] o.s.security.web.FilterChainProxy        : Secured GET /api/activities
2025-10-28T09:23:54.521Z DEBUG 17400 --- [backofficeAPI] [http-nio-8080-exec-4] o.d.b.controller.ActivitiesController    : GET request to retrieve all activities
2025-10-28T09:23:54.521Z DEBUG 17400 --- [backofficeAPI] [http-nio-8080-exec-4] o.d.b.service.ActivitiesService          : Retrieving all activities
2025-10-28T09:23:54.523Z DEBUG 17400 --- [backofficeAPI] [http-nio-8080-exec-4] o.d.b.service.ActivitiesService          : Retrieved 1 activities
2025-10-28T09:23:54.550Z DEBUG 17400 --- [backofficeAPI] [http-nio-8080-exec-7] o.s.security.web.FilterChainProxy        : Securing GET /favicon.ico
2025-10-28T09:23:54.552Z DEBUG 17400 --- [backofficeAPI] [http-nio-8080-exec-7] o.s.s.w.a.AnonymousAuthenticationFilter  : Set SecurityContextHolder to anonymous SecurityContext
2025-10-28T09:23:54.552Z DEBUG 17400 --- [backofficeAPI] [http-nio-8080-exec-7] o.s.security.web.FilterChainProxy        : Secured GET /favicon.ico
2025-10-28T09:23:54.555Z ERROR 17400 --- [backofficeAPI] [http-nio-8080-exec-7] o.d.b.exception.GlobalExceptionHandler   : Unexpected error occurred

org.springframework.web.servlet.resource.NoResourceFoundException: No static resource favicon.ico.
	at org.springframework.web.servlet.resource.ResourceHttpRequestHandler.handleRequest(ResourceHttpRequestHandler.java:585) ~[spring-webmvc-6.2.11.jar:6.2.11]
	at org.springframework.web.servlet.mvc.HttpRequestHandlerAdapter.handle(HttpRequestHandlerAdapter.java:52) ~[spring-webmvc-6.2.11.jar:6.2.11]
	at org.springframework.web.servlet.DispatcherServlet.doDispatch(DispatcherServlet.java:1089) ~[spring-webmvc-6.2.11.jar:6.2.11]
	at org.springframework.web.servlet.DispatcherServlet.doService(DispatcherServlet.java:979) ~[spring-webmvc-6.2.11.jar:6.2.11]
	at org.springframework.web.servlet.FrameworkServlet.processRequest(FrameworkServlet.java:1014) ~[spring-webmvc-6.2.11.jar:6.2.11]
	at org.springframework.web.servlet.FrameworkServlet.doGet(FrameworkServlet.java:903) ~[spring-webmvc-6.2.11.jar:6.2.11]
	at jakarta.servlet.http.HttpServlet.service(HttpServlet.java:564) ~[tomcat-embed-core-10.1.46.jar:6.0]
	at org.springframework.web.servlet.FrameworkServlet.service(FrameworkServlet.java:885) ~[spring-webmvc-6.2.11.jar:6.2.11]
	at jakarta.servlet.http.HttpServlet.service(HttpServlet.java:658) ~[tomcat-embed-core-10.1.46.jar:6.0]
	at org.apache.catalina.core.ApplicationFilterChain.internalDoFilter(ApplicationFilterChain.java:195) ~[tomcat-embed-core-10.1.46.jar:10.1.46]
	at org.apache.catalina.core.ApplicationFilterChain.doFilter(ApplicationFilterChain.java:140) ~[tomcat-embed-core-10.1.46.jar:10.1.46]
	at org.apache.tomcat.websocket.server.WsFilter.doFilter(WsFilter.java:51) ~[tomcat-embed-websocket-10.1.46.jar:10.1.46]
	at org.apache.catalina.core.ApplicationFilterChain.internalDoFilter(ApplicationFilterChain.java:164) ~[tomcat-embed-core-10.1.46.jar:10.1.46]
	at org.apache.catalina.core.ApplicationFilterChain.doFilter(ApplicationFilterChain.java:140) ~[tomcat-embed-core-10.1.46.jar:10.1.46]
	at org.springframework.web.filter.OncePerRequestFilter.doFilter(OncePerRequestFilter.java:110) ~[spring-web-6.2.11.jar:6.2.11]
	at org.apache.catalina.core.ApplicationFilterChain.internalDoFilter(ApplicationFilterChain.java:164) ~[tomcat-embed-core-10.1.46.jar:10.1.46]
	at org.apache.catalina.core.ApplicationFilterChain.doFilter(ApplicationFilterChain.java:140) ~[tomcat-embed-core-10.1.46.jar:10.1.46]
	at org.springframework.web.filter.CompositeFilter$VirtualFilterChain.doFilter(CompositeFilter.java:108) ~[spring-web-6.2.11.jar:6.2.11]
	at org.springframework.web.filter.CompositeFilter$VirtualFilterChain.doFilter(CompositeFilter.java:108) ~[spring-web-6.2.11.jar:6.2.11]
	at org.springframework.security.web.FilterChainProxy.lambda$doFilterInternal$3(FilterChainProxy.java:231) ~[spring-security-web-6.5.5.jar:6.5.5]
	at org.springframework.security.web.FilterChainProxy$VirtualFilterChain.doFilter(FilterChainProxy.java:365) ~[spring-security-web-6.5.5.jar:6.5.5]
	at org.springframework.security.web.access.intercept.AuthorizationFilter.doFilter(AuthorizationFilter.java:101) ~[spring-security-web-6.5.5.jar:6.5.5]
	at org.springframework.security.web.FilterChainProxy$VirtualFilterChain.doFilter(FilterChainProxy.java:374) ~[spring-security-web-6.5.5.jar:6.5.5]
	at org.springframework.security.web.access.ExceptionTranslationFilter.doFilter(ExceptionTranslationFilter.java:125) ~[spring-security-web-6.5.5.jar:6.5.5]
	at org.springframework.security.web.access.ExceptionTranslationFilter.doFilter(ExceptionTranslationFilter.java:119) ~[spring-security-web-6.5.5.jar:6.5.5]
	at org.springframework.security.web.FilterChainProxy$VirtualFilterChain.doFilter(FilterChainProxy.java:374) ~[spring-security-web-6.5.5.jar:6.5.5]
	at org.springframework.security.web.session.SessionManagementFilter.doFilter(SessionManagementFilter.java:131) ~[spring-security-web-6.5.5.jar:6.5.5]
	at org.springframework.security.web.session.SessionManagementFilter.doFilter(SessionManagementFilter.java:85) ~[spring-security-web-6.5.5.jar:6.5.5]
	at org.springframework.security.web.FilterChainProxy$VirtualFilterChain.doFilter(FilterChainProxy.java:374) ~[spring-security-web-6.5.5.jar:6.5.5]
	at org.springframework.security.web.authentication.AnonymousAuthenticationFilter.doFilter(AnonymousAuthenticationFilter.java:100) ~[spring-security-web-6.5.5.jar:6.5.5]
	at org.springframework.security.web.FilterChainProxy$VirtualFilterChain.doFilter(FilterChainProxy.java:374) ~[spring-security-web-6.5.5.jar:6.5.5]
	at org.springframework.security.web.servletapi.SecurityContextHolderAwareRequestFilter.doFilter(SecurityContextHolderAwareRequestFilter.java:179) ~[spring-security-web-6.5.5.jar:6.5.5]
	at org.springframework.security.web.FilterChainProxy$VirtualFilterChain.doFilter(FilterChainProxy.java:374) ~[spring-security-web-6.5.5.jar:6.5.5]
	at org.springframework.security.web.savedrequest.RequestCacheAwareFilter.doFilter(RequestCacheAwareFilter.java:63) ~[spring-security-web-6.5.5.jar:6.5.5]
	at org.springframework.security.web.FilterChainProxy$VirtualFilterChain.doFilter(FilterChainProxy.java:374) ~[spring-security-web-6.5.5.jar:6.5.5]
	at org.dubini.backofficeAPI.security.JwtFilter.doFilterInternal(JwtFilter.java:56) ~[classes/:na]
	at org.springframework.web.filter.OncePerRequestFilter.doFilter(OncePerRequestFilter.java:116) ~[spring-web-6.2.11.jar:6.2.11]
	at org.springframework.security.web.FilterChainProxy$VirtualFilterChain.doFilter(FilterChainProxy.java:374) ~[spring-security-web-6.5.5.jar:6.5.5]
	at org.springframework.security.web.authentication.logout.LogoutFilter.doFilter(LogoutFilter.java:107) ~[spring-security-web-6.5.5.jar:6.5.5]
	at org.springframework.security.web.authentication.logout.LogoutFilter.doFilter(LogoutFilter.java:93) ~[spring-security-web-6.5.5.jar:6.5.5]
	at org.springframework.security.web.FilterChainProxy$VirtualFilterChain.doFilter(FilterChainProxy.java:374) ~[spring-security-web-6.5.5.jar:6.5.5]
	at org.springframework.security.web.header.HeaderWriterFilter.doHeadersAfter(HeaderWriterFilter.java:90) ~[spring-security-web-6.5.5.jar:6.5.5]
	at org.springframework.security.web.header.HeaderWriterFilter.doFilterInternal(HeaderWriterFilter.java:75) ~[spring-security-web-6.5.5.jar:6.5.5]
	at org.springframework.web.filter.OncePerRequestFilter.doFilter(OncePerRequestFilter.java:116) ~[spring-web-6.2.11.jar:6.2.11]
	at org.springframework.security.web.FilterChainProxy$VirtualFilterChain.doFilter(FilterChainProxy.java:374) ~[spring-security-web-6.5.5.jar:6.5.5]
	at org.springframework.security.web.context.SecurityContextHolderFilter.doFilter(SecurityContextHolderFilter.java:82) ~[spring-security-web-6.5.5.jar:6.5.5]
	at org.springframework.security.web.context.SecurityContextHolderFilter.doFilter(SecurityContextHolderFilter.java:69) ~[spring-security-web-6.5.5.jar:6.5.5]
	at org.springframework.security.web.FilterChainProxy$VirtualFilterChain.doFilter(FilterChainProxy.java:374) ~[spring-security-web-6.5.5.jar:6.5.5]
	at org.springframework.security.web.context.request.async.WebAsyncManagerIntegrationFilter.doFilterInternal(WebAsyncManagerIntegrationFilter.java:62) ~[spring-security-web-6.5.5.jar:6.5.5]
	at org.springframework.web.filter.OncePerRequestFilter.doFilter(OncePerRequestFilter.java:116) ~[spring-web-6.2.11.jar:6.2.11]
	at org.springframework.security.web.FilterChainProxy$VirtualFilterChain.doFilter(FilterChainProxy.java:374) ~[spring-security-web-6.5.5.jar:6.5.5]
	at org.springframework.security.web.session.DisableEncodeUrlFilter.doFilterInternal(DisableEncodeUrlFilter.java:42) ~[spring-security-web-6.5.5.jar:6.5.5]
	at org.springframework.web.filter.OncePerRequestFilter.doFilter(OncePerRequestFilter.java:116) ~[spring-web-6.2.11.jar:6.2.11]
	at org.springframework.security.web.FilterChainProxy$VirtualFilterChain.doFilter(FilterChainProxy.java:374) ~[spring-security-web-6.5.5.jar:6.5.5]
	at org.springframework.security.web.FilterChainProxy.doFilterInternal(FilterChainProxy.java:233) ~[spring-security-web-6.5.5.jar:6.5.5]
	at org.springframework.security.web.FilterChainProxy.doFilter(FilterChainProxy.java:191) ~[spring-security-web-6.5.5.jar:6.5.5]
	at org.springframework.web.filter.CompositeFilter$VirtualFilterChain.doFilter(CompositeFilter.java:113) ~[spring-web-6.2.11.jar:6.2.11]
	at org.springframework.web.filter.ServletRequestPathFilter.doFilter(ServletRequestPathFilter.java:52) ~[spring-web-6.2.11.jar:6.2.11]
	at org.springframework.web.filter.CompositeFilter$VirtualFilterChain.doFilter(CompositeFilter.java:113) ~[spring-web-6.2.11.jar:6.2.11]
	at org.springframework.web.filter.CompositeFilter.doFilter(CompositeFilter.java:74) ~[spring-web-6.2.11.jar:6.2.11]
	at org.springframework.security.config.annotation.web.configuration.WebSecurityConfiguration$CompositeFilterChainProxy.doFilter(WebSecurityConfiguration.java:319) ~[spring-security-config-6.5.5.jar:6.5.5]
	at org.springframework.web.filter.CompositeFilter$VirtualFilterChain.doFilter(CompositeFilter.java:113) ~[spring-web-6.2.11.jar:6.2.11]
	at org.springframework.web.servlet.handler.HandlerMappingIntrospector.lambda$createCacheFilter$4(HandlerMappingIntrospector.java:267) ~[spring-webmvc-6.2.11.jar:6.2.11]
	at org.springframework.web.filter.CompositeFilter$VirtualFilterChain.doFilter(CompositeFilter.java:113) ~[spring-web-6.2.11.jar:6.2.11]
	at org.springframework.web.filter.CompositeFilter.doFilter(CompositeFilter.java:74) ~[spring-web-6.2.11.jar:6.2.11]
	at org.springframework.security.config.annotation.web.configuration.WebMvcSecurityConfiguration$CompositeFilterChainProxy.doFilter(WebMvcSecurityConfiguration.java:240) ~[spring-security-config-6.5.5.jar:6.5.5]
	at org.springframework.web.filter.DelegatingFilterProxy.invokeDelegate(DelegatingFilterProxy.java:362) ~[spring-web-6.2.11.jar:6.2.11]
	at org.springframework.web.filter.DelegatingFilterProxy.doFilter(DelegatingFilterProxy.java:278) ~[spring-web-6.2.11.jar:6.2.11]
	at org.apache.catalina.core.ApplicationFilterChain.internalDoFilter(ApplicationFilterChain.java:164) ~[tomcat-embed-core-10.1.46.jar:10.1.46]
	at org.apache.catalina.core.ApplicationFilterChain.doFilter(ApplicationFilterChain.java:140) ~[tomcat-embed-core-10.1.46.jar:10.1.46]
	at org.springframework.web.filter.RequestContextFilter.doFilterInternal(RequestContextFilter.java:100) ~[spring-web-6.2.11.jar:6.2.11]
	at org.springframework.web.filter.OncePerRequestFilter.doFilter(OncePerRequestFilter.java:116) ~[spring-web-6.2.11.jar:6.2.11]
	at org.apache.catalina.core.ApplicationFilterChain.internalDoFilter(ApplicationFilterChain.java:164) ~[tomcat-embed-core-10.1.46.jar:10.1.46]
	at org.apache.catalina.core.ApplicationFilterChain.doFilter(ApplicationFilterChain.java:140) ~[tomcat-embed-core-10.1.46.jar:10.1.46]
	at org.springframework.web.filter.FormContentFilter.doFilterInternal(FormContentFilter.java:93) ~[spring-web-6.2.11.jar:6.2.11]
	at org.springframework.web.filter.OncePerRequestFilter.doFilter(OncePerRequestFilter.java:116) ~[spring-web-6.2.11.jar:6.2.11]
	at org.apache.catalina.core.ApplicationFilterChain.internalDoFilter(ApplicationFilterChain.java:164) ~[tomcat-embed-core-10.1.46.jar:10.1.46]
	at org.apache.catalina.core.ApplicationFilterChain.doFilter(ApplicationFilterChain.java:140) ~[tomcat-embed-core-10.1.46.jar:10.1.46]
	at org.springframework.web.filter.CharacterEncodingFilter.doFilterInternal(CharacterEncodingFilter.java:201) ~[spring-web-6.2.11.jar:6.2.11]
	at org.springframework.web.filter.OncePerRequestFilter.doFilter(OncePerRequestFilter.java:116) ~[spring-web-6.2.11.jar:6.2.11]
	at org.apache.catalina.core.ApplicationFilterChain.internalDoFilter(ApplicationFilterChain.java:164) ~[tomcat-embed-core-10.1.46.jar:10.1.46]
	at org.apache.catalina.core.ApplicationFilterChain.doFilter(ApplicationFilterChain.java:140) ~[tomcat-embed-core-10.1.46.jar:10.1.46]
	at org.apache.catalina.core.StandardWrapperValve.invoke(StandardWrapperValve.java:167) ~[tomcat-embed-core-10.1.46.jar:10.1.46]
	at org.apache.catalina.core.StandardContextValve.invoke(StandardContextValve.java:90) ~[tomcat-embed-core-10.1.46.jar:10.1.46]
	at org.apache.catalina.authenticator.AuthenticatorBase.invoke(AuthenticatorBase.java:483) ~[tomcat-embed-core-10.1.46.jar:10.1.46]
	at org.apache.catalina.core.StandardHostValve.invoke(StandardHostValve.java:116) ~[tomcat-embed-core-10.1.46.jar:10.1.46]
	at org.apache.catalina.valves.ErrorReportValve.invoke(ErrorReportValve.java:93) ~[tomcat-embed-core-10.1.46.jar:10.1.46]
	at org.apache.catalina.core.StandardEngineValve.invoke(StandardEngineValve.java:74) ~[tomcat-embed-core-10.1.46.jar:10.1.46]
	at org.apache.catalina.connector.CoyoteAdapter.service(CoyoteAdapter.java:344) ~[tomcat-embed-core-10.1.46.jar:10.1.46]
	at org.apache.coyote.http11.Http11Processor.service(Http11Processor.java:398) ~[tomcat-embed-core-10.1.46.jar:10.1.46]
	at org.apache.coyote.AbstractProcessorLight.process(AbstractProcessorLight.java:63) ~[tomcat-embed-core-10.1.46.jar:10.1.46]
	at org.apache.coyote.AbstractProtocol$ConnectionHandler.process(AbstractProtocol.java:903) ~[tomcat-embed-core-10.1.46.jar:10.1.46]
	at org.apache.tomcat.util.net.NioEndpoint$SocketProcessor.doRun(NioEndpoint.java:1776) ~[tomcat-embed-core-10.1.46.jar:10.1.46]
	at org.apache.tomcat.util.net.SocketProcessorBase.run(SocketProcessorBase.java:52) ~[tomcat-embed-core-10.1.46.jar:10.1.46]
	at org.apache.tomcat.util.threads.ThreadPoolExecutor.runWorker(ThreadPoolExecutor.java:975) ~[tomcat-embed-core-10.1.46.jar:10.1.46]
	at org.apache.tomcat.util.threads.ThreadPoolExecutor$Worker.run(ThreadPoolExecutor.java:493) ~[tomcat-embed-core-10.1.46.jar:10.1.46]
	at org.apache.tomcat.util.threads.TaskThread$WrappingRunnable.run(TaskThread.java:63) ~[tomcat-embed-core-10.1.46.jar:10.1.46]
	at java.base/java.lang.Thread.run(Thread.java:842) ~[na:na]

2025-10-28T09:23:54.576Z  WARN 17400 --- [backofficeAPI] [http-nio-8080-exec-7] .m.m.a.ExceptionHandlerExceptionResolver : Resolved [org.springframework.web.servlet.resource.NoResourceFoundException: No static resource favicon.ico.]
2025-10-28T09:23:57.826Z DEBUG 17400 --- [backofficeAPI] [http-nio-8080-exec-3] o.s.security.web.FilterChainProxy        : Securing POST /api/activities
2025-10-28T09:23:57.849Z DEBUG 17400 --- [backofficeAPI] [http-nio-8080-exec-3] o.s.security.web.FilterChainProxy        : Secured POST /api/activities
2025-10-28T09:23:57.859Z DEBUG 17400 --- [backofficeAPI] [http-nio-8080-exec-3] o.d.b.controller.ActivitiesController    : POST request to create new activity
2025-10-28T09:23:57.860Z DEBUG 17400 --- [backofficeAPI] [http-nio-8080-exec-3] o.d.b.service.ActivitiesService          : Saving new activity: sdasda
2025-10-28T09:23:57.875Z  INFO 17400 --- [backofficeAPI] [http-nio-8080-exec-3] o.d.b.service.ActivitiesService          : Activity saved successfully: sdasda
2025-10-28T09:23:57.918Z DEBUG 17400 --- [backofficeAPI] [http-nio-8080-exec-10] o.s.security.web.FilterChainProxy        : Securing GET /api/activities
2025-10-28T09:23:57.935Z  INFO 17400 --- [backofficeAPI] [reactor-http-nio-7] o.d.b.service.ActivitiesService          : Activities cache invalidated after save
2025-10-28T09:23:57.953Z DEBUG 17400 --- [backofficeAPI] [http-nio-8080-exec-2] o.s.security.web.FilterChainProxy        : Securing GET /api/activities
2025-10-28T09:23:57.960Z DEBUG 17400 --- [backofficeAPI] [http-nio-8080-exec-10] o.s.security.web.FilterChainProxy        : Secured GET /api/activities
2025-10-28T09:23:57.969Z DEBUG 17400 --- [backofficeAPI] [http-nio-8080-exec-10] o.d.b.controller.ActivitiesController    : GET request to retrieve all activities
2025-10-28T09:23:57.972Z DEBUG 17400 --- [backofficeAPI] [http-nio-8080-exec-10] o.d.b.service.ActivitiesService          : Retrieving all activities
2025-10-28T09:23:58.000Z DEBUG 17400 --- [backofficeAPI] [http-nio-8080-exec-2] o.s.security.web.FilterChainProxy        : Secured GET /api/activities
2025-10-28T09:23:58.002Z DEBUG 17400 --- [backofficeAPI] [http-nio-8080-exec-2] o.d.b.controller.ActivitiesController    : GET request to retrieve all activities
2025-10-28T09:23:58.003Z DEBUG 17400 --- [backofficeAPI] [http-nio-8080-exec-2] o.d.b.service.ActivitiesService          : Retrieving all activities
2025-10-28T09:23:58.016Z DEBUG 17400 --- [backofficeAPI] [http-nio-8080-exec-10] o.d.b.service.ActivitiesService          : Retrieved 1 activities
2025-10-28T09:23:58.022Z DEBUG 17400 --- [backofficeAPI] [http-nio-8080-exec-2] o.d.b.service.ActivitiesService          : Retrieved 1 activities
2025-10-28T09:24:07.503Z DEBUG 17400 --- [backofficeAPI] [http-nio-8080-exec-5] o.s.security.web.FilterChainProxy        : Securing GET /api/activities
2025-10-28T09:24:07.515Z DEBUG 17400 --- [backofficeAPI] [http-nio-8080-exec-5] o.s.security.web.FilterChainProxy        : Secured GET /api/activities
2025-10-28T09:24:07.520Z DEBUG 17400 --- [backofficeAPI] [http-nio-8080-exec-5] o.d.b.controller.ActivitiesController    : GET request to retrieve all activities
2025-10-28T09:24:07.521Z DEBUG 17400 --- [backofficeAPI] [http-nio-8080-exec-5] o.d.b.service.ActivitiesService          : Retrieving all activities
2025-10-28T09:24:07.528Z DEBUG 17400 --- [backofficeAPI] [http-nio-8080-exec-5] o.d.b.service.ActivitiesService          : Retrieved 1 activities
2025-10-28T09:24:17.250Z DEBUG 17400 --- [backofficeAPI] [http-nio-8080-exec-1] o.s.security.web.FilterChainProxy        : Securing POST /api/activities
2025-10-28T09:24:17.271Z DEBUG 17400 --- [backofficeAPI] [http-nio-8080-exec-1] o.s.security.web.FilterChainProxy        : Secured POST /api/activities
2025-10-28T09:24:17.279Z DEBUG 17400 --- [backofficeAPI] [http-nio-8080-exec-1] o.d.b.controller.ActivitiesController    : POST request to create new activity
2025-10-28T09:24:17.280Z DEBUG 17400 --- [backofficeAPI] [http-nio-8080-exec-1] o.d.b.service.ActivitiesService          : Saving new activity: sdasda
2025-10-28T09:24:17.290Z  INFO 17400 --- [backofficeAPI] [http-nio-8080-exec-1] o.d.b.service.ActivitiesService          : Activity saved successfully: sdasda
2025-10-28T09:24:17.332Z DEBUG 17400 --- [backofficeAPI] [http-nio-8080-exec-6] o.s.security.web.FilterChainProxy        : Securing GET /api/activities
2025-10-28T09:24:17.348Z DEBUG 17400 --- [backofficeAPI] [http-nio-8080-exec-9] o.s.security.web.FilterChainProxy        : Securing GET /api/activities
2025-10-28T09:24:17.362Z  INFO 17400 --- [backofficeAPI] [reactor-http-nio-7] o.d.b.service.ActivitiesService          : Activities cache invalidated after save
2025-10-28T09:24:17.368Z DEBUG 17400 --- [backofficeAPI] [http-nio-8080-exec-6] o.s.security.web.FilterChainProxy        : Secured GET /api/activities
2025-10-28T09:24:17.375Z DEBUG 17400 --- [backofficeAPI] [http-nio-8080-exec-6] o.d.b.controller.ActivitiesController    : GET request to retrieve all activities
2025-10-28T09:24:17.378Z DEBUG 17400 --- [backofficeAPI] [http-nio-8080-exec-6] o.d.b.service.ActivitiesService          : Retrieving all activities
2025-10-28T09:24:17.391Z DEBUG 17400 --- [backofficeAPI] [http-nio-8080-exec-9] o.s.security.web.FilterChainProxy        : Secured GET /api/activities
2025-10-28T09:24:17.394Z DEBUG 17400 --- [backofficeAPI] [http-nio-8080-exec-9] o.d.b.controller.ActivitiesController    : GET request to retrieve all activities
2025-10-28T09:24:17.395Z DEBUG 17400 --- [backofficeAPI] [http-nio-8080-exec-9] o.d.b.service.ActivitiesService          : Retrieving all activities
2025-10-28T09:24:17.407Z DEBUG 17400 --- [backofficeAPI] [http-nio-8080-exec-6] o.d.b.service.ActivitiesService          : Retrieved 1 activities
2025-10-28T09:24:17.415Z DEBUG 17400 --- [backofficeAPI] [http-nio-8080-exec-9] o.d.b.service.ActivitiesService          : Retrieved 1 activities
2025-10-28T09:24:20.505Z DEBUG 17400 --- [backofficeAPI] [http-nio-8080-exec-8] o.s.security.web.FilterChainProxy        : Securing GET /api/activities
2025-10-28T09:24:20.514Z DEBUG 17400 --- [backofficeAPI] [http-nio-8080-exec-8] o.s.security.web.FilterChainProxy        : Secured GET /api/activities
2025-10-28T09:24:20.515Z DEBUG 17400 --- [backofficeAPI] [http-nio-8080-exec-8] o.d.b.controller.ActivitiesController    : GET request to retrieve all activities
2025-10-28T09:24:20.515Z DEBUG 17400 --- [backofficeAPI] [http-nio-8080-exec-8] o.d.b.service.ActivitiesService          : Retrieving all activities
2025-10-28T09:24:20.521Z DEBUG 17400 --- [backofficeAPI] [http-nio-8080-exec-8] o.d.b.service.ActivitiesService          : Retrieved 1 activities
2025-10-28T09:27:29.432Z DEBUG 17400 --- [backofficeAPI] [http-nio-8080-exec-1] o.s.security.web.FilterChainProxy        : Securing GET /editor/actividades
2025-10-28T09:27:29.436Z DEBUG 17400 --- [backofficeAPI] [http-nio-8080-exec-1] o.s.security.web.FilterChainProxy        : Secured GET /editor/actividades
2025-10-28T09:27:29.442Z  WARN 17400 --- [backofficeAPI] [http-nio-8080-exec-1] actStandardFragmentInsertionTagProcessor : [THYMELEAF][http-nio-8080-exec-1][activities] Deprecated unwrapped fragment expression "fragments/header :: header" found in template activities, line 18, col 8. Please use the complete syntax of fragment expressions instead ("~{fragments/header :: header}"). The old, unwrapped syntax for fragment expressions will be removed in future versions of Thymeleaf.
2025-10-28T09:27:29.555Z DEBUG 17400 --- [backofficeAPI] [http-nio-8080-exec-9] o.s.security.web.FilterChainProxy        : Securing GET /styles/layout/footer.css
2025-10-28T09:27:29.555Z DEBUG 17400 --- [backofficeAPI] [http-nio-8080-exec-6] o.s.security.web.FilterChainProxy        : Securing GET /styles/layout/header.css
2025-10-28T09:27:29.560Z DEBUG 17400 --- [backofficeAPI] [http-nio-8080-exec-4] o.s.security.web.FilterChainProxy        : Securing GET /styles/login.css
2025-10-28T09:27:29.560Z DEBUG 17400 --- [backofficeAPI] [http-nio-8080-exec-8] o.s.security.web.FilterChainProxy        : Securing GET /styles/base.css
2025-10-28T09:27:29.561Z DEBUG 17400 --- [backofficeAPI] [http-nio-8080-exec-6] o.s.s.w.a.AnonymousAuthenticationFilter  : Set SecurityContextHolder to anonymous SecurityContext
2025-10-28T09:27:29.568Z DEBUG 17400 --- [backofficeAPI] [http-nio-8080-exec-9] o.s.s.w.a.AnonymousAuthenticationFilter  : Set SecurityContextHolder to anonymous SecurityContext
2025-10-28T09:27:29.578Z DEBUG 17400 --- [backofficeAPI] [http-nio-8080-exec-6] o.s.security.web.FilterChainProxy        : Secured GET /styles/layout/header.css
2025-10-28T09:27:29.581Z DEBUG 17400 --- [backofficeAPI] [http-nio-8080-exec-8] o.s.s.w.a.AnonymousAuthenticationFilter  : Set SecurityContextHolder to anonymous SecurityContext
2025-10-28T09:27:29.585Z DEBUG 17400 --- [backofficeAPI] [http-nio-8080-exec-9] o.s.security.web.FilterChainProxy        : Secured GET /styles/layout/footer.css
2025-10-28T09:27:29.592Z DEBUG 17400 --- [backofficeAPI] [http-nio-8080-exec-4] o.s.s.w.a.AnonymousAuthenticationFilter  : Set SecurityContextHolder to anonymous SecurityContext
2025-10-28T09:27:29.592Z DEBUG 17400 --- [backofficeAPI] [http-nio-8080-exec-8] o.s.security.web.FilterChainProxy        : Secured GET /styles/base.css
2025-10-28T09:27:29.592Z DEBUG 17400 --- [backofficeAPI] [http-nio-8080-exec-4] o.s.security.web.FilterChainProxy        : Secured GET /styles/login.css
2025-10-28T09:27:29.607Z DEBUG 17400 --- [backofficeAPI] [http-nio-8080-exec-7] o.s.security.web.FilterChainProxy        : Securing GET /styles/news.css
2025-10-28T09:27:29.624Z DEBUG 17400 --- [backofficeAPI] [http-nio-8080-exec-7] o.s.s.w.a.AnonymousAuthenticationFilter  : Set SecurityContextHolder to anonymous SecurityContext
2025-10-28T09:27:29.626Z DEBUG 17400 --- [backofficeAPI] [http-nio-8080-exec-7] o.s.security.web.FilterChainProxy        : Secured GET /styles/news.css
2025-10-28T09:27:29.705Z DEBUG 17400 --- [backofficeAPI] [http-nio-8080-exec-10] o.s.security.web.FilterChainProxy        : Securing GET /scripts/script.js
2025-10-28T09:27:29.705Z DEBUG 17400 --- [backofficeAPI] [http-nio-8080-exec-3] o.s.security.web.FilterChainProxy        : Securing GET /scripts/pages/activities.js
2025-10-28T09:27:29.707Z DEBUG 17400 --- [backofficeAPI] [http-nio-8080-exec-10] o.s.s.w.a.AnonymousAuthenticationFilter  : Set SecurityContextHolder to anonymous SecurityContext
2025-10-28T09:27:29.707Z DEBUG 17400 --- [backofficeAPI] [http-nio-8080-exec-3] o.s.s.w.a.AnonymousAuthenticationFilter  : Set SecurityContextHolder to anonymous SecurityContext
2025-10-28T09:27:29.708Z DEBUG 17400 --- [backofficeAPI] [http-nio-8080-exec-10] o.s.security.web.FilterChainProxy        : Secured GET /scripts/script.js
2025-10-28T09:27:29.708Z DEBUG 17400 --- [backofficeAPI] [http-nio-8080-exec-3] o.s.security.web.FilterChainProxy        : Secured GET /scripts/pages/activities.js
2025-10-28T09:27:29.728Z DEBUG 17400 --- [backofficeAPI] [http-nio-8080-exec-2] o.s.security.web.FilterChainProxy        : Securing GET /assets/logo.png
2025-10-28T09:27:29.733Z DEBUG 17400 --- [backofficeAPI] [http-nio-8080-exec-2] o.s.s.w.a.AnonymousAuthenticationFilter  : Set SecurityContextHolder to anonymous SecurityContext
2025-10-28T09:27:29.734Z DEBUG 17400 --- [backofficeAPI] [http-nio-8080-exec-2] o.s.security.web.FilterChainProxy        : Secured GET /assets/logo.png
2025-10-28T09:27:29.787Z DEBUG 17400 --- [backofficeAPI] [http-nio-8080-exec-5] o.s.security.web.FilterChainProxy        : Securing GET /assets/background.png
2025-10-28T09:27:29.787Z DEBUG 17400 --- [backofficeAPI] [http-nio-8080-exec-1] o.s.security.web.FilterChainProxy        : Securing GET /assets/navmenu.png
2025-10-28T09:27:29.793Z DEBUG 17400 --- [backofficeAPI] [http-nio-8080-exec-5] o.s.s.w.a.AnonymousAuthenticationFilter  : Set SecurityContextHolder to anonymous SecurityContext
2025-10-28T09:27:29.794Z DEBUG 17400 --- [backofficeAPI] [http-nio-8080-exec-6] o.s.security.web.FilterChainProxy        : Securing GET /scripts/api/activitiesService.js
2025-10-28T09:27:29.794Z DEBUG 17400 --- [backofficeAPI] [http-nio-8080-exec-1] o.s.s.w.a.AnonymousAuthenticationFilter  : Set SecurityContextHolder to anonymous SecurityContext
2025-10-28T09:27:29.794Z DEBUG 17400 --- [backofficeAPI] [http-nio-8080-exec-5] o.s.security.web.FilterChainProxy        : Secured GET /assets/background.png
2025-10-28T09:27:29.794Z DEBUG 17400 --- [backofficeAPI] [http-nio-8080-exec-1] o.s.security.web.FilterChainProxy        : Secured GET /assets/navmenu.png
2025-10-28T09:27:29.800Z DEBUG 17400 --- [backofficeAPI] [http-nio-8080-exec-6] o.s.s.w.a.AnonymousAuthenticationFilter  : Set SecurityContextHolder to anonymous SecurityContext
2025-10-28T09:27:29.801Z DEBUG 17400 --- [backofficeAPI] [http-nio-8080-exec-6] o.s.security.web.FilterChainProxy        : Secured GET /scripts/api/activitiesService.js
2025-10-28T09:27:29.847Z DEBUG 17400 --- [backofficeAPI] [http-nio-8080-exec-9] o.s.security.web.FilterChainProxy        : Securing GET /api/activities
2025-10-28T09:27:29.851Z DEBUG 17400 --- [backofficeAPI] [http-nio-8080-exec-9] o.s.security.web.FilterChainProxy        : Secured GET /api/activities
2025-10-28T09:27:29.851Z DEBUG 17400 --- [backofficeAPI] [http-nio-8080-exec-9] o.d.b.controller.ActivitiesController    : GET request to retrieve all activities
2025-10-28T09:27:29.851Z DEBUG 17400 --- [backofficeAPI] [http-nio-8080-exec-9] o.d.b.service.ActivitiesService          : Retrieving all activities
2025-10-28T09:27:29.853Z DEBUG 17400 --- [backofficeAPI] [http-nio-8080-exec-9] o.d.b.service.ActivitiesService          : Retrieved 1 activities
2025-10-28T09:27:29.870Z DEBUG 17400 --- [backofficeAPI] [http-nio-8080-exec-4] o.s.security.web.FilterChainProxy        : Securing GET /favicon.ico
2025-10-28T09:27:29.873Z DEBUG 17400 --- [backofficeAPI] [http-nio-8080-exec-4] o.s.s.w.a.AnonymousAuthenticationFilter  : Set SecurityContextHolder to anonymous SecurityContext
2025-10-28T09:27:29.875Z DEBUG 17400 --- [backofficeAPI] [http-nio-8080-exec-4] o.s.security.web.FilterChainProxy        : Secured GET /favicon.ico
2025-10-28T09:27:29.878Z ERROR 17400 --- [backofficeAPI] [http-nio-8080-exec-4] o.d.b.exception.GlobalExceptionHandler   : Unexpected error occurred

org.springframework.web.servlet.resource.NoResourceFoundException: No static resource favicon.ico.
	at org.springframework.web.servlet.resource.ResourceHttpRequestHandler.handleRequest(ResourceHttpRequestHandler.java:585) ~[spring-webmvc-6.2.11.jar:6.2.11]
	at org.springframework.web.servlet.mvc.HttpRequestHandlerAdapter.handle(HttpRequestHandlerAdapter.java:52) ~[spring-webmvc-6.2.11.jar:6.2.11]
	at org.springframework.web.servlet.DispatcherServlet.doDispatch(DispatcherServlet.java:1089) ~[spring-webmvc-6.2.11.jar:6.2.11]
	at org.springframework.web.servlet.DispatcherServlet.doService(DispatcherServlet.java:979) ~[spring-webmvc-6.2.11.jar:6.2.11]
	at org.springframework.web.servlet.FrameworkServlet.processRequest(FrameworkServlet.java:1014) ~[spring-webmvc-6.2.11.jar:6.2.11]
	at org.springframework.web.servlet.FrameworkServlet.doGet(FrameworkServlet.java:903) ~[spring-webmvc-6.2.11.jar:6.2.11]
	at jakarta.servlet.http.HttpServlet.service(HttpServlet.java:564) ~[tomcat-embed-core-10.1.46.jar:6.0]
	at org.springframework.web.servlet.FrameworkServlet.service(FrameworkServlet.java:885) ~[spring-webmvc-6.2.11.jar:6.2.11]
	at jakarta.servlet.http.HttpServlet.service(HttpServlet.java:658) ~[tomcat-embed-core-10.1.46.jar:6.0]
	at org.apache.catalina.core.ApplicationFilterChain.internalDoFilter(ApplicationFilterChain.java:195) ~[tomcat-embed-core-10.1.46.jar:10.1.46]
	at org.apache.catalina.core.ApplicationFilterChain.doFilter(ApplicationFilterChain.java:140) ~[tomcat-embed-core-10.1.46.jar:10.1.46]
	at org.apache.tomcat.websocket.server.WsFilter.doFilter(WsFilter.java:51) ~[tomcat-embed-websocket-10.1.46.jar:10.1.46]
	at org.apache.catalina.core.ApplicationFilterChain.internalDoFilter(ApplicationFilterChain.java:164) ~[tomcat-embed-core-10.1.46.jar:10.1.46]
	at org.apache.catalina.core.ApplicationFilterChain.doFilter(ApplicationFilterChain.java:140) ~[tomcat-embed-core-10.1.46.jar:10.1.46]
	at org.springframework.web.filter.OncePerRequestFilter.doFilter(OncePerRequestFilter.java:110) ~[spring-web-6.2.11.jar:6.2.11]
	at org.apache.catalina.core.ApplicationFilterChain.internalDoFilter(ApplicationFilterChain.java:164) ~[tomcat-embed-core-10.1.46.jar:10.1.46]
	at org.apache.catalina.core.ApplicationFilterChain.doFilter(ApplicationFilterChain.java:140) ~[tomcat-embed-core-10.1.46.jar:10.1.46]
	at org.springframework.web.filter.CompositeFilter$VirtualFilterChain.doFilter(CompositeFilter.java:108) ~[spring-web-6.2.11.jar:6.2.11]
	at org.springframework.web.filter.CompositeFilter$VirtualFilterChain.doFilter(CompositeFilter.java:108) ~[spring-web-6.2.11.jar:6.2.11]
	at org.springframework.security.web.FilterChainProxy.lambda$doFilterInternal$3(FilterChainProxy.java:231) ~[spring-security-web-6.5.5.jar:6.5.5]
	at org.springframework.security.web.FilterChainProxy$VirtualFilterChain.doFilter(FilterChainProxy.java:365) ~[spring-security-web-6.5.5.jar:6.5.5]
	at org.springframework.security.web.access.intercept.AuthorizationFilter.doFilter(AuthorizationFilter.java:101) ~[spring-security-web-6.5.5.jar:6.5.5]
	at org.springframework.security.web.FilterChainProxy$VirtualFilterChain.doFilter(FilterChainProxy.java:374) ~[spring-security-web-6.5.5.jar:6.5.5]
	at org.springframework.security.web.access.ExceptionTranslationFilter.doFilter(ExceptionTranslationFilter.java:125) ~[spring-security-web-6.5.5.jar:6.5.5]
	at org.springframework.security.web.access.ExceptionTranslationFilter.doFilter(ExceptionTranslationFilter.java:119) ~[spring-security-web-6.5.5.jar:6.5.5]
	at org.springframework.security.web.FilterChainProxy$VirtualFilterChain.doFilter(FilterChainProxy.java:374) ~[spring-security-web-6.5.5.jar:6.5.5]
	at org.springframework.security.web.session.SessionManagementFilter.doFilter(SessionManagementFilter.java:131) ~[spring-security-web-6.5.5.jar:6.5.5]
	at org.springframework.security.web.session.SessionManagementFilter.doFilter(SessionManagementFilter.java:85) ~[spring-security-web-6.5.5.jar:6.5.5]
	at org.springframework.security.web.FilterChainProxy$VirtualFilterChain.doFilter(FilterChainProxy.java:374) ~[spring-security-web-6.5.5.jar:6.5.5]
	at org.springframework.security.web.authentication.AnonymousAuthenticationFilter.doFilter(AnonymousAuthenticationFilter.java:100) ~[spring-security-web-6.5.5.jar:6.5.5]
	at org.springframework.security.web.FilterChainProxy$VirtualFilterChain.doFilter(FilterChainProxy.java:374) ~[spring-security-web-6.5.5.jar:6.5.5]
	at org.springframework.security.web.servletapi.SecurityContextHolderAwareRequestFilter.doFilter(SecurityContextHolderAwareRequestFilter.java:179) ~[spring-security-web-6.5.5.jar:6.5.5]
	at org.springframework.security.web.FilterChainProxy$VirtualFilterChain.doFilter(FilterChainProxy.java:374) ~[spring-security-web-6.5.5.jar:6.5.5]
	at org.springframework.security.web.savedrequest.RequestCacheAwareFilter.doFilter(RequestCacheAwareFilter.java:63) ~[spring-security-web-6.5.5.jar:6.5.5]
	at org.springframework.security.web.FilterChainProxy$VirtualFilterChain.doFilter(FilterChainProxy.java:374) ~[spring-security-web-6.5.5.jar:6.5.5]
	at org.dubini.backofficeAPI.security.JwtFilter.doFilterInternal(JwtFilter.java:56) ~[classes/:na]
	at org.springframework.web.filter.OncePerRequestFilter.doFilter(OncePerRequestFilter.java:116) ~[spring-web-6.2.11.jar:6.2.11]
	at org.springframework.security.web.FilterChainProxy$VirtualFilterChain.doFilter(FilterChainProxy.java:374) ~[spring-security-web-6.5.5.jar:6.5.5]
	at org.springframework.security.web.authentication.logout.LogoutFilter.doFilter(LogoutFilter.java:107) ~[spring-security-web-6.5.5.jar:6.5.5]
	at org.springframework.security.web.authentication.logout.LogoutFilter.doFilter(LogoutFilter.java:93) ~[spring-security-web-6.5.5.jar:6.5.5]
	at org.springframework.security.web.FilterChainProxy$VirtualFilterChain.doFilter(FilterChainProxy.java:374) ~[spring-security-web-6.5.5.jar:6.5.5]
	at org.springframework.security.web.header.HeaderWriterFilter.doHeadersAfter(HeaderWriterFilter.java:90) ~[spring-security-web-6.5.5.jar:6.5.5]
	at org.springframework.security.web.header.HeaderWriterFilter.doFilterInternal(HeaderWriterFilter.java:75) ~[spring-security-web-6.5.5.jar:6.5.5]
	at org.springframework.web.filter.OncePerRequestFilter.doFilter(OncePerRequestFilter.java:116) ~[spring-web-6.2.11.jar:6.2.11]
	at org.springframework.security.web.FilterChainProxy$VirtualFilterChain.doFilter(FilterChainProxy.java:374) ~[spring-security-web-6.5.5.jar:6.5.5]
	at org.springframework.security.web.context.SecurityContextHolderFilter.doFilter(SecurityContextHolderFilter.java:82) ~[spring-security-web-6.5.5.jar:6.5.5]
	at org.springframework.security.web.context.SecurityContextHolderFilter.doFilter(SecurityContextHolderFilter.java:69) ~[spring-security-web-6.5.5.jar:6.5.5]
	at org.springframework.security.web.FilterChainProxy$VirtualFilterChain.doFilter(FilterChainProxy.java:374) ~[spring-security-web-6.5.5.jar:6.5.5]
	at org.springframework.security.web.context.request.async.WebAsyncManagerIntegrationFilter.doFilterInternal(WebAsyncManagerIntegrationFilter.java:62) ~[spring-security-web-6.5.5.jar:6.5.5]
	at org.springframework.web.filter.OncePerRequestFilter.doFilter(OncePerRequestFilter.java:116) ~[spring-web-6.2.11.jar:6.2.11]
	at org.springframework.security.web.FilterChainProxy$VirtualFilterChain.doFilter(FilterChainProxy.java:374) ~[spring-security-web-6.5.5.jar:6.5.5]
	at org.springframework.security.web.session.DisableEncodeUrlFilter.doFilterInternal(DisableEncodeUrlFilter.java:42) ~[spring-security-web-6.5.5.jar:6.5.5]
	at org.springframework.web.filter.OncePerRequestFilter.doFilter(OncePerRequestFilter.java:116) ~[spring-web-6.2.11.jar:6.2.11]
	at org.springframework.security.web.FilterChainProxy$VirtualFilterChain.doFilter(FilterChainProxy.java:374) ~[spring-security-web-6.5.5.jar:6.5.5]
	at org.springframework.security.web.FilterChainProxy.doFilterInternal(FilterChainProxy.java:233) ~[spring-security-web-6.5.5.jar:6.5.5]
	at org.springframework.security.web.FilterChainProxy.doFilter(FilterChainProxy.java:191) ~[spring-security-web-6.5.5.jar:6.5.5]
	at org.springframework.web.filter.CompositeFilter$VirtualFilterChain.doFilter(CompositeFilter.java:113) ~[spring-web-6.2.11.jar:6.2.11]
	at org.springframework.web.filter.ServletRequestPathFilter.doFilter(ServletRequestPathFilter.java:52) ~[spring-web-6.2.11.jar:6.2.11]
	at org.springframework.web.filter.CompositeFilter$VirtualFilterChain.doFilter(CompositeFilter.java:113) ~[spring-web-6.2.11.jar:6.2.11]
	at org.springframework.web.filter.CompositeFilter.doFilter(CompositeFilter.java:74) ~[spring-web-6.2.11.jar:6.2.11]
	at org.springframework.security.config.annotation.web.configuration.WebSecurityConfiguration$CompositeFilterChainProxy.doFilter(WebSecurityConfiguration.java:319) ~[spring-security-config-6.5.5.jar:6.5.5]
	at org.springframework.web.filter.CompositeFilter$VirtualFilterChain.doFilter(CompositeFilter.java:113) ~[spring-web-6.2.11.jar:6.2.11]
	at org.springframework.web.servlet.handler.HandlerMappingIntrospector.lambda$createCacheFilter$4(HandlerMappingIntrospector.java:267) ~[spring-webmvc-6.2.11.jar:6.2.11]
	at org.springframework.web.filter.CompositeFilter$VirtualFilterChain.doFilter(CompositeFilter.java:113) ~[spring-web-6.2.11.jar:6.2.11]
	at org.springframework.web.filter.CompositeFilter.doFilter(CompositeFilter.java:74) ~[spring-web-6.2.11.jar:6.2.11]
	at org.springframework.security.config.annotation.web.configuration.WebMvcSecurityConfiguration$CompositeFilterChainProxy.doFilter(WebMvcSecurityConfiguration.java:240) ~[spring-security-config-6.5.5.jar:6.5.5]
	at org.springframework.web.filter.DelegatingFilterProxy.invokeDelegate(DelegatingFilterProxy.java:362) ~[spring-web-6.2.11.jar:6.2.11]
	at org.springframework.web.filter.DelegatingFilterProxy.doFilter(DelegatingFilterProxy.java:278) ~[spring-web-6.2.11.jar:6.2.11]
	at org.apache.catalina.core.ApplicationFilterChain.internalDoFilter(ApplicationFilterChain.java:164) ~[tomcat-embed-core-10.1.46.jar:10.1.46]
	at org.apache.catalina.core.ApplicationFilterChain.doFilter(ApplicationFilterChain.java:140) ~[tomcat-embed-core-10.1.46.jar:10.1.46]
	at org.springframework.web.filter.RequestContextFilter.doFilterInternal(RequestContextFilter.java:100) ~[spring-web-6.2.11.jar:6.2.11]
	at org.springframework.web.filter.OncePerRequestFilter.doFilter(OncePerRequestFilter.java:116) ~[spring-web-6.2.11.jar:6.2.11]
	at org.apache.catalina.core.ApplicationFilterChain.internalDoFilter(ApplicationFilterChain.java:164) ~[tomcat-embed-core-10.1.46.jar:10.1.46]
	at org.apache.catalina.core.ApplicationFilterChain.doFilter(ApplicationFilterChain.java:140) ~[tomcat-embed-core-10.1.46.jar:10.1.46]
	at org.springframework.web.filter.FormContentFilter.doFilterInternal(FormContentFilter.java:93) ~[spring-web-6.2.11.jar:6.2.11]
	at org.springframework.web.filter.OncePerRequestFilter.doFilter(OncePerRequestFilter.java:116) ~[spring-web-6.2.11.jar:6.2.11]
	at org.apache.catalina.core.ApplicationFilterChain.internalDoFilter(ApplicationFilterChain.java:164) ~[tomcat-embed-core-10.1.46.jar:10.1.46]
	at org.apache.catalina.core.ApplicationFilterChain.doFilter(ApplicationFilterChain.java:140) ~[tomcat-embed-core-10.1.46.jar:10.1.46]
	at org.springframework.web.filter.CharacterEncodingFilter.doFilterInternal(CharacterEncodingFilter.java:201) ~[spring-web-6.2.11.jar:6.2.11]
	at org.springframework.web.filter.OncePerRequestFilter.doFilter(OncePerRequestFilter.java:116) ~[spring-web-6.2.11.jar:6.2.11]
	at org.apache.catalina.core.ApplicationFilterChain.internalDoFilter(ApplicationFilterChain.java:164) ~[tomcat-embed-core-10.1.46.jar:10.1.46]
	at org.apache.catalina.core.ApplicationFilterChain.doFilter(ApplicationFilterChain.java:140) ~[tomcat-embed-core-10.1.46.jar:10.1.46]
	at org.apache.catalina.core.StandardWrapperValve.invoke(StandardWrapperValve.java:167) ~[tomcat-embed-core-10.1.46.jar:10.1.46]
	at org.apache.catalina.core.StandardContextValve.invoke(StandardContextValve.java:90) ~[tomcat-embed-core-10.1.46.jar:10.1.46]
	at org.apache.catalina.authenticator.AuthenticatorBase.invoke(AuthenticatorBase.java:483) ~[tomcat-embed-core-10.1.46.jar:10.1.46]
	at org.apache.catalina.core.StandardHostValve.invoke(StandardHostValve.java:116) ~[tomcat-embed-core-10.1.46.jar:10.1.46]
	at org.apache.catalina.valves.ErrorReportValve.invoke(ErrorReportValve.java:93) ~[tomcat-embed-core-10.1.46.jar:10.1.46]
	at org.apache.catalina.core.StandardEngineValve.invoke(StandardEngineValve.java:74) ~[tomcat-embed-core-10.1.46.jar:10.1.46]
	at org.apache.catalina.connector.CoyoteAdapter.service(CoyoteAdapter.java:344) ~[tomcat-embed-core-10.1.46.jar:10.1.46]
	at org.apache.coyote.http11.Http11Processor.service(Http11Processor.java:398) ~[tomcat-embed-core-10.1.46.jar:10.1.46]
	at org.apache.coyote.AbstractProcessorLight.process(AbstractProcessorLight.java:63) ~[tomcat-embed-core-10.1.46.jar:10.1.46]
	at org.apache.coyote.AbstractProtocol$ConnectionHandler.process(AbstractProtocol.java:903) ~[tomcat-embed-core-10.1.46.jar:10.1.46]
	at org.apache.tomcat.util.net.NioEndpoint$SocketProcessor.doRun(NioEndpoint.java:1776) ~[tomcat-embed-core-10.1.46.jar:10.1.46]
	at org.apache.tomcat.util.net.SocketProcessorBase.run(SocketProcessorBase.java:52) ~[tomcat-embed-core-10.1.46.jar:10.1.46]
	at org.apache.tomcat.util.threads.ThreadPoolExecutor.runWorker(ThreadPoolExecutor.java:975) ~[tomcat-embed-core-10.1.46.jar:10.1.46]
	at org.apache.tomcat.util.threads.ThreadPoolExecutor$Worker.run(ThreadPoolExecutor.java:493) ~[tomcat-embed-core-10.1.46.jar:10.1.46]
	at org.apache.tomcat.util.threads.TaskThread$WrappingRunnable.run(TaskThread.java:63) ~[tomcat-embed-core-10.1.46.jar:10.1.46]
	at java.base/java.lang.Thread.run(Thread.java:842) ~[na:na]

2025-10-28T09:27:29.883Z  WARN 17400 --- [backofficeAPI] [http-nio-8080-exec-4] .m.m.a.ExceptionHandlerExceptionResolver : Resolved [org.springframework.web.servlet.resource.NoResourceFoundException: No static resource favicon.ico.]
2025-10-28T09:27:35.916Z DEBUG 17400 --- [backofficeAPI] [http-nio-8080-exec-8] o.s.security.web.FilterChainProxy        : Securing POST /api/activities
2025-10-28T09:27:35.927Z DEBUG 17400 --- [backofficeAPI] [http-nio-8080-exec-8] o.s.security.web.FilterChainProxy        : Secured POST /api/activities
2025-10-28T09:27:35.934Z DEBUG 17400 --- [backofficeAPI] [http-nio-8080-exec-8] o.d.b.controller.ActivitiesController    : POST request to create new activity
2025-10-28T09:27:35.936Z DEBUG 17400 --- [backofficeAPI] [http-nio-8080-exec-8] o.d.b.service.ActivitiesService          : Saving new activity: sdasda
2025-10-28T09:27:35.947Z  INFO 17400 --- [backofficeAPI] [http-nio-8080-exec-8] o.d.b.service.ActivitiesService          : Activity saved successfully: sdasda
2025-10-28T09:27:35.999Z DEBUG 17400 --- [backofficeAPI] [http-nio-8080-exec-7] o.s.security.web.FilterChainProxy        : Securing GET /api/activities
2025-10-28T09:27:36.024Z DEBUG 17400 --- [backofficeAPI] [http-nio-8080-exec-7] o.s.security.web.FilterChainProxy        : Secured GET /api/activities
2025-10-28T09:27:36.024Z DEBUG 17400 --- [backofficeAPI] [http-nio-8080-exec-7] o.d.b.controller.ActivitiesController    : GET request to retrieve all activities
2025-10-28T09:27:36.025Z DEBUG 17400 --- [backofficeAPI] [http-nio-8080-exec-7] o.d.b.service.ActivitiesService          : Retrieving all activities
2025-10-28T09:27:36.044Z DEBUG 17400 --- [backofficeAPI] [http-nio-8080-exec-7] o.d.b.service.ActivitiesService          : Retrieved 1 activities
2025-10-28T09:27:36.059Z DEBUG 17400 --- [backofficeAPI] [http-nio-8080-exec-10] o.s.security.web.FilterChainProxy        : Securing GET /api/activities
2025-10-28T09:27:36.076Z DEBUG 17400 --- [backofficeAPI] [http-nio-8080-exec-10] o.s.security.web.FilterChainProxy        : Secured GET /api/activities
2025-10-28T09:27:36.077Z DEBUG 17400 --- [backofficeAPI] [http-nio-8080-exec-10] o.d.b.controller.ActivitiesController    : GET request to retrieve all activities
2025-10-28T09:27:36.078Z DEBUG 17400 --- [backofficeAPI] [http-nio-8080-exec-10] o.d.b.service.ActivitiesService          : Retrieving all activities
2025-10-28T09:27:36.095Z DEBUG 17400 --- [backofficeAPI] [http-nio-8080-exec-10] o.d.b.service.ActivitiesService          : Retrieved 1 activities
2025-10-28T09:27:36.112Z  INFO 17400 --- [backofficeAPI] [reactor-http-nio-8] o.d.b.service.ActivitiesService          : Activities cache invalidated after save
2025-10-28T09:27:42.812Z DEBUG 17400 --- [backofficeAPI] [http-nio-8080-exec-3] o.s.security.web.FilterChainProxy        : Securing GET /api/activities
2025-10-28T09:27:42.817Z DEBUG 17400 --- [backofficeAPI] [http-nio-8080-exec-3] o.s.security.web.FilterChainProxy        : Secured GET /api/activities
2025-10-28T09:27:42.817Z DEBUG 17400 --- [backofficeAPI] [http-nio-8080-exec-3] o.d.b.controller.ActivitiesController    : GET request to retrieve all activities
2025-10-28T09:27:42.818Z DEBUG 17400 --- [backofficeAPI] [http-nio-8080-exec-3] o.d.b.service.ActivitiesService          : Retrieving all activities
2025-10-28T09:27:42.820Z DEBUG 17400 --- [backofficeAPI] [http-nio-8080-exec-3] o.d.b.service.ActivitiesService          : Retrieved 1 activities
2025-10-28T09:28:14.863Z DEBUG 17400 --- [backofficeAPI] [http-nio-8080-exec-5] o.s.security.web.FilterChainProxy        : Securing GET /editor/actividades
2025-10-28T09:28:14.872Z DEBUG 17400 --- [backofficeAPI] [http-nio-8080-exec-5] o.s.security.web.FilterChainProxy        : Secured GET /editor/actividades
2025-10-28T09:28:14.882Z  WARN 17400 --- [backofficeAPI] [http-nio-8080-exec-5] actStandardFragmentInsertionTagProcessor : [THYMELEAF][http-nio-8080-exec-5][activities] Deprecated unwrapped fragment expression "fragments/header :: header" found in template activities, line 18, col 8. Please use the complete syntax of fragment expressions instead ("~{fragments/header :: header}"). The old, unwrapped syntax for fragment expressions will be removed in future versions of Thymeleaf.
2025-10-28T09:28:15.010Z DEBUG 17400 --- [backofficeAPI] [http-nio-8080-exec-1] o.s.security.web.FilterChainProxy        : Securing GET /styles/layout/header.css
2025-10-28T09:28:15.013Z DEBUG 17400 --- [backofficeAPI] [http-nio-8080-exec-6] o.s.security.web.FilterChainProxy        : Securing GET /styles/layout/footer.css
2025-10-28T09:28:15.014Z DEBUG 17400 --- [backofficeAPI] [http-nio-8080-exec-9] o.s.security.web.FilterChainProxy        : Securing GET /styles/base.css
2025-10-28T09:28:15.014Z DEBUG 17400 --- [backofficeAPI] [http-nio-8080-exec-4] o.s.security.web.FilterChainProxy        : Securing GET /styles/login.css
2025-10-28T09:28:15.020Z DEBUG 17400 --- [backofficeAPI] [http-nio-8080-exec-1] o.s.s.w.a.AnonymousAuthenticationFilter  : Set SecurityContextHolder to anonymous SecurityContext
2025-10-28T09:28:15.030Z DEBUG 17400 --- [backofficeAPI] [http-nio-8080-exec-8] o.s.security.web.FilterChainProxy        : Securing GET /scripts/script.js
2025-10-28T09:28:15.032Z DEBUG 17400 --- [backofficeAPI] [http-nio-8080-exec-6] o.s.s.w.a.AnonymousAuthenticationFilter  : Set SecurityContextHolder to anonymous SecurityContext
2025-10-28T09:28:15.032Z DEBUG 17400 --- [backofficeAPI] [http-nio-8080-exec-9] o.s.s.w.a.AnonymousAuthenticationFilter  : Set SecurityContextHolder to anonymous SecurityContext
2025-10-28T09:28:15.034Z DEBUG 17400 --- [backofficeAPI] [http-nio-8080-exec-1] o.s.security.web.FilterChainProxy        : Secured GET /styles/layout/header.css
2025-10-28T09:28:15.036Z DEBUG 17400 --- [backofficeAPI] [http-nio-8080-exec-9] o.s.security.web.FilterChainProxy        : Secured GET /styles/base.css
2025-10-28T09:28:15.034Z DEBUG 17400 --- [backofficeAPI] [http-nio-8080-exec-4] o.s.s.w.a.AnonymousAuthenticationFilter  : Set SecurityContextHolder to anonymous SecurityContext
2025-10-28T09:28:15.035Z DEBUG 17400 --- [backofficeAPI] [http-nio-8080-exec-6] o.s.security.web.FilterChainProxy        : Secured GET /styles/layout/footer.css
2025-10-28T09:28:15.038Z DEBUG 17400 --- [backofficeAPI] [http-nio-8080-exec-7] o.s.security.web.FilterChainProxy        : Securing GET /styles/news.css
2025-10-28T09:28:15.043Z DEBUG 17400 --- [backofficeAPI] [http-nio-8080-exec-8] o.s.s.w.a.AnonymousAuthenticationFilter  : Set SecurityContextHolder to anonymous SecurityContext
2025-10-28T09:28:15.049Z DEBUG 17400 --- [backofficeAPI] [http-nio-8080-exec-4] o.s.security.web.FilterChainProxy        : Secured GET /styles/login.css
2025-10-28T09:28:15.051Z DEBUG 17400 --- [backofficeAPI] [http-nio-8080-exec-8] o.s.security.web.FilterChainProxy        : Secured GET /scripts/script.js
2025-10-28T09:28:15.053Z DEBUG 17400 --- [backofficeAPI] [http-nio-8080-exec-7] o.s.s.w.a.AnonymousAuthenticationFilter  : Set SecurityContextHolder to anonymous SecurityContext
2025-10-28T09:28:15.054Z DEBUG 17400 --- [backofficeAPI] [http-nio-8080-exec-7] o.s.security.web.FilterChainProxy        : Secured GET /styles/news.css
2025-10-28T09:28:15.137Z DEBUG 17400 --- [backofficeAPI] [http-nio-8080-exec-10] o.s.security.web.FilterChainProxy        : Securing GET /scripts/pages/activities.js
2025-10-28T09:28:15.140Z DEBUG 17400 --- [backofficeAPI] [http-nio-8080-exec-10] o.s.s.w.a.AnonymousAuthenticationFilter  : Set SecurityContextHolder to anonymous SecurityContext
2025-10-28T09:28:15.143Z DEBUG 17400 --- [backofficeAPI] [http-nio-8080-exec-10] o.s.security.web.FilterChainProxy        : Secured GET /scripts/pages/activities.js
2025-10-28T09:28:15.199Z DEBUG 17400 --- [backofficeAPI] [http-nio-8080-exec-3] o.s.security.web.FilterChainProxy        : Securing GET /assets/logo.png
2025-10-28T09:28:15.201Z DEBUG 17400 --- [backofficeAPI] [http-nio-8080-exec-3] o.s.s.w.a.AnonymousAuthenticationFilter  : Set SecurityContextHolder to anonymous SecurityContext
2025-10-28T09:28:15.201Z DEBUG 17400 --- [backofficeAPI] [http-nio-8080-exec-3] o.s.security.web.FilterChainProxy        : Secured GET /assets/logo.png
2025-10-28T09:28:15.204Z DEBUG 17400 --- [backofficeAPI] [http-nio-8080-exec-5] o.s.security.web.FilterChainProxy        : Securing GET /assets/navmenu.png
2025-10-28T09:28:15.204Z DEBUG 17400 --- [backofficeAPI] [http-nio-8080-exec-2] o.s.security.web.FilterChainProxy        : Securing GET /assets/background.png
2025-10-28T09:28:15.205Z DEBUG 17400 --- [backofficeAPI] [http-nio-8080-exec-5] o.s.s.w.a.AnonymousAuthenticationFilter  : Set SecurityContextHolder to anonymous SecurityContext
2025-10-28T09:28:15.205Z DEBUG 17400 --- [backofficeAPI] [http-nio-8080-exec-2] o.s.s.w.a.AnonymousAuthenticationFilter  : Set SecurityContextHolder to anonymous SecurityContext
2025-10-28T09:28:15.205Z DEBUG 17400 --- [backofficeAPI] [http-nio-8080-exec-5] o.s.security.web.FilterChainProxy        : Secured GET /assets/navmenu.png
2025-10-28T09:28:15.205Z DEBUG 17400 --- [backofficeAPI] [http-nio-8080-exec-2] o.s.security.web.FilterChainProxy        : Secured GET /assets/background.png
2025-10-28T09:28:15.237Z DEBUG 17400 --- [backofficeAPI] [http-nio-8080-exec-9] o.s.security.web.FilterChainProxy        : Securing GET /scripts/api/activitiesService.js
2025-10-28T09:28:15.238Z DEBUG 17400 --- [backofficeAPI] [http-nio-8080-exec-9] o.s.s.w.a.AnonymousAuthenticationFilter  : Set SecurityContextHolder to anonymous SecurityContext
2025-10-28T09:28:15.238Z DEBUG 17400 --- [backofficeAPI] [http-nio-8080-exec-9] o.s.security.web.FilterChainProxy        : Secured GET /scripts/api/activitiesService.js
2025-10-28T09:28:15.277Z DEBUG 17400 --- [backofficeAPI] [http-nio-8080-exec-6] o.s.security.web.FilterChainProxy        : Securing GET /api/activities
2025-10-28T09:28:15.285Z DEBUG 17400 --- [backofficeAPI] [http-nio-8080-exec-6] o.s.security.web.FilterChainProxy        : Secured GET /api/activities
2025-10-28T09:28:15.288Z DEBUG 17400 --- [backofficeAPI] [http-nio-8080-exec-6] o.d.b.controller.ActivitiesController    : GET request to retrieve all activities
2025-10-28T09:28:15.289Z DEBUG 17400 --- [backofficeAPI] [http-nio-8080-exec-6] o.d.b.service.ActivitiesService          : Retrieving all activities
2025-10-28T09:28:15.293Z DEBUG 17400 --- [backofficeAPI] [http-nio-8080-exec-6] o.d.b.service.ActivitiesService          : Retrieved 1 activities
2025-10-28T09:28:15.303Z DEBUG 17400 --- [backofficeAPI] [http-nio-8080-exec-8] o.s.security.web.FilterChainProxy        : Securing GET /favicon.ico
2025-10-28T09:28:15.304Z DEBUG 17400 --- [backofficeAPI] [http-nio-8080-exec-8] o.s.s.w.a.AnonymousAuthenticationFilter  : Set SecurityContextHolder to anonymous SecurityContext
2025-10-28T09:28:15.304Z DEBUG 17400 --- [backofficeAPI] [http-nio-8080-exec-8] o.s.security.web.FilterChainProxy        : Secured GET /favicon.ico
2025-10-28T09:28:15.306Z ERROR 17400 --- [backofficeAPI] [http-nio-8080-exec-8] o.d.b.exception.GlobalExceptionHandler   : Unexpected error occurred

org.springframework.web.servlet.resource.NoResourceFoundException: No static resource favicon.ico.
	at org.springframework.web.servlet.resource.ResourceHttpRequestHandler.handleRequest(ResourceHttpRequestHandler.java:585) ~[spring-webmvc-6.2.11.jar:6.2.11]
	at org.springframework.web.servlet.mvc.HttpRequestHandlerAdapter.handle(HttpRequestHandlerAdapter.java:52) ~[spring-webmvc-6.2.11.jar:6.2.11]
	at org.springframework.web.servlet.DispatcherServlet.doDispatch(DispatcherServlet.java:1089) ~[spring-webmvc-6.2.11.jar:6.2.11]
	at org.springframework.web.servlet.DispatcherServlet.doService(DispatcherServlet.java:979) ~[spring-webmvc-6.2.11.jar:6.2.11]
	at org.springframework.web.servlet.FrameworkServlet.processRequest(FrameworkServlet.java:1014) ~[spring-webmvc-6.2.11.jar:6.2.11]
	at org.springframework.web.servlet.FrameworkServlet.doGet(FrameworkServlet.java:903) ~[spring-webmvc-6.2.11.jar:6.2.11]
	at jakarta.servlet.http.HttpServlet.service(HttpServlet.java:564) ~[tomcat-embed-core-10.1.46.jar:6.0]
	at org.springframework.web.servlet.FrameworkServlet.service(FrameworkServlet.java:885) ~[spring-webmvc-6.2.11.jar:6.2.11]
	at jakarta.servlet.http.HttpServlet.service(HttpServlet.java:658) ~[tomcat-embed-core-10.1.46.jar:6.0]
	at org.apache.catalina.core.ApplicationFilterChain.internalDoFilter(ApplicationFilterChain.java:195) ~[tomcat-embed-core-10.1.46.jar:10.1.46]
	at org.apache.catalina.core.ApplicationFilterChain.doFilter(ApplicationFilterChain.java:140) ~[tomcat-embed-core-10.1.46.jar:10.1.46]
	at org.apache.tomcat.websocket.server.WsFilter.doFilter(WsFilter.java:51) ~[tomcat-embed-websocket-10.1.46.jar:10.1.46]
	at org.apache.catalina.core.ApplicationFilterChain.internalDoFilter(ApplicationFilterChain.java:164) ~[tomcat-embed-core-10.1.46.jar:10.1.46]
	at org.apache.catalina.core.ApplicationFilterChain.doFilter(ApplicationFilterChain.java:140) ~[tomcat-embed-core-10.1.46.jar:10.1.46]
	at org.springframework.web.filter.OncePerRequestFilter.doFilter(OncePerRequestFilter.java:110) ~[spring-web-6.2.11.jar:6.2.11]
	at org.apache.catalina.core.ApplicationFilterChain.internalDoFilter(ApplicationFilterChain.java:164) ~[tomcat-embed-core-10.1.46.jar:10.1.46]
	at org.apache.catalina.core.ApplicationFilterChain.doFilter(ApplicationFilterChain.java:140) ~[tomcat-embed-core-10.1.46.jar:10.1.46]
	at org.springframework.web.filter.CompositeFilter$VirtualFilterChain.doFilter(CompositeFilter.java:108) ~[spring-web-6.2.11.jar:6.2.11]
	at org.springframework.web.filter.CompositeFilter$VirtualFilterChain.doFilter(CompositeFilter.java:108) ~[spring-web-6.2.11.jar:6.2.11]
	at org.springframework.security.web.FilterChainProxy.lambda$doFilterInternal$3(FilterChainProxy.java:231) ~[spring-security-web-6.5.5.jar:6.5.5]
	at org.springframework.security.web.FilterChainProxy$VirtualFilterChain.doFilter(FilterChainProxy.java:365) ~[spring-security-web-6.5.5.jar:6.5.5]
	at org.springframework.security.web.access.intercept.AuthorizationFilter.doFilter(AuthorizationFilter.java:101) ~[spring-security-web-6.5.5.jar:6.5.5]
	at org.springframework.security.web.FilterChainProxy$VirtualFilterChain.doFilter(FilterChainProxy.java:374) ~[spring-security-web-6.5.5.jar:6.5.5]
	at org.springframework.security.web.access.ExceptionTranslationFilter.doFilter(ExceptionTranslationFilter.java:125) ~[spring-security-web-6.5.5.jar:6.5.5]
	at org.springframework.security.web.access.ExceptionTranslationFilter.doFilter(ExceptionTranslationFilter.java:119) ~[spring-security-web-6.5.5.jar:6.5.5]
	at org.springframework.security.web.FilterChainProxy$VirtualFilterChain.doFilter(FilterChainProxy.java:374) ~[spring-security-web-6.5.5.jar:6.5.5]
	at org.springframework.security.web.session.SessionManagementFilter.doFilter(SessionManagementFilter.java:131) ~[spring-security-web-6.5.5.jar:6.5.5]
	at org.springframework.security.web.session.SessionManagementFilter.doFilter(SessionManagementFilter.java:85) ~[spring-security-web-6.5.5.jar:6.5.5]
	at org.springframework.security.web.FilterChainProxy$VirtualFilterChain.doFilter(FilterChainProxy.java:374) ~[spring-security-web-6.5.5.jar:6.5.5]
	at org.springframework.security.web.authentication.AnonymousAuthenticationFilter.doFilter(AnonymousAuthenticationFilter.java:100) ~[spring-security-web-6.5.5.jar:6.5.5]
	at org.springframework.security.web.FilterChainProxy$VirtualFilterChain.doFilter(FilterChainProxy.java:374) ~[spring-security-web-6.5.5.jar:6.5.5]
	at org.springframework.security.web.servletapi.SecurityContextHolderAwareRequestFilter.doFilter(SecurityContextHolderAwareRequestFilter.java:179) ~[spring-security-web-6.5.5.jar:6.5.5]
	at org.springframework.security.web.FilterChainProxy$VirtualFilterChain.doFilter(FilterChainProxy.java:374) ~[spring-security-web-6.5.5.jar:6.5.5]
	at org.springframework.security.web.savedrequest.RequestCacheAwareFilter.doFilter(RequestCacheAwareFilter.java:63) ~[spring-security-web-6.5.5.jar:6.5.5]
	at org.springframework.security.web.FilterChainProxy$VirtualFilterChain.doFilter(FilterChainProxy.java:374) ~[spring-security-web-6.5.5.jar:6.5.5]
	at org.dubini.backofficeAPI.security.JwtFilter.doFilterInternal(JwtFilter.java:56) ~[classes/:na]
	at org.springframework.web.filter.OncePerRequestFilter.doFilter(OncePerRequestFilter.java:116) ~[spring-web-6.2.11.jar:6.2.11]
	at org.springframework.security.web.FilterChainProxy$VirtualFilterChain.doFilter(FilterChainProxy.java:374) ~[spring-security-web-6.5.5.jar:6.5.5]
	at org.springframework.security.web.authentication.logout.LogoutFilter.doFilter(LogoutFilter.java:107) ~[spring-security-web-6.5.5.jar:6.5.5]
	at org.springframework.security.web.authentication.logout.LogoutFilter.doFilter(LogoutFilter.java:93) ~[spring-security-web-6.5.5.jar:6.5.5]
	at org.springframework.security.web.FilterChainProxy$VirtualFilterChain.doFilter(FilterChainProxy.java:374) ~[spring-security-web-6.5.5.jar:6.5.5]
	at org.springframework.security.web.header.HeaderWriterFilter.doHeadersAfter(HeaderWriterFilter.java:90) ~[spring-security-web-6.5.5.jar:6.5.5]
	at org.springframework.security.web.header.HeaderWriterFilter.doFilterInternal(HeaderWriterFilter.java:75) ~[spring-security-web-6.5.5.jar:6.5.5]
	at org.springframework.web.filter.OncePerRequestFilter.doFilter(OncePerRequestFilter.java:116) ~[spring-web-6.2.11.jar:6.2.11]
	at org.springframework.security.web.FilterChainProxy$VirtualFilterChain.doFilter(FilterChainProxy.java:374) ~[spring-security-web-6.5.5.jar:6.5.5]
	at org.springframework.security.web.context.SecurityContextHolderFilter.doFilter(SecurityContextHolderFilter.java:82) ~[spring-security-web-6.5.5.jar:6.5.5]
	at org.springframework.security.web.context.SecurityContextHolderFilter.doFilter(SecurityContextHolderFilter.java:69) ~[spring-security-web-6.5.5.jar:6.5.5]
	at org.springframework.security.web.FilterChainProxy$VirtualFilterChain.doFilter(FilterChainProxy.java:374) ~[spring-security-web-6.5.5.jar:6.5.5]
	at org.springframework.security.web.context.request.async.WebAsyncManagerIntegrationFilter.doFilterInternal(WebAsyncManagerIntegrationFilter.java:62) ~[spring-security-web-6.5.5.jar:6.5.5]
	at org.springframework.web.filter.OncePerRequestFilter.doFilter(OncePerRequestFilter.java:116) ~[spring-web-6.2.11.jar:6.2.11]
	at org.springframework.security.web.FilterChainProxy$VirtualFilterChain.doFilter(FilterChainProxy.java:374) ~[spring-security-web-6.5.5.jar:6.5.5]
	at org.springframework.security.web.session.DisableEncodeUrlFilter.doFilterInternal(DisableEncodeUrlFilter.java:42) ~[spring-security-web-6.5.5.jar:6.5.5]
	at org.springframework.web.filter.OncePerRequestFilter.doFilter(OncePerRequestFilter.java:116) ~[spring-web-6.2.11.jar:6.2.11]
	at org.springframework.security.web.FilterChainProxy$VirtualFilterChain.doFilter(FilterChainProxy.java:374) ~[spring-security-web-6.5.5.jar:6.5.5]
	at org.springframework.security.web.FilterChainProxy.doFilterInternal(FilterChainProxy.java:233) ~[spring-security-web-6.5.5.jar:6.5.5]
	at org.springframework.security.web.FilterChainProxy.doFilter(FilterChainProxy.java:191) ~[spring-security-web-6.5.5.jar:6.5.5]
	at org.springframework.web.filter.CompositeFilter$VirtualFilterChain.doFilter(CompositeFilter.java:113) ~[spring-web-6.2.11.jar:6.2.11]
	at org.springframework.web.filter.ServletRequestPathFilter.doFilter(ServletRequestPathFilter.java:52) ~[spring-web-6.2.11.jar:6.2.11]
	at org.springframework.web.filter.CompositeFilter$VirtualFilterChain.doFilter(CompositeFilter.java:113) ~[spring-web-6.2.11.jar:6.2.11]
	at org.springframework.web.filter.CompositeFilter.doFilter(CompositeFilter.java:74) ~[spring-web-6.2.11.jar:6.2.11]
	at org.springframework.security.config.annotation.web.configuration.WebSecurityConfiguration$CompositeFilterChainProxy.doFilter(WebSecurityConfiguration.java:319) ~[spring-security-config-6.5.5.jar:6.5.5]
	at org.springframework.web.filter.CompositeFilter$VirtualFilterChain.doFilter(CompositeFilter.java:113) ~[spring-web-6.2.11.jar:6.2.11]
	at org.springframework.web.servlet.handler.HandlerMappingIntrospector.lambda$createCacheFilter$4(HandlerMappingIntrospector.java:267) ~[spring-webmvc-6.2.11.jar:6.2.11]
	at org.springframework.web.filter.CompositeFilter$VirtualFilterChain.doFilter(CompositeFilter.java:113) ~[spring-web-6.2.11.jar:6.2.11]
	at org.springframework.web.filter.CompositeFilter.doFilter(CompositeFilter.java:74) ~[spring-web-6.2.11.jar:6.2.11]
	at org.springframework.security.config.annotation.web.configuration.WebMvcSecurityConfiguration$CompositeFilterChainProxy.doFilter(WebMvcSecurityConfiguration.java:240) ~[spring-security-config-6.5.5.jar:6.5.5]
	at org.springframework.web.filter.DelegatingFilterProxy.invokeDelegate(DelegatingFilterProxy.java:362) ~[spring-web-6.2.11.jar:6.2.11]
	at org.springframework.web.filter.DelegatingFilterProxy.doFilter(DelegatingFilterProxy.java:278) ~[spring-web-6.2.11.jar:6.2.11]
	at org.apache.catalina.core.ApplicationFilterChain.internalDoFilter(ApplicationFilterChain.java:164) ~[tomcat-embed-core-10.1.46.jar:10.1.46]
	at org.apache.catalina.core.ApplicationFilterChain.doFilter(ApplicationFilterChain.java:140) ~[tomcat-embed-core-10.1.46.jar:10.1.46]
	at org.springframework.web.filter.RequestContextFilter.doFilterInternal(RequestContextFilter.java:100) ~[spring-web-6.2.11.jar:6.2.11]
	at org.springframework.web.filter.OncePerRequestFilter.doFilter(OncePerRequestFilter.java:116) ~[spring-web-6.2.11.jar:6.2.11]
	at org.apache.catalina.core.ApplicationFilterChain.internalDoFilter(ApplicationFilterChain.java:164) ~[tomcat-embed-core-10.1.46.jar:10.1.46]
	at org.apache.catalina.core.ApplicationFilterChain.doFilter(ApplicationFilterChain.java:140) ~[tomcat-embed-core-10.1.46.jar:10.1.46]
	at org.springframework.web.filter.FormContentFilter.doFilterInternal(FormContentFilter.java:93) ~[spring-web-6.2.11.jar:6.2.11]
	at org.springframework.web.filter.OncePerRequestFilter.doFilter(OncePerRequestFilter.java:116) ~[spring-web-6.2.11.jar:6.2.11]
	at org.apache.catalina.core.ApplicationFilterChain.internalDoFilter(ApplicationFilterChain.java:164) ~[tomcat-embed-core-10.1.46.jar:10.1.46]
	at org.apache.catalina.core.ApplicationFilterChain.doFilter(ApplicationFilterChain.java:140) ~[tomcat-embed-core-10.1.46.jar:10.1.46]
	at org.springframework.web.filter.CharacterEncodingFilter.doFilterInternal(CharacterEncodingFilter.java:201) ~[spring-web-6.2.11.jar:6.2.11]
	at org.springframework.web.filter.OncePerRequestFilter.doFilter(OncePerRequestFilter.java:116) ~[spring-web-6.2.11.jar:6.2.11]
	at org.apache.catalina.core.ApplicationFilterChain.internalDoFilter(ApplicationFilterChain.java:164) ~[tomcat-embed-core-10.1.46.jar:10.1.46]
	at org.apache.catalina.core.ApplicationFilterChain.doFilter(ApplicationFilterChain.java:140) ~[tomcat-embed-core-10.1.46.jar:10.1.46]
	at org.apache.catalina.core.StandardWrapperValve.invoke(StandardWrapperValve.java:167) ~[tomcat-embed-core-10.1.46.jar:10.1.46]
	at org.apache.catalina.core.StandardContextValve.invoke(StandardContextValve.java:90) ~[tomcat-embed-core-10.1.46.jar:10.1.46]
	at org.apache.catalina.authenticator.AuthenticatorBase.invoke(AuthenticatorBase.java:483) ~[tomcat-embed-core-10.1.46.jar:10.1.46]
	at org.apache.catalina.core.StandardHostValve.invoke(StandardHostValve.java:116) ~[tomcat-embed-core-10.1.46.jar:10.1.46]
	at org.apache.catalina.valves.ErrorReportValve.invoke(ErrorReportValve.java:93) ~[tomcat-embed-core-10.1.46.jar:10.1.46]
	at org.apache.catalina.core.StandardEngineValve.invoke(StandardEngineValve.java:74) ~[tomcat-embed-core-10.1.46.jar:10.1.46]
	at org.apache.catalina.connector.CoyoteAdapter.service(CoyoteAdapter.java:344) ~[tomcat-embed-core-10.1.46.jar:10.1.46]
	at org.apache.coyote.http11.Http11Processor.service(Http11Processor.java:398) ~[tomcat-embed-core-10.1.46.jar:10.1.46]
	at org.apache.coyote.AbstractProcessorLight.process(AbstractProcessorLight.java:63) ~[tomcat-embed-core-10.1.46.jar:10.1.46]
	at org.apache.coyote.AbstractProtocol$ConnectionHandler.process(AbstractProtocol.java:903) ~[tomcat-embed-core-10.1.46.jar:10.1.46]
	at org.apache.tomcat.util.net.NioEndpoint$SocketProcessor.doRun(NioEndpoint.java:1776) ~[tomcat-embed-core-10.1.46.jar:10.1.46]
	at org.apache.tomcat.util.net.SocketProcessorBase.run(SocketProcessorBase.java:52) ~[tomcat-embed-core-10.1.46.jar:10.1.46]
	at org.apache.tomcat.util.threads.ThreadPoolExecutor.runWorker(ThreadPoolExecutor.java:975) ~[tomcat-embed-core-10.1.46.jar:10.1.46]
	at org.apache.tomcat.util.threads.ThreadPoolExecutor$Worker.run(ThreadPoolExecutor.java:493) ~[tomcat-embed-core-10.1.46.jar:10.1.46]
	at org.apache.tomcat.util.threads.TaskThread$WrappingRunnable.run(TaskThread.java:63) ~[tomcat-embed-core-10.1.46.jar:10.1.46]
	at java.base/java.lang.Thread.run(Thread.java:842) ~[na:na]

2025-10-28T09:28:15.325Z  WARN 17400 --- [backofficeAPI] [http-nio-8080-exec-8] .m.m.a.ExceptionHandlerExceptionResolver : Resolved [org.springframework.web.servlet.resource.NoResourceFoundException: No static resource favicon.ico.]
2025-10-28T09:28:23.102Z DEBUG 17400 --- [backofficeAPI] [http-nio-8080-exec-4] o.s.security.web.FilterChainProxy        : Securing POST /api/activities
2025-10-28T09:28:23.113Z DEBUG 17400 --- [backofficeAPI] [http-nio-8080-exec-4] o.s.security.web.FilterChainProxy        : Secured POST /api/activities
2025-10-28T09:28:23.117Z DEBUG 17400 --- [backofficeAPI] [http-nio-8080-exec-4] o.d.b.controller.ActivitiesController    : POST request to create new activity
2025-10-28T09:28:23.117Z DEBUG 17400 --- [backofficeAPI] [http-nio-8080-exec-4] o.d.b.service.ActivitiesService          : Saving new activity: sdasda
2025-10-28T09:28:23.126Z  INFO 17400 --- [backofficeAPI] [http-nio-8080-exec-4] o.d.b.service.ActivitiesService          : Activity saved successfully: sdasda
2025-10-28T09:28:23.172Z DEBUG 17400 --- [backofficeAPI] [http-nio-8080-exec-1] o.s.security.web.FilterChainProxy        : Securing GET /api/activities
2025-10-28T09:28:23.181Z DEBUG 17400 --- [backofficeAPI] [http-nio-8080-exec-1] o.s.security.web.FilterChainProxy        : Secured GET /api/activities
2025-10-28T09:28:23.185Z DEBUG 17400 --- [backofficeAPI] [http-nio-8080-exec-1] o.d.b.controller.ActivitiesController    : GET request to retrieve all activities
2025-10-28T09:28:23.189Z DEBUG 17400 --- [backofficeAPI] [http-nio-8080-exec-1] o.d.b.service.ActivitiesService          : Retrieving all activities
2025-10-28T09:28:23.250Z DEBUG 17400 --- [backofficeAPI] [http-nio-8080-exec-1] o.d.b.service.ActivitiesService          : Retrieved 1 activities
2025-10-28T09:28:23.734Z  INFO 17400 --- [backofficeAPI] [reactor-http-nio-1] o.d.b.service.ActivitiesService          : Activities cache invalidated after save
2025-10-28T09:28:23.780Z DEBUG 17400 --- [backofficeAPI] [http-nio-8080-exec-7] o.s.security.web.FilterChainProxy        : Securing GET /api/activities
2025-10-28T09:28:23.783Z DEBUG 17400 --- [backofficeAPI] [http-nio-8080-exec-7] o.s.security.web.FilterChainProxy        : Secured GET /api/activities
2025-10-28T09:28:23.783Z DEBUG 17400 --- [backofficeAPI] [http-nio-8080-exec-7] o.d.b.controller.ActivitiesController    : GET request to retrieve all activities
2025-10-28T09:28:23.783Z DEBUG 17400 --- [backofficeAPI] [http-nio-8080-exec-7] o.d.b.service.ActivitiesService          : Retrieving all activities
2025-10-28T09:28:23.785Z DEBUG 17400 --- [backofficeAPI] [http-nio-8080-exec-7] o.d.b.service.ActivitiesService          : Retrieved 1 activities
2025-10-28T09:28:34.924Z DEBUG 17400 --- [backofficeAPI] [http-nio-8080-exec-10] o.s.security.web.FilterChainProxy        : Securing GET /api/activities
2025-10-28T09:28:34.938Z DEBUG 17400 --- [backofficeAPI] [http-nio-8080-exec-10] o.s.security.web.FilterChainProxy        : Secured GET /api/activities
2025-10-28T09:28:34.940Z DEBUG 17400 --- [backofficeAPI] [http-nio-8080-exec-10] o.d.b.controller.ActivitiesController    : GET request to retrieve all activities
2025-10-28T09:28:34.940Z DEBUG 17400 --- [backofficeAPI] [http-nio-8080-exec-10] o.d.b.service.ActivitiesService          : Retrieving all activities
2025-10-28T09:28:34.949Z DEBUG 17400 --- [backofficeAPI] [http-nio-8080-exec-10] o.d.b.service.ActivitiesService          : Retrieved 1 activities
2025-10-28T09:32:18.309Z DEBUG 17400 --- [backofficeAPI] [http-nio-8080-exec-4] o.s.security.web.FilterChainProxy        : Securing GET /editor/actividades
2025-10-28T09:32:18.325Z DEBUG 17400 --- [backofficeAPI] [http-nio-8080-exec-4] o.s.security.web.FilterChainProxy        : Secured GET /editor/actividades
2025-10-28T09:32:18.379Z  WARN 17400 --- [backofficeAPI] [http-nio-8080-exec-4] actStandardFragmentInsertionTagProcessor : [THYMELEAF][http-nio-8080-exec-4][activities] Deprecated unwrapped fragment expression "fragments/header :: header" found in template activities, line 18, col 8. Please use the complete syntax of fragment expressions instead ("~{fragments/header :: header}"). The old, unwrapped syntax for fragment expressions will be removed in future versions of Thymeleaf.
2025-10-28T09:32:18.621Z DEBUG 17400 --- [backofficeAPI] [http-nio-8080-exec-1] o.s.security.web.FilterChainProxy        : Securing GET /styles/layout/header.css
2025-10-28T09:32:18.623Z DEBUG 17400 --- [backofficeAPI] [http-nio-8080-exec-7] o.s.security.web.FilterChainProxy        : Securing GET /styles/layout/footer.css
2025-10-28T09:32:18.638Z DEBUG 17400 --- [backofficeAPI] [http-nio-8080-exec-10] o.s.security.web.FilterChainProxy        : Securing GET /styles/base.css
2025-10-28T09:32:18.646Z DEBUG 17400 --- [backofficeAPI] [http-nio-8080-exec-7] o.s.s.w.a.AnonymousAuthenticationFilter  : Set SecurityContextHolder to anonymous SecurityContext
2025-10-28T09:32:18.651Z DEBUG 17400 --- [backofficeAPI] [http-nio-8080-exec-5] o.s.security.web.FilterChainProxy        : Securing GET /styles/login.css
2025-10-28T09:32:18.653Z DEBUG 17400 --- [backofficeAPI] [http-nio-8080-exec-2] o.s.security.web.FilterChainProxy        : Securing GET /styles/news.css
2025-10-28T09:32:18.658Z DEBUG 17400 --- [backofficeAPI] [http-nio-8080-exec-10] o.s.s.w.a.AnonymousAuthenticationFilter  : Set SecurityContextHolder to anonymous SecurityContext
2025-10-28T09:32:18.659Z DEBUG 17400 --- [backofficeAPI] [http-nio-8080-exec-1] o.s.s.w.a.AnonymousAuthenticationFilter  : Set SecurityContextHolder to anonymous SecurityContext
2025-10-28T09:32:18.659Z DEBUG 17400 --- [backofficeAPI] [http-nio-8080-exec-7] o.s.security.web.FilterChainProxy        : Secured GET /styles/layout/footer.css
2025-10-28T09:32:18.660Z DEBUG 17400 --- [backofficeAPI] [http-nio-8080-exec-10] o.s.security.web.FilterChainProxy        : Secured GET /styles/base.css
2025-10-28T09:32:18.665Z DEBUG 17400 --- [backofficeAPI] [http-nio-8080-exec-2] o.s.s.w.a.AnonymousAuthenticationFilter  : Set SecurityContextHolder to anonymous SecurityContext
2025-10-28T09:32:18.665Z DEBUG 17400 --- [backofficeAPI] [http-nio-8080-exec-1] o.s.security.web.FilterChainProxy        : Secured GET /styles/layout/header.css
2025-10-28T09:32:18.677Z DEBUG 17400 --- [backofficeAPI] [http-nio-8080-exec-2] o.s.security.web.FilterChainProxy        : Secured GET /styles/news.css
2025-10-28T09:32:18.679Z DEBUG 17400 --- [backofficeAPI] [http-nio-8080-exec-5] o.s.s.w.a.AnonymousAuthenticationFilter  : Set SecurityContextHolder to anonymous SecurityContext
2025-10-28T09:32:18.680Z DEBUG 17400 --- [backofficeAPI] [http-nio-8080-exec-5] o.s.security.web.FilterChainProxy        : Secured GET /styles/login.css
2025-10-28T09:32:18.699Z DEBUG 17400 --- [backofficeAPI] [http-nio-8080-exec-3] o.s.security.web.FilterChainProxy        : Securing GET /scripts/script.js
2025-10-28T09:32:18.713Z DEBUG 17400 --- [backofficeAPI] [http-nio-8080-exec-3] o.s.s.w.a.AnonymousAuthenticationFilter  : Set SecurityContextHolder to anonymous SecurityContext
2025-10-28T09:32:18.713Z DEBUG 17400 --- [backofficeAPI] [http-nio-8080-exec-3] o.s.security.web.FilterChainProxy        : Secured GET /scripts/script.js
2025-10-28T09:32:18.767Z DEBUG 17400 --- [backofficeAPI] [http-nio-8080-exec-9] o.s.security.web.FilterChainProxy        : Securing GET /scripts/pages/activities.js
2025-10-28T09:32:18.780Z DEBUG 17400 --- [backofficeAPI] [http-nio-8080-exec-9] o.s.s.w.a.AnonymousAuthenticationFilter  : Set SecurityContextHolder to anonymous SecurityContext
2025-10-28T09:32:18.780Z DEBUG 17400 --- [backofficeAPI] [http-nio-8080-exec-9] o.s.security.web.FilterChainProxy        : Secured GET /scripts/pages/activities.js
2025-10-28T09:32:18.791Z DEBUG 17400 --- [backofficeAPI] [http-nio-8080-exec-6] o.s.security.web.FilterChainProxy        : Securing GET /assets/logo.png
2025-10-28T09:32:18.796Z DEBUG 17400 --- [backofficeAPI] [http-nio-8080-exec-6] o.s.s.w.a.AnonymousAuthenticationFilter  : Set SecurityContextHolder to anonymous SecurityContext
2025-10-28T09:32:18.797Z DEBUG 17400 --- [backofficeAPI] [http-nio-8080-exec-6] o.s.security.web.FilterChainProxy        : Secured GET /assets/logo.png
2025-10-28T09:32:18.815Z DEBUG 17400 --- [backofficeAPI] [http-nio-8080-exec-8] o.s.security.web.FilterChainProxy        : Securing GET /assets/background.png
2025-10-28T09:32:18.818Z DEBUG 17400 --- [backofficeAPI] [http-nio-8080-exec-4] o.s.security.web.FilterChainProxy        : Securing GET /assets/navmenu.png
2025-10-28T09:32:18.831Z DEBUG 17400 --- [backofficeAPI] [http-nio-8080-exec-8] o.s.s.w.a.AnonymousAuthenticationFilter  : Set SecurityContextHolder to anonymous SecurityContext
2025-10-28T09:32:18.832Z DEBUG 17400 --- [backofficeAPI] [http-nio-8080-exec-8] o.s.security.web.FilterChainProxy        : Secured GET /assets/background.png
2025-10-28T09:32:18.840Z DEBUG 17400 --- [backofficeAPI] [http-nio-8080-exec-4] o.s.s.w.a.AnonymousAuthenticationFilter  : Set SecurityContextHolder to anonymous SecurityContext
2025-10-28T09:32:18.846Z DEBUG 17400 --- [backofficeAPI] [http-nio-8080-exec-4] o.s.security.web.FilterChainProxy        : Secured GET /assets/navmenu.png
2025-10-28T09:32:18.909Z DEBUG 17400 --- [backofficeAPI] [http-nio-8080-exec-1] o.s.security.web.FilterChainProxy        : Securing GET /scripts/api/activitiesService.js
2025-10-28T09:32:18.910Z DEBUG 17400 --- [backofficeAPI] [http-nio-8080-exec-1] o.s.s.w.a.AnonymousAuthenticationFilter  : Set SecurityContextHolder to anonymous SecurityContext
2025-10-28T09:32:18.910Z DEBUG 17400 --- [backofficeAPI] [http-nio-8080-exec-1] o.s.security.web.FilterChainProxy        : Secured GET /scripts/api/activitiesService.js
2025-10-28T09:32:19.001Z DEBUG 17400 --- [backofficeAPI] [http-nio-8080-exec-5] o.s.security.web.FilterChainProxy        : Securing GET /api/activities
2025-10-28T09:32:19.005Z DEBUG 17400 --- [backofficeAPI] [http-nio-8080-exec-5] o.s.security.web.FilterChainProxy        : Secured GET /api/activities
2025-10-28T09:32:19.005Z DEBUG 17400 --- [backofficeAPI] [http-nio-8080-exec-5] o.d.b.controller.ActivitiesController    : GET request to retrieve all activities
2025-10-28T09:32:19.005Z DEBUG 17400 --- [backofficeAPI] [http-nio-8080-exec-5] o.d.b.service.ActivitiesService          : Retrieving all activities
2025-10-28T09:32:19.009Z DEBUG 17400 --- [backofficeAPI] [http-nio-8080-exec-5] o.d.b.service.ActivitiesService          : Retrieved 1 activities
2025-10-28T09:32:19.017Z DEBUG 17400 --- [backofficeAPI] [http-nio-8080-exec-7] o.s.security.web.FilterChainProxy        : Securing GET /favicon.ico
2025-10-28T09:32:19.025Z DEBUG 17400 --- [backofficeAPI] [http-nio-8080-exec-7] o.s.s.w.a.AnonymousAuthenticationFilter  : Set SecurityContextHolder to anonymous SecurityContext
2025-10-28T09:32:19.025Z DEBUG 17400 --- [backofficeAPI] [http-nio-8080-exec-7] o.s.security.web.FilterChainProxy        : Secured GET /favicon.ico
2025-10-28T09:32:19.027Z ERROR 17400 --- [backofficeAPI] [http-nio-8080-exec-7] o.d.b.exception.GlobalExceptionHandler   : Unexpected error occurred

org.springframework.web.servlet.resource.NoResourceFoundException: No static resource favicon.ico.
	at org.springframework.web.servlet.resource.ResourceHttpRequestHandler.handleRequest(ResourceHttpRequestHandler.java:585) ~[spring-webmvc-6.2.11.jar:6.2.11]
	at org.springframework.web.servlet.mvc.HttpRequestHandlerAdapter.handle(HttpRequestHandlerAdapter.java:52) ~[spring-webmvc-6.2.11.jar:6.2.11]
	at org.springframework.web.servlet.DispatcherServlet.doDispatch(DispatcherServlet.java:1089) ~[spring-webmvc-6.2.11.jar:6.2.11]
	at org.springframework.web.servlet.DispatcherServlet.doService(DispatcherServlet.java:979) ~[spring-webmvc-6.2.11.jar:6.2.11]
	at org.springframework.web.servlet.FrameworkServlet.processRequest(FrameworkServlet.java:1014) ~[spring-webmvc-6.2.11.jar:6.2.11]
	at org.springframework.web.servlet.FrameworkServlet.doGet(FrameworkServlet.java:903) ~[spring-webmvc-6.2.11.jar:6.2.11]
	at jakarta.servlet.http.HttpServlet.service(HttpServlet.java:564) ~[tomcat-embed-core-10.1.46.jar:6.0]
	at org.springframework.web.servlet.FrameworkServlet.service(FrameworkServlet.java:885) ~[spring-webmvc-6.2.11.jar:6.2.11]
	at jakarta.servlet.http.HttpServlet.service(HttpServlet.java:658) ~[tomcat-embed-core-10.1.46.jar:6.0]
	at org.apache.catalina.core.ApplicationFilterChain.internalDoFilter(ApplicationFilterChain.java:195) ~[tomcat-embed-core-10.1.46.jar:10.1.46]
	at org.apache.catalina.core.ApplicationFilterChain.doFilter(ApplicationFilterChain.java:140) ~[tomcat-embed-core-10.1.46.jar:10.1.46]
	at org.apache.tomcat.websocket.server.WsFilter.doFilter(WsFilter.java:51) ~[tomcat-embed-websocket-10.1.46.jar:10.1.46]
	at org.apache.catalina.core.ApplicationFilterChain.internalDoFilter(ApplicationFilterChain.java:164) ~[tomcat-embed-core-10.1.46.jar:10.1.46]
	at org.apache.catalina.core.ApplicationFilterChain.doFilter(ApplicationFilterChain.java:140) ~[tomcat-embed-core-10.1.46.jar:10.1.46]
	at org.springframework.web.filter.OncePerRequestFilter.doFilter(OncePerRequestFilter.java:110) ~[spring-web-6.2.11.jar:6.2.11]
	at org.apache.catalina.core.ApplicationFilterChain.internalDoFilter(ApplicationFilterChain.java:164) ~[tomcat-embed-core-10.1.46.jar:10.1.46]
	at org.apache.catalina.core.ApplicationFilterChain.doFilter(ApplicationFilterChain.java:140) ~[tomcat-embed-core-10.1.46.jar:10.1.46]
	at org.springframework.web.filter.CompositeFilter$VirtualFilterChain.doFilter(CompositeFilter.java:108) ~[spring-web-6.2.11.jar:6.2.11]
	at org.springframework.web.filter.CompositeFilter$VirtualFilterChain.doFilter(CompositeFilter.java:108) ~[spring-web-6.2.11.jar:6.2.11]
	at org.springframework.security.web.FilterChainProxy.lambda$doFilterInternal$3(FilterChainProxy.java:231) ~[spring-security-web-6.5.5.jar:6.5.5]
	at org.springframework.security.web.FilterChainProxy$VirtualFilterChain.doFilter(FilterChainProxy.java:365) ~[spring-security-web-6.5.5.jar:6.5.5]
	at org.springframework.security.web.access.intercept.AuthorizationFilter.doFilter(AuthorizationFilter.java:101) ~[spring-security-web-6.5.5.jar:6.5.5]
	at org.springframework.security.web.FilterChainProxy$VirtualFilterChain.doFilter(FilterChainProxy.java:374) ~[spring-security-web-6.5.5.jar:6.5.5]
	at org.springframework.security.web.access.ExceptionTranslationFilter.doFilter(ExceptionTranslationFilter.java:125) ~[spring-security-web-6.5.5.jar:6.5.5]
	at org.springframework.security.web.access.ExceptionTranslationFilter.doFilter(ExceptionTranslationFilter.java:119) ~[spring-security-web-6.5.5.jar:6.5.5]
	at org.springframework.security.web.FilterChainProxy$VirtualFilterChain.doFilter(FilterChainProxy.java:374) ~[spring-security-web-6.5.5.jar:6.5.5]
	at org.springframework.security.web.session.SessionManagementFilter.doFilter(SessionManagementFilter.java:131) ~[spring-security-web-6.5.5.jar:6.5.5]
	at org.springframework.security.web.session.SessionManagementFilter.doFilter(SessionManagementFilter.java:85) ~[spring-security-web-6.5.5.jar:6.5.5]
	at org.springframework.security.web.FilterChainProxy$VirtualFilterChain.doFilter(FilterChainProxy.java:374) ~[spring-security-web-6.5.5.jar:6.5.5]
	at org.springframework.security.web.authentication.AnonymousAuthenticationFilter.doFilter(AnonymousAuthenticationFilter.java:100) ~[spring-security-web-6.5.5.jar:6.5.5]
	at org.springframework.security.web.FilterChainProxy$VirtualFilterChain.doFilter(FilterChainProxy.java:374) ~[spring-security-web-6.5.5.jar:6.5.5]
	at org.springframework.security.web.servletapi.SecurityContextHolderAwareRequestFilter.doFilter(SecurityContextHolderAwareRequestFilter.java:179) ~[spring-security-web-6.5.5.jar:6.5.5]
	at org.springframework.security.web.FilterChainProxy$VirtualFilterChain.doFilter(FilterChainProxy.java:374) ~[spring-security-web-6.5.5.jar:6.5.5]
	at org.springframework.security.web.savedrequest.RequestCacheAwareFilter.doFilter(RequestCacheAwareFilter.java:63) ~[spring-security-web-6.5.5.jar:6.5.5]
	at org.springframework.security.web.FilterChainProxy$VirtualFilterChain.doFilter(FilterChainProxy.java:374) ~[spring-security-web-6.5.5.jar:6.5.5]
	at org.dubini.backofficeAPI.security.JwtFilter.doFilterInternal(JwtFilter.java:56) ~[classes/:na]
	at org.springframework.web.filter.OncePerRequestFilter.doFilter(OncePerRequestFilter.java:116) ~[spring-web-6.2.11.jar:6.2.11]
	at org.springframework.security.web.FilterChainProxy$VirtualFilterChain.doFilter(FilterChainProxy.java:374) ~[spring-security-web-6.5.5.jar:6.5.5]
	at org.springframework.security.web.authentication.logout.LogoutFilter.doFilter(LogoutFilter.java:107) ~[spring-security-web-6.5.5.jar:6.5.5]
	at org.springframework.security.web.authentication.logout.LogoutFilter.doFilter(LogoutFilter.java:93) ~[spring-security-web-6.5.5.jar:6.5.5]
	at org.springframework.security.web.FilterChainProxy$VirtualFilterChain.doFilter(FilterChainProxy.java:374) ~[spring-security-web-6.5.5.jar:6.5.5]
	at org.springframework.security.web.header.HeaderWriterFilter.doHeadersAfter(HeaderWriterFilter.java:90) ~[spring-security-web-6.5.5.jar:6.5.5]
	at org.springframework.security.web.header.HeaderWriterFilter.doFilterInternal(HeaderWriterFilter.java:75) ~[spring-security-web-6.5.5.jar:6.5.5]
	at org.springframework.web.filter.OncePerRequestFilter.doFilter(OncePerRequestFilter.java:116) ~[spring-web-6.2.11.jar:6.2.11]
	at org.springframework.security.web.FilterChainProxy$VirtualFilterChain.doFilter(FilterChainProxy.java:374) ~[spring-security-web-6.5.5.jar:6.5.5]
	at org.springframework.security.web.context.SecurityContextHolderFilter.doFilter(SecurityContextHolderFilter.java:82) ~[spring-security-web-6.5.5.jar:6.5.5]
	at org.springframework.security.web.context.SecurityContextHolderFilter.doFilter(SecurityContextHolderFilter.java:69) ~[spring-security-web-6.5.5.jar:6.5.5]
	at org.springframework.security.web.FilterChainProxy$VirtualFilterChain.doFilter(FilterChainProxy.java:374) ~[spring-security-web-6.5.5.jar:6.5.5]
	at org.springframework.security.web.context.request.async.WebAsyncManagerIntegrationFilter.doFilterInternal(WebAsyncManagerIntegrationFilter.java:62) ~[spring-security-web-6.5.5.jar:6.5.5]
	at org.springframework.web.filter.OncePerRequestFilter.doFilter(OncePerRequestFilter.java:116) ~[spring-web-6.2.11.jar:6.2.11]
	at org.springframework.security.web.FilterChainProxy$VirtualFilterChain.doFilter(FilterChainProxy.java:374) ~[spring-security-web-6.5.5.jar:6.5.5]
	at org.springframework.security.web.session.DisableEncodeUrlFilter.doFilterInternal(DisableEncodeUrlFilter.java:42) ~[spring-security-web-6.5.5.jar:6.5.5]
	at org.springframework.web.filter.OncePerRequestFilter.doFilter(OncePerRequestFilter.java:116) ~[spring-web-6.2.11.jar:6.2.11]
	at org.springframework.security.web.FilterChainProxy$VirtualFilterChain.doFilter(FilterChainProxy.java:374) ~[spring-security-web-6.5.5.jar:6.5.5]
	at org.springframework.security.web.FilterChainProxy.doFilterInternal(FilterChainProxy.java:233) ~[spring-security-web-6.5.5.jar:6.5.5]
	at org.springframework.security.web.FilterChainProxy.doFilter(FilterChainProxy.java:191) ~[spring-security-web-6.5.5.jar:6.5.5]
	at org.springframework.web.filter.CompositeFilter$VirtualFilterChain.doFilter(CompositeFilter.java:113) ~[spring-web-6.2.11.jar:6.2.11]
	at org.springframework.web.filter.ServletRequestPathFilter.doFilter(ServletRequestPathFilter.java:52) ~[spring-web-6.2.11.jar:6.2.11]
	at org.springframework.web.filter.CompositeFilter$VirtualFilterChain.doFilter(CompositeFilter.java:113) ~[spring-web-6.2.11.jar:6.2.11]
	at org.springframework.web.filter.CompositeFilter.doFilter(CompositeFilter.java:74) ~[spring-web-6.2.11.jar:6.2.11]
	at org.springframework.security.config.annotation.web.configuration.WebSecurityConfiguration$CompositeFilterChainProxy.doFilter(WebSecurityConfiguration.java:319) ~[spring-security-config-6.5.5.jar:6.5.5]
	at org.springframework.web.filter.CompositeFilter$VirtualFilterChain.doFilter(CompositeFilter.java:113) ~[spring-web-6.2.11.jar:6.2.11]
	at org.springframework.web.servlet.handler.HandlerMappingIntrospector.lambda$createCacheFilter$4(HandlerMappingIntrospector.java:267) ~[spring-webmvc-6.2.11.jar:6.2.11]
	at org.springframework.web.filter.CompositeFilter$VirtualFilterChain.doFilter(CompositeFilter.java:113) ~[spring-web-6.2.11.jar:6.2.11]
	at org.springframework.web.filter.CompositeFilter.doFilter(CompositeFilter.java:74) ~[spring-web-6.2.11.jar:6.2.11]
	at org.springframework.security.config.annotation.web.configuration.WebMvcSecurityConfiguration$CompositeFilterChainProxy.doFilter(WebMvcSecurityConfiguration.java:240) ~[spring-security-config-6.5.5.jar:6.5.5]
	at org.springframework.web.filter.DelegatingFilterProxy.invokeDelegate(DelegatingFilterProxy.java:362) ~[spring-web-6.2.11.jar:6.2.11]
	at org.springframework.web.filter.DelegatingFilterProxy.doFilter(DelegatingFilterProxy.java:278) ~[spring-web-6.2.11.jar:6.2.11]
	at org.apache.catalina.core.ApplicationFilterChain.internalDoFilter(ApplicationFilterChain.java:164) ~[tomcat-embed-core-10.1.46.jar:10.1.46]
	at org.apache.catalina.core.ApplicationFilterChain.doFilter(ApplicationFilterChain.java:140) ~[tomcat-embed-core-10.1.46.jar:10.1.46]
	at org.springframework.web.filter.RequestContextFilter.doFilterInternal(RequestContextFilter.java:100) ~[spring-web-6.2.11.jar:6.2.11]
	at org.springframework.web.filter.OncePerRequestFilter.doFilter(OncePerRequestFilter.java:116) ~[spring-web-6.2.11.jar:6.2.11]
	at org.apache.catalina.core.ApplicationFilterChain.internalDoFilter(ApplicationFilterChain.java:164) ~[tomcat-embed-core-10.1.46.jar:10.1.46]
	at org.apache.catalina.core.ApplicationFilterChain.doFilter(ApplicationFilterChain.java:140) ~[tomcat-embed-core-10.1.46.jar:10.1.46]
	at org.springframework.web.filter.FormContentFilter.doFilterInternal(FormContentFilter.java:93) ~[spring-web-6.2.11.jar:6.2.11]
	at org.springframework.web.filter.OncePerRequestFilter.doFilter(OncePerRequestFilter.java:116) ~[spring-web-6.2.11.jar:6.2.11]
	at org.apache.catalina.core.ApplicationFilterChain.internalDoFilter(ApplicationFilterChain.java:164) ~[tomcat-embed-core-10.1.46.jar:10.1.46]
	at org.apache.catalina.core.ApplicationFilterChain.doFilter(ApplicationFilterChain.java:140) ~[tomcat-embed-core-10.1.46.jar:10.1.46]
	at org.springframework.web.filter.CharacterEncodingFilter.doFilterInternal(CharacterEncodingFilter.java:201) ~[spring-web-6.2.11.jar:6.2.11]
	at org.springframework.web.filter.OncePerRequestFilter.doFilter(OncePerRequestFilter.java:116) ~[spring-web-6.2.11.jar:6.2.11]
	at org.apache.catalina.core.ApplicationFilterChain.internalDoFilter(ApplicationFilterChain.java:164) ~[tomcat-embed-core-10.1.46.jar:10.1.46]
	at org.apache.catalina.core.ApplicationFilterChain.doFilter(ApplicationFilterChain.java:140) ~[tomcat-embed-core-10.1.46.jar:10.1.46]
	at org.apache.catalina.core.StandardWrapperValve.invoke(StandardWrapperValve.java:167) ~[tomcat-embed-core-10.1.46.jar:10.1.46]
	at org.apache.catalina.core.StandardContextValve.invoke(StandardContextValve.java:90) ~[tomcat-embed-core-10.1.46.jar:10.1.46]
	at org.apache.catalina.authenticator.AuthenticatorBase.invoke(AuthenticatorBase.java:483) ~[tomcat-embed-core-10.1.46.jar:10.1.46]
	at org.apache.catalina.core.StandardHostValve.invoke(StandardHostValve.java:116) ~[tomcat-embed-core-10.1.46.jar:10.1.46]
	at org.apache.catalina.valves.ErrorReportValve.invoke(ErrorReportValve.java:93) ~[tomcat-embed-core-10.1.46.jar:10.1.46]
	at org.apache.catalina.core.StandardEngineValve.invoke(StandardEngineValve.java:74) ~[tomcat-embed-core-10.1.46.jar:10.1.46]
	at org.apache.catalina.connector.CoyoteAdapter.service(CoyoteAdapter.java:344) ~[tomcat-embed-core-10.1.46.jar:10.1.46]
	at org.apache.coyote.http11.Http11Processor.service(Http11Processor.java:398) ~[tomcat-embed-core-10.1.46.jar:10.1.46]
	at org.apache.coyote.AbstractProcessorLight.process(AbstractProcessorLight.java:63) ~[tomcat-embed-core-10.1.46.jar:10.1.46]
	at org.apache.coyote.AbstractProtocol$ConnectionHandler.process(AbstractProtocol.java:903) ~[tomcat-embed-core-10.1.46.jar:10.1.46]
	at org.apache.tomcat.util.net.NioEndpoint$SocketProcessor.doRun(NioEndpoint.java:1776) ~[tomcat-embed-core-10.1.46.jar:10.1.46]
	at org.apache.tomcat.util.net.SocketProcessorBase.run(SocketProcessorBase.java:52) ~[tomcat-embed-core-10.1.46.jar:10.1.46]
	at org.apache.tomcat.util.threads.ThreadPoolExecutor.runWorker(ThreadPoolExecutor.java:975) ~[tomcat-embed-core-10.1.46.jar:10.1.46]
	at org.apache.tomcat.util.threads.ThreadPoolExecutor$Worker.run(ThreadPoolExecutor.java:493) ~[tomcat-embed-core-10.1.46.jar:10.1.46]
	at org.apache.tomcat.util.threads.TaskThread$WrappingRunnable.run(TaskThread.java:63) ~[tomcat-embed-core-10.1.46.jar:10.1.46]
	at java.base/java.lang.Thread.run(Thread.java:842) ~[na:na]

2025-10-28T09:32:19.032Z  WARN 17400 --- [backofficeAPI] [http-nio-8080-exec-7] .m.m.a.ExceptionHandlerExceptionResolver : Resolved [org.springframework.web.servlet.resource.NoResourceFoundException: No static resource favicon.ico.]
2025-10-28T09:32:23.184Z DEBUG 17400 --- [backofficeAPI] [http-nio-8080-exec-10] o.s.security.web.FilterChainProxy        : Securing POST /api/activities
2025-10-28T09:32:23.198Z DEBUG 17400 --- [backofficeAPI] [http-nio-8080-exec-10] o.s.security.web.FilterChainProxy        : Secured POST /api/activities
2025-10-28T09:32:23.204Z DEBUG 17400 --- [backofficeAPI] [http-nio-8080-exec-10] o.d.b.controller.ActivitiesController    : POST request to create new activity
2025-10-28T09:32:23.205Z DEBUG 17400 --- [backofficeAPI] [http-nio-8080-exec-10] o.d.b.service.ActivitiesService          : Saving new activity: sdasda
2025-10-28T09:32:23.219Z  INFO 17400 --- [backofficeAPI] [http-nio-8080-exec-10] o.d.b.service.ActivitiesService          : Activity saved successfully: sdasda
2025-10-28T09:32:23.265Z DEBUG 17400 --- [backofficeAPI] [http-nio-8080-exec-2] o.s.security.web.FilterChainProxy        : Securing GET /api/activities
2025-10-28T09:32:23.278Z DEBUG 17400 --- [backofficeAPI] [http-nio-8080-exec-3] o.s.security.web.FilterChainProxy        : Securing GET /api/activities
2025-10-28T09:32:23.287Z DEBUG 17400 --- [backofficeAPI] [http-nio-8080-exec-2] o.s.security.web.FilterChainProxy        : Secured GET /api/activities
2025-10-28T09:32:23.294Z  INFO 17400 --- [backofficeAPI] [reactor-http-nio-2] o.d.b.service.ActivitiesService          : Activities cache invalidated after save
2025-10-28T09:32:23.295Z DEBUG 17400 --- [backofficeAPI] [http-nio-8080-exec-3] o.s.security.web.FilterChainProxy        : Secured GET /api/activities
2025-10-28T09:32:23.295Z DEBUG 17400 --- [backofficeAPI] [http-nio-8080-exec-2] o.d.b.controller.ActivitiesController    : GET request to retrieve all activities
2025-10-28T09:32:23.296Z DEBUG 17400 --- [backofficeAPI] [http-nio-8080-exec-2] o.d.b.service.ActivitiesService          : Retrieving all activities
2025-10-28T09:32:23.296Z DEBUG 17400 --- [backofficeAPI] [http-nio-8080-exec-3] o.d.b.controller.ActivitiesController    : GET request to retrieve all activities
2025-10-28T09:32:23.296Z DEBUG 17400 --- [backofficeAPI] [http-nio-8080-exec-3] o.d.b.service.ActivitiesService          : Retrieving all activities
2025-10-28T09:32:23.314Z DEBUG 17400 --- [backofficeAPI] [http-nio-8080-exec-2] o.d.b.service.ActivitiesService          : Retrieved 1 activities
2025-10-28T09:32:23.315Z DEBUG 17400 --- [backofficeAPI] [http-nio-8080-exec-3] o.d.b.service.ActivitiesService          : Retrieved 1 activities
2025-10-28T09:32:50.771Z DEBUG 17400 --- [backofficeAPI] [http-nio-8080-exec-9] o.s.security.web.FilterChainProxy        : Securing GET /editor/actividades
2025-10-28T09:32:50.790Z DEBUG 17400 --- [backofficeAPI] [http-nio-8080-exec-9] o.s.security.web.FilterChainProxy        : Secured GET /editor/actividades
2025-10-28T09:32:50.793Z  WARN 17400 --- [backofficeAPI] [http-nio-8080-exec-9] actStandardFragmentInsertionTagProcessor : [THYMELEAF][http-nio-8080-exec-9][activities] Deprecated unwrapped fragment expression "fragments/header :: header" found in template activities, line 18, col 8. Please use the complete syntax of fragment expressions instead ("~{fragments/header :: header}"). The old, unwrapped syntax for fragment expressions will be removed in future versions of Thymeleaf.
2025-10-28T09:32:50.861Z DEBUG 17400 --- [backofficeAPI] [http-nio-8080-exec-4] o.s.security.web.FilterChainProxy        : Securing GET /styles/layout/header.css
2025-10-28T09:32:50.861Z DEBUG 17400 --- [backofficeAPI] [http-nio-8080-exec-8] o.s.security.web.FilterChainProxy        : Securing GET /styles/layout/footer.css
2025-10-28T09:32:50.861Z DEBUG 17400 --- [backofficeAPI] [http-nio-8080-exec-1] o.s.security.web.FilterChainProxy        : Securing GET /styles/base.css
2025-10-28T09:32:50.862Z DEBUG 17400 --- [backofficeAPI] [http-nio-8080-exec-5] o.s.security.web.FilterChainProxy        : Securing GET /styles/news.css
2025-10-28T09:32:50.864Z DEBUG 17400 --- [backofficeAPI] [http-nio-8080-exec-7] o.s.security.web.FilterChainProxy        : Securing GET /styles/login.css
2025-10-28T09:32:50.876Z DEBUG 17400 --- [backofficeAPI] [http-nio-8080-exec-10] o.s.security.web.FilterChainProxy        : Securing GET /scripts/script.js
2025-10-28T09:32:50.876Z DEBUG 17400 --- [backofficeAPI] [http-nio-8080-exec-5] o.s.s.w.a.AnonymousAuthenticationFilter  : Set SecurityContextHolder to anonymous SecurityContext
2025-10-28T09:32:50.877Z DEBUG 17400 --- [backofficeAPI] [http-nio-8080-exec-8] o.s.s.w.a.AnonymousAuthenticationFilter  : Set SecurityContextHolder to anonymous SecurityContext
2025-10-28T09:32:50.879Z DEBUG 17400 --- [backofficeAPI] [http-nio-8080-exec-5] o.s.security.web.FilterChainProxy        : Secured GET /styles/news.css
2025-10-28T09:32:50.880Z DEBUG 17400 --- [backofficeAPI] [http-nio-8080-exec-7] o.s.s.w.a.AnonymousAuthenticationFilter  : Set SecurityContextHolder to anonymous SecurityContext
2025-10-28T09:32:50.879Z DEBUG 17400 --- [backofficeAPI] [http-nio-8080-exec-4] o.s.s.w.a.AnonymousAuthenticationFilter  : Set SecurityContextHolder to anonymous SecurityContext
2025-10-28T09:32:50.879Z DEBUG 17400 --- [backofficeAPI] [http-nio-8080-exec-8] o.s.security.web.FilterChainProxy        : Secured GET /styles/layout/footer.css
2025-10-28T09:32:50.879Z DEBUG 17400 --- [backofficeAPI] [http-nio-8080-exec-10] o.s.s.w.a.AnonymousAuthenticationFilter  : Set SecurityContextHolder to anonymous SecurityContext
2025-10-28T09:32:50.880Z DEBUG 17400 --- [backofficeAPI] [http-nio-8080-exec-1] o.s.s.w.a.AnonymousAuthenticationFilter  : Set SecurityContextHolder to anonymous SecurityContext
2025-10-28T09:32:50.881Z DEBUG 17400 --- [backofficeAPI] [http-nio-8080-exec-7] o.s.security.web.FilterChainProxy        : Secured GET /styles/login.css
2025-10-28T09:32:50.881Z DEBUG 17400 --- [backofficeAPI] [http-nio-8080-exec-4] o.s.security.web.FilterChainProxy        : Secured GET /styles/layout/header.css
2025-10-28T09:32:50.889Z DEBUG 17400 --- [backofficeAPI] [http-nio-8080-exec-10] o.s.security.web.FilterChainProxy        : Secured GET /scripts/script.js
2025-10-28T09:32:50.889Z DEBUG 17400 --- [backofficeAPI] [http-nio-8080-exec-1] o.s.security.web.FilterChainProxy        : Secured GET /styles/base.css
2025-10-28T09:32:50.933Z DEBUG 17400 --- [backofficeAPI] [http-nio-8080-exec-3] o.s.security.web.FilterChainProxy        : Securing GET /scripts/pages/activities.js
2025-10-28T09:32:50.938Z DEBUG 17400 --- [backofficeAPI] [http-nio-8080-exec-3] o.s.s.w.a.AnonymousAuthenticationFilter  : Set SecurityContextHolder to anonymous SecurityContext
2025-10-28T09:32:50.939Z DEBUG 17400 --- [backofficeAPI] [http-nio-8080-exec-3] o.s.security.web.FilterChainProxy        : Secured GET /scripts/pages/activities.js
2025-10-28T09:32:50.953Z DEBUG 17400 --- [backofficeAPI] [http-nio-8080-exec-2] o.s.security.web.FilterChainProxy        : Securing GET /assets/logo.png
2025-10-28T09:32:50.959Z DEBUG 17400 --- [backofficeAPI] [http-nio-8080-exec-2] o.s.s.w.a.AnonymousAuthenticationFilter  : Set SecurityContextHolder to anonymous SecurityContext
2025-10-28T09:32:50.960Z DEBUG 17400 --- [backofficeAPI] [http-nio-8080-exec-2] o.s.security.web.FilterChainProxy        : Secured GET /assets/logo.png
2025-10-28T09:32:50.967Z DEBUG 17400 --- [backofficeAPI] [http-nio-8080-exec-6] o.s.security.web.FilterChainProxy        : Securing GET /assets/background.png
2025-10-28T09:32:50.972Z DEBUG 17400 --- [backofficeAPI] [http-nio-8080-exec-6] o.s.s.w.a.AnonymousAuthenticationFilter  : Set SecurityContextHolder to anonymous SecurityContext
2025-10-28T09:32:50.972Z DEBUG 17400 --- [backofficeAPI] [http-nio-8080-exec-6] o.s.security.web.FilterChainProxy        : Secured GET /assets/background.png
2025-10-28T09:32:50.977Z DEBUG 17400 --- [backofficeAPI] [http-nio-8080-exec-9] o.s.security.web.FilterChainProxy        : Securing GET /assets/navmenu.png
2025-10-28T09:32:50.979Z DEBUG 17400 --- [backofficeAPI] [http-nio-8080-exec-9] o.s.s.w.a.AnonymousAuthenticationFilter  : Set SecurityContextHolder to anonymous SecurityContext
2025-10-28T09:32:50.979Z DEBUG 17400 --- [backofficeAPI] [http-nio-8080-exec-9] o.s.security.web.FilterChainProxy        : Secured GET /assets/navmenu.png
2025-10-28T09:32:51.013Z DEBUG 17400 --- [backofficeAPI] [http-nio-8080-exec-5] o.s.security.web.FilterChainProxy        : Securing GET /scripts/api/activitiesService.js
2025-10-28T09:32:51.016Z DEBUG 17400 --- [backofficeAPI] [http-nio-8080-exec-5] o.s.s.w.a.AnonymousAuthenticationFilter  : Set SecurityContextHolder to anonymous SecurityContext
2025-10-28T09:32:51.022Z DEBUG 17400 --- [backofficeAPI] [http-nio-8080-exec-5] o.s.security.web.FilterChainProxy        : Secured GET /scripts/api/activitiesService.js
2025-10-28T09:32:51.079Z DEBUG 17400 --- [backofficeAPI] [http-nio-8080-exec-8] o.s.security.web.FilterChainProxy        : Securing GET /api/activities
2025-10-28T09:32:51.089Z DEBUG 17400 --- [backofficeAPI] [http-nio-8080-exec-8] o.s.security.web.FilterChainProxy        : Secured GET /api/activities
2025-10-28T09:32:51.091Z DEBUG 17400 --- [backofficeAPI] [http-nio-8080-exec-8] o.d.b.controller.ActivitiesController    : GET request to retrieve all activities
2025-10-28T09:32:51.091Z DEBUG 17400 --- [backofficeAPI] [http-nio-8080-exec-8] o.d.b.service.ActivitiesService          : Retrieving all activities
2025-10-28T09:32:51.093Z DEBUG 17400 --- [backofficeAPI] [http-nio-8080-exec-8] o.d.b.service.ActivitiesService          : Retrieved 1 activities
2025-10-28T09:32:51.109Z DEBUG 17400 --- [backofficeAPI] [http-nio-8080-exec-1] o.s.security.web.FilterChainProxy        : Securing GET /favicon.ico
2025-10-28T09:32:51.110Z DEBUG 17400 --- [backofficeAPI] [http-nio-8080-exec-1] o.s.s.w.a.AnonymousAuthenticationFilter  : Set SecurityContextHolder to anonymous SecurityContext
2025-10-28T09:32:51.111Z DEBUG 17400 --- [backofficeAPI] [http-nio-8080-exec-1] o.s.security.web.FilterChainProxy        : Secured GET /favicon.ico
2025-10-28T09:32:51.112Z ERROR 17400 --- [backofficeAPI] [http-nio-8080-exec-1] o.d.b.exception.GlobalExceptionHandler   : Unexpected error occurred

org.springframework.web.servlet.resource.NoResourceFoundException: No static resource favicon.ico.
	at org.springframework.web.servlet.resource.ResourceHttpRequestHandler.handleRequest(ResourceHttpRequestHandler.java:585) ~[spring-webmvc-6.2.11.jar:6.2.11]
	at org.springframework.web.servlet.mvc.HttpRequestHandlerAdapter.handle(HttpRequestHandlerAdapter.java:52) ~[spring-webmvc-6.2.11.jar:6.2.11]
	at org.springframework.web.servlet.DispatcherServlet.doDispatch(DispatcherServlet.java:1089) ~[spring-webmvc-6.2.11.jar:6.2.11]
	at org.springframework.web.servlet.DispatcherServlet.doService(DispatcherServlet.java:979) ~[spring-webmvc-6.2.11.jar:6.2.11]
	at org.springframework.web.servlet.FrameworkServlet.processRequest(FrameworkServlet.java:1014) ~[spring-webmvc-6.2.11.jar:6.2.11]
	at org.springframework.web.servlet.FrameworkServlet.doGet(FrameworkServlet.java:903) ~[spring-webmvc-6.2.11.jar:6.2.11]
	at jakarta.servlet.http.HttpServlet.service(HttpServlet.java:564) ~[tomcat-embed-core-10.1.46.jar:6.0]
	at org.springframework.web.servlet.FrameworkServlet.service(FrameworkServlet.java:885) ~[spring-webmvc-6.2.11.jar:6.2.11]
	at jakarta.servlet.http.HttpServlet.service(HttpServlet.java:658) ~[tomcat-embed-core-10.1.46.jar:6.0]
	at org.apache.catalina.core.ApplicationFilterChain.internalDoFilter(ApplicationFilterChain.java:195) ~[tomcat-embed-core-10.1.46.jar:10.1.46]
	at org.apache.catalina.core.ApplicationFilterChain.doFilter(ApplicationFilterChain.java:140) ~[tomcat-embed-core-10.1.46.jar:10.1.46]
	at org.apache.tomcat.websocket.server.WsFilter.doFilter(WsFilter.java:51) ~[tomcat-embed-websocket-10.1.46.jar:10.1.46]
	at org.apache.catalina.core.ApplicationFilterChain.internalDoFilter(ApplicationFilterChain.java:164) ~[tomcat-embed-core-10.1.46.jar:10.1.46]
	at org.apache.catalina.core.ApplicationFilterChain.doFilter(ApplicationFilterChain.java:140) ~[tomcat-embed-core-10.1.46.jar:10.1.46]
	at org.springframework.web.filter.OncePerRequestFilter.doFilter(OncePerRequestFilter.java:110) ~[spring-web-6.2.11.jar:6.2.11]
	at org.apache.catalina.core.ApplicationFilterChain.internalDoFilter(ApplicationFilterChain.java:164) ~[tomcat-embed-core-10.1.46.jar:10.1.46]
	at org.apache.catalina.core.ApplicationFilterChain.doFilter(ApplicationFilterChain.java:140) ~[tomcat-embed-core-10.1.46.jar:10.1.46]
	at org.springframework.web.filter.CompositeFilter$VirtualFilterChain.doFilter(CompositeFilter.java:108) ~[spring-web-6.2.11.jar:6.2.11]
	at org.springframework.web.filter.CompositeFilter$VirtualFilterChain.doFilter(CompositeFilter.java:108) ~[spring-web-6.2.11.jar:6.2.11]
	at org.springframework.security.web.FilterChainProxy.lambda$doFilterInternal$3(FilterChainProxy.java:231) ~[spring-security-web-6.5.5.jar:6.5.5]
	at org.springframework.security.web.FilterChainProxy$VirtualFilterChain.doFilter(FilterChainProxy.java:365) ~[spring-security-web-6.5.5.jar:6.5.5]
	at org.springframework.security.web.access.intercept.AuthorizationFilter.doFilter(AuthorizationFilter.java:101) ~[spring-security-web-6.5.5.jar:6.5.5]
	at org.springframework.security.web.FilterChainProxy$VirtualFilterChain.doFilter(FilterChainProxy.java:374) ~[spring-security-web-6.5.5.jar:6.5.5]
	at org.springframework.security.web.access.ExceptionTranslationFilter.doFilter(ExceptionTranslationFilter.java:125) ~[spring-security-web-6.5.5.jar:6.5.5]
	at org.springframework.security.web.access.ExceptionTranslationFilter.doFilter(ExceptionTranslationFilter.java:119) ~[spring-security-web-6.5.5.jar:6.5.5]
	at org.springframework.security.web.FilterChainProxy$VirtualFilterChain.doFilter(FilterChainProxy.java:374) ~[spring-security-web-6.5.5.jar:6.5.5]
	at org.springframework.security.web.session.SessionManagementFilter.doFilter(SessionManagementFilter.java:131) ~[spring-security-web-6.5.5.jar:6.5.5]
	at org.springframework.security.web.session.SessionManagementFilter.doFilter(SessionManagementFilter.java:85) ~[spring-security-web-6.5.5.jar:6.5.5]
	at org.springframework.security.web.FilterChainProxy$VirtualFilterChain.doFilter(FilterChainProxy.java:374) ~[spring-security-web-6.5.5.jar:6.5.5]
	at org.springframework.security.web.authentication.AnonymousAuthenticationFilter.doFilter(AnonymousAuthenticationFilter.java:100) ~[spring-security-web-6.5.5.jar:6.5.5]
	at org.springframework.security.web.FilterChainProxy$VirtualFilterChain.doFilter(FilterChainProxy.java:374) ~[spring-security-web-6.5.5.jar:6.5.5]
	at org.springframework.security.web.servletapi.SecurityContextHolderAwareRequestFilter.doFilter(SecurityContextHolderAwareRequestFilter.java:179) ~[spring-security-web-6.5.5.jar:6.5.5]
	at org.springframework.security.web.FilterChainProxy$VirtualFilterChain.doFilter(FilterChainProxy.java:374) ~[spring-security-web-6.5.5.jar:6.5.5]
	at org.springframework.security.web.savedrequest.RequestCacheAwareFilter.doFilter(RequestCacheAwareFilter.java:63) ~[spring-security-web-6.5.5.jar:6.5.5]
	at org.springframework.security.web.FilterChainProxy$VirtualFilterChain.doFilter(FilterChainProxy.java:374) ~[spring-security-web-6.5.5.jar:6.5.5]
	at org.dubini.backofficeAPI.security.JwtFilter.doFilterInternal(JwtFilter.java:56) ~[classes/:na]
	at org.springframework.web.filter.OncePerRequestFilter.doFilter(OncePerRequestFilter.java:116) ~[spring-web-6.2.11.jar:6.2.11]
	at org.springframework.security.web.FilterChainProxy$VirtualFilterChain.doFilter(FilterChainProxy.java:374) ~[spring-security-web-6.5.5.jar:6.5.5]
	at org.springframework.security.web.authentication.logout.LogoutFilter.doFilter(LogoutFilter.java:107) ~[spring-security-web-6.5.5.jar:6.5.5]
	at org.springframework.security.web.authentication.logout.LogoutFilter.doFilter(LogoutFilter.java:93) ~[spring-security-web-6.5.5.jar:6.5.5]
	at org.springframework.security.web.FilterChainProxy$VirtualFilterChain.doFilter(FilterChainProxy.java:374) ~[spring-security-web-6.5.5.jar:6.5.5]
	at org.springframework.security.web.header.HeaderWriterFilter.doHeadersAfter(HeaderWriterFilter.java:90) ~[spring-security-web-6.5.5.jar:6.5.5]
	at org.springframework.security.web.header.HeaderWriterFilter.doFilterInternal(HeaderWriterFilter.java:75) ~[spring-security-web-6.5.5.jar:6.5.5]
	at org.springframework.web.filter.OncePerRequestFilter.doFilter(OncePerRequestFilter.java:116) ~[spring-web-6.2.11.jar:6.2.11]
	at org.springframework.security.web.FilterChainProxy$VirtualFilterChain.doFilter(FilterChainProxy.java:374) ~[spring-security-web-6.5.5.jar:6.5.5]
	at org.springframework.security.web.context.SecurityContextHolderFilter.doFilter(SecurityContextHolderFilter.java:82) ~[spring-security-web-6.5.5.jar:6.5.5]
	at org.springframework.security.web.context.SecurityContextHolderFilter.doFilter(SecurityContextHolderFilter.java:69) ~[spring-security-web-6.5.5.jar:6.5.5]
	at org.springframework.security.web.FilterChainProxy$VirtualFilterChain.doFilter(FilterChainProxy.java:374) ~[spring-security-web-6.5.5.jar:6.5.5]
	at org.springframework.security.web.context.request.async.WebAsyncManagerIntegrationFilter.doFilterInternal(WebAsyncManagerIntegrationFilter.java:62) ~[spring-security-web-6.5.5.jar:6.5.5]
	at org.springframework.web.filter.OncePerRequestFilter.doFilter(OncePerRequestFilter.java:116) ~[spring-web-6.2.11.jar:6.2.11]
	at org.springframework.security.web.FilterChainProxy$VirtualFilterChain.doFilter(FilterChainProxy.java:374) ~[spring-security-web-6.5.5.jar:6.5.5]
	at org.springframework.security.web.session.DisableEncodeUrlFilter.doFilterInternal(DisableEncodeUrlFilter.java:42) ~[spring-security-web-6.5.5.jar:6.5.5]
	at org.springframework.web.filter.OncePerRequestFilter.doFilter(OncePerRequestFilter.java:116) ~[spring-web-6.2.11.jar:6.2.11]
	at org.springframework.security.web.FilterChainProxy$VirtualFilterChain.doFilter(FilterChainProxy.java:374) ~[spring-security-web-6.5.5.jar:6.5.5]
	at org.springframework.security.web.FilterChainProxy.doFilterInternal(FilterChainProxy.java:233) ~[spring-security-web-6.5.5.jar:6.5.5]
	at org.springframework.security.web.FilterChainProxy.doFilter(FilterChainProxy.java:191) ~[spring-security-web-6.5.5.jar:6.5.5]
	at org.springframework.web.filter.CompositeFilter$VirtualFilterChain.doFilter(CompositeFilter.java:113) ~[spring-web-6.2.11.jar:6.2.11]
	at org.springframework.web.filter.ServletRequestPathFilter.doFilter(ServletRequestPathFilter.java:52) ~[spring-web-6.2.11.jar:6.2.11]
	at org.springframework.web.filter.CompositeFilter$VirtualFilterChain.doFilter(CompositeFilter.java:113) ~[spring-web-6.2.11.jar:6.2.11]
	at org.springframework.web.filter.CompositeFilter.doFilter(CompositeFilter.java:74) ~[spring-web-6.2.11.jar:6.2.11]
	at org.springframework.security.config.annotation.web.configuration.WebSecurityConfiguration$CompositeFilterChainProxy.doFilter(WebSecurityConfiguration.java:319) ~[spring-security-config-6.5.5.jar:6.5.5]
	at org.springframework.web.filter.CompositeFilter$VirtualFilterChain.doFilter(CompositeFilter.java:113) ~[spring-web-6.2.11.jar:6.2.11]
	at org.springframework.web.servlet.handler.HandlerMappingIntrospector.lambda$createCacheFilter$4(HandlerMappingIntrospector.java:267) ~[spring-webmvc-6.2.11.jar:6.2.11]
	at org.springframework.web.filter.CompositeFilter$VirtualFilterChain.doFilter(CompositeFilter.java:113) ~[spring-web-6.2.11.jar:6.2.11]
	at org.springframework.web.filter.CompositeFilter.doFilter(CompositeFilter.java:74) ~[spring-web-6.2.11.jar:6.2.11]
	at org.springframework.security.config.annotation.web.configuration.WebMvcSecurityConfiguration$CompositeFilterChainProxy.doFilter(WebMvcSecurityConfiguration.java:240) ~[spring-security-config-6.5.5.jar:6.5.5]
	at org.springframework.web.filter.DelegatingFilterProxy.invokeDelegate(DelegatingFilterProxy.java:362) ~[spring-web-6.2.11.jar:6.2.11]
	at org.springframework.web.filter.DelegatingFilterProxy.doFilter(DelegatingFilterProxy.java:278) ~[spring-web-6.2.11.jar:6.2.11]
	at org.apache.catalina.core.ApplicationFilterChain.internalDoFilter(ApplicationFilterChain.java:164) ~[tomcat-embed-core-10.1.46.jar:10.1.46]
	at org.apache.catalina.core.ApplicationFilterChain.doFilter(ApplicationFilterChain.java:140) ~[tomcat-embed-core-10.1.46.jar:10.1.46]
	at org.springframework.web.filter.RequestContextFilter.doFilterInternal(RequestContextFilter.java:100) ~[spring-web-6.2.11.jar:6.2.11]
	at org.springframework.web.filter.OncePerRequestFilter.doFilter(OncePerRequestFilter.java:116) ~[spring-web-6.2.11.jar:6.2.11]
	at org.apache.catalina.core.ApplicationFilterChain.internalDoFilter(ApplicationFilterChain.java:164) ~[tomcat-embed-core-10.1.46.jar:10.1.46]
	at org.apache.catalina.core.ApplicationFilterChain.doFilter(ApplicationFilterChain.java:140) ~[tomcat-embed-core-10.1.46.jar:10.1.46]
	at org.springframework.web.filter.FormContentFilter.doFilterInternal(FormContentFilter.java:93) ~[spring-web-6.2.11.jar:6.2.11]
	at org.springframework.web.filter.OncePerRequestFilter.doFilter(OncePerRequestFilter.java:116) ~[spring-web-6.2.11.jar:6.2.11]
	at org.apache.catalina.core.ApplicationFilterChain.internalDoFilter(ApplicationFilterChain.java:164) ~[tomcat-embed-core-10.1.46.jar:10.1.46]
	at org.apache.catalina.core.ApplicationFilterChain.doFilter(ApplicationFilterChain.java:140) ~[tomcat-embed-core-10.1.46.jar:10.1.46]
	at org.springframework.web.filter.CharacterEncodingFilter.doFilterInternal(CharacterEncodingFilter.java:201) ~[spring-web-6.2.11.jar:6.2.11]
	at org.springframework.web.filter.OncePerRequestFilter.doFilter(OncePerRequestFilter.java:116) ~[spring-web-6.2.11.jar:6.2.11]
	at org.apache.catalina.core.ApplicationFilterChain.internalDoFilter(ApplicationFilterChain.java:164) ~[tomcat-embed-core-10.1.46.jar:10.1.46]
	at org.apache.catalina.core.ApplicationFilterChain.doFilter(ApplicationFilterChain.java:140) ~[tomcat-embed-core-10.1.46.jar:10.1.46]
	at org.apache.catalina.core.StandardWrapperValve.invoke(StandardWrapperValve.java:167) ~[tomcat-embed-core-10.1.46.jar:10.1.46]
	at org.apache.catalina.core.StandardContextValve.invoke(StandardContextValve.java:90) ~[tomcat-embed-core-10.1.46.jar:10.1.46]
	at org.apache.catalina.authenticator.AuthenticatorBase.invoke(AuthenticatorBase.java:483) ~[tomcat-embed-core-10.1.46.jar:10.1.46]
	at org.apache.catalina.core.StandardHostValve.invoke(StandardHostValve.java:116) ~[tomcat-embed-core-10.1.46.jar:10.1.46]
	at org.apache.catalina.valves.ErrorReportValve.invoke(ErrorReportValve.java:93) ~[tomcat-embed-core-10.1.46.jar:10.1.46]
	at org.apache.catalina.core.StandardEngineValve.invoke(StandardEngineValve.java:74) ~[tomcat-embed-core-10.1.46.jar:10.1.46]
	at org.apache.catalina.connector.CoyoteAdapter.service(CoyoteAdapter.java:344) ~[tomcat-embed-core-10.1.46.jar:10.1.46]
	at org.apache.coyote.http11.Http11Processor.service(Http11Processor.java:398) ~[tomcat-embed-core-10.1.46.jar:10.1.46]
	at org.apache.coyote.AbstractProcessorLight.process(AbstractProcessorLight.java:63) ~[tomcat-embed-core-10.1.46.jar:10.1.46]
	at org.apache.coyote.AbstractProtocol$ConnectionHandler.process(AbstractProtocol.java:903) ~[tomcat-embed-core-10.1.46.jar:10.1.46]
	at org.apache.tomcat.util.net.NioEndpoint$SocketProcessor.doRun(NioEndpoint.java:1776) ~[tomcat-embed-core-10.1.46.jar:10.1.46]
	at org.apache.tomcat.util.net.SocketProcessorBase.run(SocketProcessorBase.java:52) ~[tomcat-embed-core-10.1.46.jar:10.1.46]
	at org.apache.tomcat.util.threads.ThreadPoolExecutor.runWorker(ThreadPoolExecutor.java:975) ~[tomcat-embed-core-10.1.46.jar:10.1.46]
	at org.apache.tomcat.util.threads.ThreadPoolExecutor$Worker.run(ThreadPoolExecutor.java:493) ~[tomcat-embed-core-10.1.46.jar:10.1.46]
	at org.apache.tomcat.util.threads.TaskThread$WrappingRunnable.run(TaskThread.java:63) ~[tomcat-embed-core-10.1.46.jar:10.1.46]
	at java.base/java.lang.Thread.run(Thread.java:842) ~[na:na]

2025-10-28T09:32:51.125Z  WARN 17400 --- [backofficeAPI] [http-nio-8080-exec-1] .m.m.a.ExceptionHandlerExceptionResolver : Resolved [org.springframework.web.servlet.resource.NoResourceFoundException: No static resource favicon.ico.]
2025-10-28T09:32:55.643Z DEBUG 17400 --- [backofficeAPI] [http-nio-8080-exec-10] o.s.security.web.FilterChainProxy        : Securing POST /api/activities
2025-10-28T09:32:55.649Z DEBUG 17400 --- [backofficeAPI] [http-nio-8080-exec-10] o.s.security.web.FilterChainProxy        : Secured POST /api/activities
2025-10-28T09:32:55.657Z DEBUG 17400 --- [backofficeAPI] [http-nio-8080-exec-10] o.d.b.controller.ActivitiesController    : POST request to create new activity
2025-10-28T09:32:55.658Z DEBUG 17400 --- [backofficeAPI] [http-nio-8080-exec-10] o.d.b.service.ActivitiesService          : Saving new activity: sdasda
2025-10-28T09:32:55.667Z  INFO 17400 --- [backofficeAPI] [http-nio-8080-exec-10] o.d.b.service.ActivitiesService          : Activity saved successfully: sdasda
2025-10-28T09:32:55.759Z DEBUG 17400 --- [backofficeAPI] [http-nio-8080-exec-4] o.s.security.web.FilterChainProxy        : Securing GET /api/activities
2025-10-28T09:32:55.808Z DEBUG 17400 --- [backofficeAPI] [http-nio-8080-exec-4] o.s.security.web.FilterChainProxy        : Secured GET /api/activities
2025-10-28T09:32:55.813Z DEBUG 17400 --- [backofficeAPI] [http-nio-8080-exec-4] o.d.b.controller.ActivitiesController    : GET request to retrieve all activities
2025-10-28T09:32:55.821Z DEBUG 17400 --- [backofficeAPI] [http-nio-8080-exec-4] o.d.b.service.ActivitiesService          : Retrieving all activities
2025-10-28T09:32:55.856Z DEBUG 17400 --- [backofficeAPI] [http-nio-8080-exec-7] o.s.security.web.FilterChainProxy        : Securing GET /api/activities
2025-10-28T09:32:55.893Z DEBUG 17400 --- [backofficeAPI] [http-nio-8080-exec-4] o.d.b.service.ActivitiesService          : Retrieved 1 activities
2025-10-28T09:32:55.958Z DEBUG 17400 --- [backofficeAPI] [http-nio-8080-exec-7] o.s.security.web.FilterChainProxy        : Secured GET /api/activities
2025-10-28T09:32:55.960Z  INFO 17400 --- [backofficeAPI] [reactor-http-nio-3] o.d.b.service.ActivitiesService          : Activities cache invalidated after save
2025-10-28T09:32:55.966Z DEBUG 17400 --- [backofficeAPI] [http-nio-8080-exec-7] o.d.b.controller.ActivitiesController    : GET request to retrieve all activities
2025-10-28T09:32:55.973Z DEBUG 17400 --- [backofficeAPI] [http-nio-8080-exec-7] o.d.b.service.ActivitiesService          : Retrieving all activities
2025-10-28T09:32:56.004Z DEBUG 17400 --- [backofficeAPI] [http-nio-8080-exec-7] o.d.b.service.ActivitiesService          : Retrieved 1 activities
2025-10-28T09:33:04.653Z DEBUG 17400 --- [backofficeAPI] [http-nio-8080-exec-3] o.s.security.web.FilterChainProxy        : Securing POST /api/activities
2025-10-28T09:33:04.663Z DEBUG 17400 --- [backofficeAPI] [http-nio-8080-exec-3] o.s.security.web.FilterChainProxy        : Secured POST /api/activities
2025-10-28T09:33:04.670Z DEBUG 17400 --- [backofficeAPI] [http-nio-8080-exec-3] o.d.b.controller.ActivitiesController    : POST request to create new activity
2025-10-28T09:33:04.677Z DEBUG 17400 --- [backofficeAPI] [http-nio-8080-exec-3] o.d.b.service.ActivitiesService          : Saving new activity: sdasda
2025-10-28T09:33:04.704Z  INFO 17400 --- [backofficeAPI] [http-nio-8080-exec-3] o.d.b.service.ActivitiesService          : Activity saved successfully: sdasda
2025-10-28T09:33:04.764Z DEBUG 17400 --- [backofficeAPI] [http-nio-8080-exec-2] o.s.security.web.FilterChainProxy        : Securing GET /api/activities
2025-10-28T09:33:04.772Z  INFO 17400 --- [backofficeAPI] [reactor-http-nio-3] o.d.b.service.ActivitiesService          : Activities cache invalidated after save
2025-10-28T09:33:04.800Z DEBUG 17400 --- [backofficeAPI] [http-nio-8080-exec-2] o.s.security.web.FilterChainProxy        : Secured GET /api/activities
2025-10-28T09:33:04.801Z DEBUG 17400 --- [backofficeAPI] [http-nio-8080-exec-6] o.s.security.web.FilterChainProxy        : Securing GET /api/activities
2025-10-28T09:33:04.801Z DEBUG 17400 --- [backofficeAPI] [http-nio-8080-exec-2] o.d.b.controller.ActivitiesController    : GET request to retrieve all activities
2025-10-28T09:33:04.804Z DEBUG 17400 --- [backofficeAPI] [http-nio-8080-exec-2] o.d.b.service.ActivitiesService          : Retrieving all activities
2025-10-28T09:33:04.830Z DEBUG 17400 --- [backofficeAPI] [http-nio-8080-exec-6] o.s.security.web.FilterChainProxy        : Secured GET /api/activities
2025-10-28T09:33:04.832Z DEBUG 17400 --- [backofficeAPI] [http-nio-8080-exec-6] o.d.b.controller.ActivitiesController    : GET request to retrieve all activities
2025-10-28T09:33:04.832Z DEBUG 17400 --- [backofficeAPI] [http-nio-8080-exec-6] o.d.b.service.ActivitiesService          : Retrieving all activities
2025-10-28T09:33:04.833Z DEBUG 17400 --- [backofficeAPI] [http-nio-8080-exec-2] o.d.b.service.ActivitiesService          : Retrieved 1 activities
2025-10-28T09:33:04.844Z DEBUG 17400 --- [backofficeAPI] [http-nio-8080-exec-6] o.d.b.service.ActivitiesService          : Retrieved 1 activities
2025-10-28T09:34:49.138Z DEBUG 17400 --- [backofficeAPI] [http-nio-8080-exec-7] o.s.security.web.FilterChainProxy        : Securing GET /editor/actividades
2025-10-28T09:34:49.147Z DEBUG 17400 --- [backofficeAPI] [http-nio-8080-exec-7] o.s.security.web.FilterChainProxy        : Secured GET /editor/actividades
2025-10-28T09:34:49.168Z  WARN 17400 --- [backofficeAPI] [http-nio-8080-exec-7] actStandardFragmentInsertionTagProcessor : [THYMELEAF][http-nio-8080-exec-7][activities] Deprecated unwrapped fragment expression "fragments/header :: header" found in template activities, line 18, col 8. Please use the complete syntax of fragment expressions instead ("~{fragments/header :: header}"). The old, unwrapped syntax for fragment expressions will be removed in future versions of Thymeleaf.
2025-10-28T09:34:49.328Z DEBUG 17400 --- [backofficeAPI] [http-nio-8080-exec-3] o.s.security.web.FilterChainProxy        : Securing GET /styles/layout/header.css
2025-10-28T09:34:49.334Z DEBUG 17400 --- [backofficeAPI] [http-nio-8080-exec-2] o.s.security.web.FilterChainProxy        : Securing GET /styles/layout/footer.css
2025-10-28T09:34:49.338Z DEBUG 17400 --- [backofficeAPI] [http-nio-8080-exec-6] o.s.security.web.FilterChainProxy        : Securing GET /styles/login.css
2025-10-28T09:34:49.347Z DEBUG 17400 --- [backofficeAPI] [http-nio-8080-exec-9] o.s.security.web.FilterChainProxy        : Securing GET /styles/base.css
2025-10-28T09:34:49.348Z DEBUG 17400 --- [backofficeAPI] [http-nio-8080-exec-3] o.s.s.w.a.AnonymousAuthenticationFilter  : Set SecurityContextHolder to anonymous SecurityContext
2025-10-28T09:34:49.368Z DEBUG 17400 --- [backofficeAPI] [http-nio-8080-exec-6] o.s.s.w.a.AnonymousAuthenticationFilter  : Set SecurityContextHolder to anonymous SecurityContext
2025-10-28T09:34:49.353Z DEBUG 17400 --- [backofficeAPI] [http-nio-8080-exec-5] o.s.security.web.FilterChainProxy        : Securing GET /styles/news.css
2025-10-28T09:34:49.360Z DEBUG 17400 --- [backofficeAPI] [http-nio-8080-exec-8] o.s.security.web.FilterChainProxy        : Securing GET /scripts/script.js
2025-10-28T09:34:49.367Z DEBUG 17400 --- [backofficeAPI] [http-nio-8080-exec-2] o.s.s.w.a.AnonymousAuthenticationFilter  : Set SecurityContextHolder to anonymous SecurityContext
2025-10-28T09:34:49.386Z DEBUG 17400 --- [backofficeAPI] [http-nio-8080-exec-8] o.s.s.w.a.AnonymousAuthenticationFilter  : Set SecurityContextHolder to anonymous SecurityContext
2025-10-28T09:34:49.368Z DEBUG 17400 --- [backofficeAPI] [http-nio-8080-exec-6] o.s.security.web.FilterChainProxy        : Secured GET /styles/login.css
2025-10-28T09:34:49.368Z DEBUG 17400 --- [backofficeAPI] [http-nio-8080-exec-3] o.s.security.web.FilterChainProxy        : Secured GET /styles/layout/header.css
2025-10-28T09:34:49.383Z DEBUG 17400 --- [backofficeAPI] [http-nio-8080-exec-9] o.s.s.w.a.AnonymousAuthenticationFilter  : Set SecurityContextHolder to anonymous SecurityContext
2025-10-28T09:34:49.383Z DEBUG 17400 --- [backofficeAPI] [http-nio-8080-exec-5] o.s.s.w.a.AnonymousAuthenticationFilter  : Set SecurityContextHolder to anonymous SecurityContext
2025-10-28T09:34:49.388Z DEBUG 17400 --- [backofficeAPI] [http-nio-8080-exec-2] o.s.security.web.FilterChainProxy        : Secured GET /styles/layout/footer.css
2025-10-28T09:34:49.411Z DEBUG 17400 --- [backofficeAPI] [http-nio-8080-exec-5] o.s.security.web.FilterChainProxy        : Secured GET /styles/news.css
2025-10-28T09:34:49.391Z DEBUG 17400 --- [backofficeAPI] [http-nio-8080-exec-8] o.s.security.web.FilterChainProxy        : Secured GET /scripts/script.js
2025-10-28T09:34:49.409Z DEBUG 17400 --- [backofficeAPI] [http-nio-8080-exec-9] o.s.security.web.FilterChainProxy        : Secured GET /styles/base.css
2025-10-28T09:34:49.593Z DEBUG 17400 --- [backofficeAPI] [http-nio-8080-exec-1] o.s.security.web.FilterChainProxy        : Securing GET /scripts/pages/activities.js
2025-10-28T09:34:49.620Z DEBUG 17400 --- [backofficeAPI] [http-nio-8080-exec-1] o.s.s.w.a.AnonymousAuthenticationFilter  : Set SecurityContextHolder to anonymous SecurityContext
2025-10-28T09:34:49.632Z DEBUG 17400 --- [backofficeAPI] [http-nio-8080-exec-1] o.s.security.web.FilterChainProxy        : Secured GET /scripts/pages/activities.js
2025-10-28T09:34:49.682Z DEBUG 17400 --- [backofficeAPI] [http-nio-8080-exec-10] o.s.security.web.FilterChainProxy        : Securing GET /assets/logo.png
2025-10-28T09:34:49.707Z DEBUG 17400 --- [backofficeAPI] [http-nio-8080-exec-10] o.s.s.w.a.AnonymousAuthenticationFilter  : Set SecurityContextHolder to anonymous SecurityContext
2025-10-28T09:34:49.707Z DEBUG 17400 --- [backofficeAPI] [http-nio-8080-exec-4] o.s.security.web.FilterChainProxy        : Securing GET /assets/navmenu.png
2025-10-28T09:34:49.708Z DEBUG 17400 --- [backofficeAPI] [http-nio-8080-exec-10] o.s.security.web.FilterChainProxy        : Secured GET /assets/logo.png
2025-10-28T09:34:49.715Z DEBUG 17400 --- [backofficeAPI] [http-nio-8080-exec-4] o.s.s.w.a.AnonymousAuthenticationFilter  : Set SecurityContextHolder to anonymous SecurityContext
2025-10-28T09:34:49.716Z DEBUG 17400 --- [backofficeAPI] [http-nio-8080-exec-4] o.s.security.web.FilterChainProxy        : Secured GET /assets/navmenu.png
2025-10-28T09:34:49.718Z DEBUG 17400 --- [backofficeAPI] [http-nio-8080-exec-7] o.s.security.web.FilterChainProxy        : Securing GET /assets/background.png
2025-10-28T09:34:49.721Z DEBUG 17400 --- [backofficeAPI] [http-nio-8080-exec-7] o.s.s.w.a.AnonymousAuthenticationFilter  : Set SecurityContextHolder to anonymous SecurityContext
2025-10-28T09:34:49.724Z DEBUG 17400 --- [backofficeAPI] [http-nio-8080-exec-7] o.s.security.web.FilterChainProxy        : Secured GET /assets/background.png
2025-10-28T09:34:49.801Z DEBUG 17400 --- [backofficeAPI] [http-nio-8080-exec-9] o.s.security.web.FilterChainProxy        : Securing GET /scripts/api/activitiesService.js
2025-10-28T09:34:49.810Z DEBUG 17400 --- [backofficeAPI] [http-nio-8080-exec-9] o.s.s.w.a.AnonymousAuthenticationFilter  : Set SecurityContextHolder to anonymous SecurityContext
2025-10-28T09:34:49.814Z DEBUG 17400 --- [backofficeAPI] [http-nio-8080-exec-9] o.s.security.web.FilterChainProxy        : Secured GET /scripts/api/activitiesService.js
2025-10-28T09:34:49.851Z DEBUG 17400 --- [backofficeAPI] [http-nio-8080-exec-6] o.s.security.web.FilterChainProxy        : Securing GET /api/activities
2025-10-28T09:34:49.858Z DEBUG 17400 --- [backofficeAPI] [http-nio-8080-exec-6] o.s.security.web.FilterChainProxy        : Secured GET /api/activities
2025-10-28T09:34:49.859Z DEBUG 17400 --- [backofficeAPI] [http-nio-8080-exec-6] o.d.b.controller.ActivitiesController    : GET request to retrieve all activities
2025-10-28T09:34:49.860Z DEBUG 17400 --- [backofficeAPI] [http-nio-8080-exec-6] o.d.b.service.ActivitiesService          : Retrieving all activities
2025-10-28T09:34:49.864Z DEBUG 17400 --- [backofficeAPI] [http-nio-8080-exec-6] o.d.b.service.ActivitiesService          : Retrieved 1 activities
2025-10-28T09:34:49.880Z DEBUG 17400 --- [backofficeAPI] [http-nio-8080-exec-3] o.s.security.web.FilterChainProxy        : Securing GET /favicon.ico
2025-10-28T09:34:49.881Z DEBUG 17400 --- [backofficeAPI] [http-nio-8080-exec-3] o.s.s.w.a.AnonymousAuthenticationFilter  : Set SecurityContextHolder to anonymous SecurityContext
2025-10-28T09:34:49.881Z DEBUG 17400 --- [backofficeAPI] [http-nio-8080-exec-3] o.s.security.web.FilterChainProxy        : Secured GET /favicon.ico
2025-10-28T09:34:49.882Z ERROR 17400 --- [backofficeAPI] [http-nio-8080-exec-3] o.d.b.exception.GlobalExceptionHandler   : Unexpected error occurred

org.springframework.web.servlet.resource.NoResourceFoundException: No static resource favicon.ico.
	at org.springframework.web.servlet.resource.ResourceHttpRequestHandler.handleRequest(ResourceHttpRequestHandler.java:585) ~[spring-webmvc-6.2.11.jar:6.2.11]
	at org.springframework.web.servlet.mvc.HttpRequestHandlerAdapter.handle(HttpRequestHandlerAdapter.java:52) ~[spring-webmvc-6.2.11.jar:6.2.11]
	at org.springframework.web.servlet.DispatcherServlet.doDispatch(DispatcherServlet.java:1089) ~[spring-webmvc-6.2.11.jar:6.2.11]
	at org.springframework.web.servlet.DispatcherServlet.doService(DispatcherServlet.java:979) ~[spring-webmvc-6.2.11.jar:6.2.11]
	at org.springframework.web.servlet.FrameworkServlet.processRequest(FrameworkServlet.java:1014) ~[spring-webmvc-6.2.11.jar:6.2.11]
	at org.springframework.web.servlet.FrameworkServlet.doGet(FrameworkServlet.java:903) ~[spring-webmvc-6.2.11.jar:6.2.11]
	at jakarta.servlet.http.HttpServlet.service(HttpServlet.java:564) ~[tomcat-embed-core-10.1.46.jar:6.0]
	at org.springframework.web.servlet.FrameworkServlet.service(FrameworkServlet.java:885) ~[spring-webmvc-6.2.11.jar:6.2.11]
	at jakarta.servlet.http.HttpServlet.service(HttpServlet.java:658) ~[tomcat-embed-core-10.1.46.jar:6.0]
	at org.apache.catalina.core.ApplicationFilterChain.internalDoFilter(ApplicationFilterChain.java:195) ~[tomcat-embed-core-10.1.46.jar:10.1.46]
	at org.apache.catalina.core.ApplicationFilterChain.doFilter(ApplicationFilterChain.java:140) ~[tomcat-embed-core-10.1.46.jar:10.1.46]
	at org.apache.tomcat.websocket.server.WsFilter.doFilter(WsFilter.java:51) ~[tomcat-embed-websocket-10.1.46.jar:10.1.46]
	at org.apache.catalina.core.ApplicationFilterChain.internalDoFilter(ApplicationFilterChain.java:164) ~[tomcat-embed-core-10.1.46.jar:10.1.46]
	at org.apache.catalina.core.ApplicationFilterChain.doFilter(ApplicationFilterChain.java:140) ~[tomcat-embed-core-10.1.46.jar:10.1.46]
	at org.springframework.web.filter.OncePerRequestFilter.doFilter(OncePerRequestFilter.java:110) ~[spring-web-6.2.11.jar:6.2.11]
	at org.apache.catalina.core.ApplicationFilterChain.internalDoFilter(ApplicationFilterChain.java:164) ~[tomcat-embed-core-10.1.46.jar:10.1.46]
	at org.apache.catalina.core.ApplicationFilterChain.doFilter(ApplicationFilterChain.java:140) ~[tomcat-embed-core-10.1.46.jar:10.1.46]
	at org.springframework.web.filter.CompositeFilter$VirtualFilterChain.doFilter(CompositeFilter.java:108) ~[spring-web-6.2.11.jar:6.2.11]
	at org.springframework.web.filter.CompositeFilter$VirtualFilterChain.doFilter(CompositeFilter.java:108) ~[spring-web-6.2.11.jar:6.2.11]
	at org.springframework.security.web.FilterChainProxy.lambda$doFilterInternal$3(FilterChainProxy.java:231) ~[spring-security-web-6.5.5.jar:6.5.5]
	at org.springframework.security.web.FilterChainProxy$VirtualFilterChain.doFilter(FilterChainProxy.java:365) ~[spring-security-web-6.5.5.jar:6.5.5]
	at org.springframework.security.web.access.intercept.AuthorizationFilter.doFilter(AuthorizationFilter.java:101) ~[spring-security-web-6.5.5.jar:6.5.5]
	at org.springframework.security.web.FilterChainProxy$VirtualFilterChain.doFilter(FilterChainProxy.java:374) ~[spring-security-web-6.5.5.jar:6.5.5]
	at org.springframework.security.web.access.ExceptionTranslationFilter.doFilter(ExceptionTranslationFilter.java:125) ~[spring-security-web-6.5.5.jar:6.5.5]
	at org.springframework.security.web.access.ExceptionTranslationFilter.doFilter(ExceptionTranslationFilter.java:119) ~[spring-security-web-6.5.5.jar:6.5.5]
	at org.springframework.security.web.FilterChainProxy$VirtualFilterChain.doFilter(FilterChainProxy.java:374) ~[spring-security-web-6.5.5.jar:6.5.5]
	at org.springframework.security.web.session.SessionManagementFilter.doFilter(SessionManagementFilter.java:131) ~[spring-security-web-6.5.5.jar:6.5.5]
	at org.springframework.security.web.session.SessionManagementFilter.doFilter(SessionManagementFilter.java:85) ~[spring-security-web-6.5.5.jar:6.5.5]
	at org.springframework.security.web.FilterChainProxy$VirtualFilterChain.doFilter(FilterChainProxy.java:374) ~[spring-security-web-6.5.5.jar:6.5.5]
	at org.springframework.security.web.authentication.AnonymousAuthenticationFilter.doFilter(AnonymousAuthenticationFilter.java:100) ~[spring-security-web-6.5.5.jar:6.5.5]
	at org.springframework.security.web.FilterChainProxy$VirtualFilterChain.doFilter(FilterChainProxy.java:374) ~[spring-security-web-6.5.5.jar:6.5.5]
	at org.springframework.security.web.servletapi.SecurityContextHolderAwareRequestFilter.doFilter(SecurityContextHolderAwareRequestFilter.java:179) ~[spring-security-web-6.5.5.jar:6.5.5]
	at org.springframework.security.web.FilterChainProxy$VirtualFilterChain.doFilter(FilterChainProxy.java:374) ~[spring-security-web-6.5.5.jar:6.5.5]
	at org.springframework.security.web.savedrequest.RequestCacheAwareFilter.doFilter(RequestCacheAwareFilter.java:63) ~[spring-security-web-6.5.5.jar:6.5.5]
	at org.springframework.security.web.FilterChainProxy$VirtualFilterChain.doFilter(FilterChainProxy.java:374) ~[spring-security-web-6.5.5.jar:6.5.5]
	at org.dubini.backofficeAPI.security.JwtFilter.doFilterInternal(JwtFilter.java:56) ~[classes/:na]
	at org.springframework.web.filter.OncePerRequestFilter.doFilter(OncePerRequestFilter.java:116) ~[spring-web-6.2.11.jar:6.2.11]
	at org.springframework.security.web.FilterChainProxy$VirtualFilterChain.doFilter(FilterChainProxy.java:374) ~[spring-security-web-6.5.5.jar:6.5.5]
	at org.springframework.security.web.authentication.logout.LogoutFilter.doFilter(LogoutFilter.java:107) ~[spring-security-web-6.5.5.jar:6.5.5]
	at org.springframework.security.web.authentication.logout.LogoutFilter.doFilter(LogoutFilter.java:93) ~[spring-security-web-6.5.5.jar:6.5.5]
	at org.springframework.security.web.FilterChainProxy$VirtualFilterChain.doFilter(FilterChainProxy.java:374) ~[spring-security-web-6.5.5.jar:6.5.5]
	at org.springframework.security.web.header.HeaderWriterFilter.doHeadersAfter(HeaderWriterFilter.java:90) ~[spring-security-web-6.5.5.jar:6.5.5]
	at org.springframework.security.web.header.HeaderWriterFilter.doFilterInternal(HeaderWriterFilter.java:75) ~[spring-security-web-6.5.5.jar:6.5.5]
	at org.springframework.web.filter.OncePerRequestFilter.doFilter(OncePerRequestFilter.java:116) ~[spring-web-6.2.11.jar:6.2.11]
	at org.springframework.security.web.FilterChainProxy$VirtualFilterChain.doFilter(FilterChainProxy.java:374) ~[spring-security-web-6.5.5.jar:6.5.5]
	at org.springframework.security.web.context.SecurityContextHolderFilter.doFilter(SecurityContextHolderFilter.java:82) ~[spring-security-web-6.5.5.jar:6.5.5]
	at org.springframework.security.web.context.SecurityContextHolderFilter.doFilter(SecurityContextHolderFilter.java:69) ~[spring-security-web-6.5.5.jar:6.5.5]
	at org.springframework.security.web.FilterChainProxy$VirtualFilterChain.doFilter(FilterChainProxy.java:374) ~[spring-security-web-6.5.5.jar:6.5.5]
	at org.springframework.security.web.context.request.async.WebAsyncManagerIntegrationFilter.doFilterInternal(WebAsyncManagerIntegrationFilter.java:62) ~[spring-security-web-6.5.5.jar:6.5.5]
	at org.springframework.web.filter.OncePerRequestFilter.doFilter(OncePerRequestFilter.java:116) ~[spring-web-6.2.11.jar:6.2.11]
	at org.springframework.security.web.FilterChainProxy$VirtualFilterChain.doFilter(FilterChainProxy.java:374) ~[spring-security-web-6.5.5.jar:6.5.5]
	at org.springframework.security.web.session.DisableEncodeUrlFilter.doFilterInternal(DisableEncodeUrlFilter.java:42) ~[spring-security-web-6.5.5.jar:6.5.5]
	at org.springframework.web.filter.OncePerRequestFilter.doFilter(OncePerRequestFilter.java:116) ~[spring-web-6.2.11.jar:6.2.11]
	at org.springframework.security.web.FilterChainProxy$VirtualFilterChain.doFilter(FilterChainProxy.java:374) ~[spring-security-web-6.5.5.jar:6.5.5]
	at org.springframework.security.web.FilterChainProxy.doFilterInternal(FilterChainProxy.java:233) ~[spring-security-web-6.5.5.jar:6.5.5]
	at org.springframework.security.web.FilterChainProxy.doFilter(FilterChainProxy.java:191) ~[spring-security-web-6.5.5.jar:6.5.5]
	at org.springframework.web.filter.CompositeFilter$VirtualFilterChain.doFilter(CompositeFilter.java:113) ~[spring-web-6.2.11.jar:6.2.11]
	at org.springframework.web.filter.ServletRequestPathFilter.doFilter(ServletRequestPathFilter.java:52) ~[spring-web-6.2.11.jar:6.2.11]
	at org.springframework.web.filter.CompositeFilter$VirtualFilterChain.doFilter(CompositeFilter.java:113) ~[spring-web-6.2.11.jar:6.2.11]
	at org.springframework.web.filter.CompositeFilter.doFilter(CompositeFilter.java:74) ~[spring-web-6.2.11.jar:6.2.11]
	at org.springframework.security.config.annotation.web.configuration.WebSecurityConfiguration$CompositeFilterChainProxy.doFilter(WebSecurityConfiguration.java:319) ~[spring-security-config-6.5.5.jar:6.5.5]
	at org.springframework.web.filter.CompositeFilter$VirtualFilterChain.doFilter(CompositeFilter.java:113) ~[spring-web-6.2.11.jar:6.2.11]
	at org.springframework.web.servlet.handler.HandlerMappingIntrospector.lambda$createCacheFilter$4(HandlerMappingIntrospector.java:267) ~[spring-webmvc-6.2.11.jar:6.2.11]
	at org.springframework.web.filter.CompositeFilter$VirtualFilterChain.doFilter(CompositeFilter.java:113) ~[spring-web-6.2.11.jar:6.2.11]
	at org.springframework.web.filter.CompositeFilter.doFilter(CompositeFilter.java:74) ~[spring-web-6.2.11.jar:6.2.11]
	at org.springframework.security.config.annotation.web.configuration.WebMvcSecurityConfiguration$CompositeFilterChainProxy.doFilter(WebMvcSecurityConfiguration.java:240) ~[spring-security-config-6.5.5.jar:6.5.5]
	at org.springframework.web.filter.DelegatingFilterProxy.invokeDelegate(DelegatingFilterProxy.java:362) ~[spring-web-6.2.11.jar:6.2.11]
	at org.springframework.web.filter.DelegatingFilterProxy.doFilter(DelegatingFilterProxy.java:278) ~[spring-web-6.2.11.jar:6.2.11]
	at org.apache.catalina.core.ApplicationFilterChain.internalDoFilter(ApplicationFilterChain.java:164) ~[tomcat-embed-core-10.1.46.jar:10.1.46]
	at org.apache.catalina.core.ApplicationFilterChain.doFilter(ApplicationFilterChain.java:140) ~[tomcat-embed-core-10.1.46.jar:10.1.46]
	at org.springframework.web.filter.RequestContextFilter.doFilterInternal(RequestContextFilter.java:100) ~[spring-web-6.2.11.jar:6.2.11]
	at org.springframework.web.filter.OncePerRequestFilter.doFilter(OncePerRequestFilter.java:116) ~[spring-web-6.2.11.jar:6.2.11]
	at org.apache.catalina.core.ApplicationFilterChain.internalDoFilter(ApplicationFilterChain.java:164) ~[tomcat-embed-core-10.1.46.jar:10.1.46]
	at org.apache.catalina.core.ApplicationFilterChain.doFilter(ApplicationFilterChain.java:140) ~[tomcat-embed-core-10.1.46.jar:10.1.46]
	at org.springframework.web.filter.FormContentFilter.doFilterInternal(FormContentFilter.java:93) ~[spring-web-6.2.11.jar:6.2.11]
	at org.springframework.web.filter.OncePerRequestFilter.doFilter(OncePerRequestFilter.java:116) ~[spring-web-6.2.11.jar:6.2.11]
	at org.apache.catalina.core.ApplicationFilterChain.internalDoFilter(ApplicationFilterChain.java:164) ~[tomcat-embed-core-10.1.46.jar:10.1.46]
	at org.apache.catalina.core.ApplicationFilterChain.doFilter(ApplicationFilterChain.java:140) ~[tomcat-embed-core-10.1.46.jar:10.1.46]
	at org.springframework.web.filter.CharacterEncodingFilter.doFilterInternal(CharacterEncodingFilter.java:201) ~[spring-web-6.2.11.jar:6.2.11]
	at org.springframework.web.filter.OncePerRequestFilter.doFilter(OncePerRequestFilter.java:116) ~[spring-web-6.2.11.jar:6.2.11]
	at org.apache.catalina.core.ApplicationFilterChain.internalDoFilter(ApplicationFilterChain.java:164) ~[tomcat-embed-core-10.1.46.jar:10.1.46]
	at org.apache.catalina.core.ApplicationFilterChain.doFilter(ApplicationFilterChain.java:140) ~[tomcat-embed-core-10.1.46.jar:10.1.46]
	at org.apache.catalina.core.StandardWrapperValve.invoke(StandardWrapperValve.java:167) ~[tomcat-embed-core-10.1.46.jar:10.1.46]
	at org.apache.catalina.core.StandardContextValve.invoke(StandardContextValve.java:90) ~[tomcat-embed-core-10.1.46.jar:10.1.46]
	at org.apache.catalina.authenticator.AuthenticatorBase.invoke(AuthenticatorBase.java:483) ~[tomcat-embed-core-10.1.46.jar:10.1.46]
	at org.apache.catalina.core.StandardHostValve.invoke(StandardHostValve.java:116) ~[tomcat-embed-core-10.1.46.jar:10.1.46]
	at org.apache.catalina.valves.ErrorReportValve.invoke(ErrorReportValve.java:93) ~[tomcat-embed-core-10.1.46.jar:10.1.46]
	at org.apache.catalina.core.StandardEngineValve.invoke(StandardEngineValve.java:74) ~[tomcat-embed-core-10.1.46.jar:10.1.46]
	at org.apache.catalina.connector.CoyoteAdapter.service(CoyoteAdapter.java:344) ~[tomcat-embed-core-10.1.46.jar:10.1.46]
	at org.apache.coyote.http11.Http11Processor.service(Http11Processor.java:398) ~[tomcat-embed-core-10.1.46.jar:10.1.46]
	at org.apache.coyote.AbstractProcessorLight.process(AbstractProcessorLight.java:63) ~[tomcat-embed-core-10.1.46.jar:10.1.46]
	at org.apache.coyote.AbstractProtocol$ConnectionHandler.process(AbstractProtocol.java:903) ~[tomcat-embed-core-10.1.46.jar:10.1.46]
	at org.apache.tomcat.util.net.NioEndpoint$SocketProcessor.doRun(NioEndpoint.java:1776) ~[tomcat-embed-core-10.1.46.jar:10.1.46]
	at org.apache.tomcat.util.net.SocketProcessorBase.run(SocketProcessorBase.java:52) ~[tomcat-embed-core-10.1.46.jar:10.1.46]
	at org.apache.tomcat.util.threads.ThreadPoolExecutor.runWorker(ThreadPoolExecutor.java:975) ~[tomcat-embed-core-10.1.46.jar:10.1.46]
	at org.apache.tomcat.util.threads.ThreadPoolExecutor$Worker.run(ThreadPoolExecutor.java:493) ~[tomcat-embed-core-10.1.46.jar:10.1.46]
	at org.apache.tomcat.util.threads.TaskThread$WrappingRunnable.run(TaskThread.java:63) ~[tomcat-embed-core-10.1.46.jar:10.1.46]
	at java.base/java.lang.Thread.run(Thread.java:842) ~[na:na]

2025-10-28T09:34:49.886Z  WARN 17400 --- [backofficeAPI] [http-nio-8080-exec-3] .m.m.a.ExceptionHandlerExceptionResolver : Resolved [org.springframework.web.servlet.resource.NoResourceFoundException: No static resource favicon.ico.]
2025-10-28T09:34:52.531Z DEBUG 17400 --- [backofficeAPI] [http-nio-8080-exec-5] o.s.security.web.FilterChainProxy        : Securing POST /api/activities
2025-10-28T09:34:52.549Z DEBUG 17400 --- [backofficeAPI] [http-nio-8080-exec-5] o.s.security.web.FilterChainProxy        : Secured POST /api/activities
2025-10-28T09:34:52.556Z DEBUG 17400 --- [backofficeAPI] [http-nio-8080-exec-5] o.d.b.controller.ActivitiesController    : POST request to create new activity
2025-10-28T09:34:52.563Z DEBUG 17400 --- [backofficeAPI] [http-nio-8080-exec-5] o.d.b.service.ActivitiesService          : Saving new activity: sdasda
2025-10-28T09:34:52.574Z  INFO 17400 --- [backofficeAPI] [http-nio-8080-exec-5] o.d.b.service.ActivitiesService          : Activity saved successfully: sdasda
2025-10-28T09:34:52.642Z DEBUG 17400 --- [backofficeAPI] [http-nio-8080-exec-8] o.s.security.web.FilterChainProxy        : Securing GET /api/activities
2025-10-28T09:34:52.686Z DEBUG 17400 --- [backofficeAPI] [http-nio-8080-exec-8] o.s.security.web.FilterChainProxy        : Secured GET /api/activities
2025-10-28T09:34:52.698Z DEBUG 17400 --- [backofficeAPI] [http-nio-8080-exec-8] o.d.b.controller.ActivitiesController    : GET request to retrieve all activities
2025-10-28T09:34:52.700Z DEBUG 17400 --- [backofficeAPI] [http-nio-8080-exec-8] o.d.b.service.ActivitiesService          : Retrieving all activities
2025-10-28T09:34:52.704Z DEBUG 17400 --- [backofficeAPI] [http-nio-8080-exec-2] o.s.security.web.FilterChainProxy        : Securing GET /api/activities
2025-10-28T09:34:52.734Z  INFO 17400 --- [backofficeAPI] [reactor-http-nio-4] o.d.b.service.ActivitiesService          : Activities cache invalidated after save
2025-10-28T09:34:52.751Z DEBUG 17400 --- [backofficeAPI] [http-nio-8080-exec-2] o.s.security.web.FilterChainProxy        : Secured GET /api/activities
2025-10-28T09:34:52.757Z DEBUG 17400 --- [backofficeAPI] [http-nio-8080-exec-2] o.d.b.controller.ActivitiesController    : GET request to retrieve all activities
2025-10-28T09:34:52.762Z DEBUG 17400 --- [backofficeAPI] [http-nio-8080-exec-2] o.d.b.service.ActivitiesService          : Retrieving all activities
2025-10-28T09:34:52.779Z DEBUG 17400 --- [backofficeAPI] [http-nio-8080-exec-8] o.d.b.service.ActivitiesService          : Retrieved 1 activities
2025-10-28T09:34:52.786Z DEBUG 17400 --- [backofficeAPI] [http-nio-8080-exec-2] o.d.b.service.ActivitiesService          : Retrieved 1 activities
2025-10-28T09:34:56.797Z DEBUG 17400 --- [backofficeAPI] [http-nio-8080-exec-1] o.s.security.web.FilterChainProxy        : Securing GET /api/activities
2025-10-28T09:34:56.814Z DEBUG 17400 --- [backofficeAPI] [http-nio-8080-exec-1] o.s.security.web.FilterChainProxy        : Secured GET /api/activities
2025-10-28T09:34:56.816Z DEBUG 17400 --- [backofficeAPI] [http-nio-8080-exec-1] o.d.b.controller.ActivitiesController    : GET request to retrieve all activities
2025-10-28T09:34:56.826Z DEBUG 17400 --- [backofficeAPI] [http-nio-8080-exec-1] o.d.b.service.ActivitiesService          : Retrieving all activities
2025-10-28T09:34:56.831Z DEBUG 17400 --- [backofficeAPI] [http-nio-8080-exec-1] o.d.b.service.ActivitiesService          : Retrieved 1 activities
2025-10-28T09:35:20.580Z DEBUG 17400 --- [backofficeAPI] [http-nio-8080-exec-10] o.s.security.web.FilterChainProxy        : Securing GET /editor/noticias
2025-10-28T09:35:20.614Z DEBUG 17400 --- [backofficeAPI] [http-nio-8080-exec-10] o.s.security.web.FilterChainProxy        : Secured GET /editor/noticias
2025-10-28T09:35:20.670Z  WARN 17400 --- [backofficeAPI] [http-nio-8080-exec-10] actStandardFragmentInsertionTagProcessor : [THYMELEAF][http-nio-8080-exec-10][news] Deprecated unwrapped fragment expression "fragments/header :: header" found in template news, line 18, col 8. Please use the complete syntax of fragment expressions instead ("~{fragments/header :: header}"). The old, unwrapped syntax for fragment expressions will be removed in future versions of Thymeleaf.
2025-10-28T09:35:20.963Z DEBUG 17400 --- [backofficeAPI] [http-nio-8080-exec-4] o.s.security.web.FilterChainProxy        : Securing GET /styles/layout/header.css
2025-10-28T09:35:20.964Z DEBUG 17400 --- [backofficeAPI] [http-nio-8080-exec-7] o.s.security.web.FilterChainProxy        : Securing GET /styles/layout/footer.css
2025-10-28T09:35:20.965Z DEBUG 17400 --- [backofficeAPI] [http-nio-8080-exec-9] o.s.security.web.FilterChainProxy        : Securing GET /styles/base.css
2025-10-28T09:35:20.966Z DEBUG 17400 --- [backofficeAPI] [http-nio-8080-exec-6] o.s.security.web.FilterChainProxy        : Securing GET /styles/login.css
2025-10-28T09:35:20.974Z DEBUG 17400 --- [backofficeAPI] [http-nio-8080-exec-3] o.s.security.web.FilterChainProxy        : Securing GET /styles/news.css
2025-10-28T09:35:20.996Z DEBUG 17400 --- [backofficeAPI] [http-nio-8080-exec-4] o.s.s.w.a.AnonymousAuthenticationFilter  : Set SecurityContextHolder to anonymous SecurityContext
2025-10-28T09:35:21.016Z DEBUG 17400 --- [backofficeAPI] [http-nio-8080-exec-6] o.s.s.w.a.AnonymousAuthenticationFilter  : Set SecurityContextHolder to anonymous SecurityContext
2025-10-28T09:35:21.006Z DEBUG 17400 --- [backofficeAPI] [http-nio-8080-exec-7] o.s.s.w.a.AnonymousAuthenticationFilter  : Set SecurityContextHolder to anonymous SecurityContext
2025-10-28T09:35:21.010Z DEBUG 17400 --- [backofficeAPI] [http-nio-8080-exec-9] o.s.s.w.a.AnonymousAuthenticationFilter  : Set SecurityContextHolder to anonymous SecurityContext
2025-10-28T09:35:21.017Z DEBUG 17400 --- [backofficeAPI] [http-nio-8080-exec-6] o.s.security.web.FilterChainProxy        : Secured GET /styles/login.css
2025-10-28T09:35:21.017Z DEBUG 17400 --- [backofficeAPI] [http-nio-8080-exec-4] o.s.security.web.FilterChainProxy        : Secured GET /styles/layout/header.css
2025-10-28T09:35:21.017Z DEBUG 17400 --- [backofficeAPI] [http-nio-8080-exec-7] o.s.security.web.FilterChainProxy        : Secured GET /styles/layout/footer.css
2025-10-28T09:35:21.017Z DEBUG 17400 --- [backofficeAPI] [http-nio-8080-exec-5] o.s.security.web.FilterChainProxy        : Securing GET /scripts/script.js
2025-10-28T09:35:21.017Z DEBUG 17400 --- [backofficeAPI] [http-nio-8080-exec-9] o.s.security.web.FilterChainProxy        : Secured GET /styles/base.css
2025-10-28T09:35:21.037Z DEBUG 17400 --- [backofficeAPI] [http-nio-8080-exec-3] o.s.s.w.a.AnonymousAuthenticationFilter  : Set SecurityContextHolder to anonymous SecurityContext
2025-10-28T09:35:21.086Z DEBUG 17400 --- [backofficeAPI] [http-nio-8080-exec-3] o.s.security.web.FilterChainProxy        : Secured GET /styles/news.css
2025-10-28T09:35:21.121Z DEBUG 17400 --- [backofficeAPI] [http-nio-8080-exec-5] o.s.s.w.a.AnonymousAuthenticationFilter  : Set SecurityContextHolder to anonymous SecurityContext
2025-10-28T09:35:21.138Z DEBUG 17400 --- [backofficeAPI] [http-nio-8080-exec-5] o.s.security.web.FilterChainProxy        : Secured GET /scripts/script.js
2025-10-28T09:35:21.258Z DEBUG 17400 --- [backofficeAPI] [http-nio-8080-exec-8] o.s.security.web.FilterChainProxy        : Securing GET /scripts/pages/news.js
2025-10-28T09:35:21.263Z DEBUG 17400 --- [backofficeAPI] [http-nio-8080-exec-8] o.s.s.w.a.AnonymousAuthenticationFilter  : Set SecurityContextHolder to anonymous SecurityContext
2025-10-28T09:35:21.265Z DEBUG 17400 --- [backofficeAPI] [http-nio-8080-exec-8] o.s.security.web.FilterChainProxy        : Secured GET /scripts/pages/news.js
2025-10-28T09:35:21.310Z DEBUG 17400 --- [backofficeAPI] [http-nio-8080-exec-2] o.s.security.web.FilterChainProxy        : Securing GET /assets/logo.png
2025-10-28T09:35:21.317Z DEBUG 17400 --- [backofficeAPI] [http-nio-8080-exec-2] o.s.s.w.a.AnonymousAuthenticationFilter  : Set SecurityContextHolder to anonymous SecurityContext
2025-10-28T09:35:21.317Z DEBUG 17400 --- [backofficeAPI] [http-nio-8080-exec-2] o.s.security.web.FilterChainProxy        : Secured GET /assets/logo.png
2025-10-28T09:35:21.344Z DEBUG 17400 --- [backofficeAPI] [http-nio-8080-exec-10] o.s.security.web.FilterChainProxy        : Securing GET /assets/background.png
2025-10-28T09:35:21.344Z DEBUG 17400 --- [backofficeAPI] [http-nio-8080-exec-1] o.s.security.web.FilterChainProxy        : Securing GET /assets/navmenu.png
2025-10-28T09:35:21.367Z DEBUG 17400 --- [backofficeAPI] [http-nio-8080-exec-10] o.s.s.w.a.AnonymousAuthenticationFilter  : Set SecurityContextHolder to anonymous SecurityContext
2025-10-28T09:35:21.368Z DEBUG 17400 --- [backofficeAPI] [http-nio-8080-exec-1] o.s.s.w.a.AnonymousAuthenticationFilter  : Set SecurityContextHolder to anonymous SecurityContext
2025-10-28T09:35:21.369Z DEBUG 17400 --- [backofficeAPI] [http-nio-8080-exec-10] o.s.security.web.FilterChainProxy        : Secured GET /assets/background.png
2025-10-28T09:35:21.369Z DEBUG 17400 --- [backofficeAPI] [http-nio-8080-exec-1] o.s.security.web.FilterChainProxy        : Secured GET /assets/navmenu.png
2025-10-28T09:35:21.483Z DEBUG 17400 --- [backofficeAPI] [http-nio-8080-exec-6] o.s.security.web.FilterChainProxy        : Securing GET /scripts/api/newsService.js
2025-10-28T09:35:21.489Z DEBUG 17400 --- [backofficeAPI] [http-nio-8080-exec-6] o.s.s.w.a.AnonymousAuthenticationFilter  : Set SecurityContextHolder to anonymous SecurityContext
2025-10-28T09:35:21.489Z DEBUG 17400 --- [backofficeAPI] [http-nio-8080-exec-6] o.s.security.web.FilterChainProxy        : Secured GET /scripts/api/newsService.js
2025-10-28T09:35:21.527Z DEBUG 17400 --- [backofficeAPI] [http-nio-8080-exec-4] o.s.security.web.FilterChainProxy        : Securing GET /api/news
2025-10-28T09:35:21.530Z DEBUG 17400 --- [backofficeAPI] [http-nio-8080-exec-4] o.s.security.web.FilterChainProxy        : Secured GET /api/news
2025-10-28T09:35:21.531Z DEBUG 17400 --- [backofficeAPI] [http-nio-8080-exec-4] o.d.b.controller.NewsController          : GET request to retrieve all news
2025-10-28T09:35:21.531Z DEBUG 17400 --- [backofficeAPI] [http-nio-8080-exec-4] o.d.backofficeAPI.service.NewsService    : Retrieving all news
2025-10-28T09:35:21.542Z DEBUG 17400 --- [backofficeAPI] [http-nio-8080-exec-4] o.d.backofficeAPI.service.NewsService    : Retrieved 3 news articles
2025-10-28T09:35:21.549Z DEBUG 17400 --- [backofficeAPI] [http-nio-8080-exec-7] o.s.security.web.FilterChainProxy        : Securing GET /favicon.ico
2025-10-28T09:35:21.550Z DEBUG 17400 --- [backofficeAPI] [http-nio-8080-exec-7] o.s.s.w.a.AnonymousAuthenticationFilter  : Set SecurityContextHolder to anonymous SecurityContext
2025-10-28T09:35:21.550Z DEBUG 17400 --- [backofficeAPI] [http-nio-8080-exec-7] o.s.security.web.FilterChainProxy        : Secured GET /favicon.ico
2025-10-28T09:35:21.556Z ERROR 17400 --- [backofficeAPI] [http-nio-8080-exec-7] o.d.b.exception.GlobalExceptionHandler   : Unexpected error occurred

org.springframework.web.servlet.resource.NoResourceFoundException: No static resource favicon.ico.
	at org.springframework.web.servlet.resource.ResourceHttpRequestHandler.handleRequest(ResourceHttpRequestHandler.java:585) ~[spring-webmvc-6.2.11.jar:6.2.11]
	at org.springframework.web.servlet.mvc.HttpRequestHandlerAdapter.handle(HttpRequestHandlerAdapter.java:52) ~[spring-webmvc-6.2.11.jar:6.2.11]
	at org.springframework.web.servlet.DispatcherServlet.doDispatch(DispatcherServlet.java:1089) ~[spring-webmvc-6.2.11.jar:6.2.11]
	at org.springframework.web.servlet.DispatcherServlet.doService(DispatcherServlet.java:979) ~[spring-webmvc-6.2.11.jar:6.2.11]
	at org.springframework.web.servlet.FrameworkServlet.processRequest(FrameworkServlet.java:1014) ~[spring-webmvc-6.2.11.jar:6.2.11]
	at org.springframework.web.servlet.FrameworkServlet.doGet(FrameworkServlet.java:903) ~[spring-webmvc-6.2.11.jar:6.2.11]
	at jakarta.servlet.http.HttpServlet.service(HttpServlet.java:564) ~[tomcat-embed-core-10.1.46.jar:6.0]
	at org.springframework.web.servlet.FrameworkServlet.service(FrameworkServlet.java:885) ~[spring-webmvc-6.2.11.jar:6.2.11]
	at jakarta.servlet.http.HttpServlet.service(HttpServlet.java:658) ~[tomcat-embed-core-10.1.46.jar:6.0]
	at org.apache.catalina.core.ApplicationFilterChain.internalDoFilter(ApplicationFilterChain.java:195) ~[tomcat-embed-core-10.1.46.jar:10.1.46]
	at org.apache.catalina.core.ApplicationFilterChain.doFilter(ApplicationFilterChain.java:140) ~[tomcat-embed-core-10.1.46.jar:10.1.46]
	at org.apache.tomcat.websocket.server.WsFilter.doFilter(WsFilter.java:51) ~[tomcat-embed-websocket-10.1.46.jar:10.1.46]
	at org.apache.catalina.core.ApplicationFilterChain.internalDoFilter(ApplicationFilterChain.java:164) ~[tomcat-embed-core-10.1.46.jar:10.1.46]
	at org.apache.catalina.core.ApplicationFilterChain.doFilter(ApplicationFilterChain.java:140) ~[tomcat-embed-core-10.1.46.jar:10.1.46]
	at org.springframework.web.filter.OncePerRequestFilter.doFilter(OncePerRequestFilter.java:110) ~[spring-web-6.2.11.jar:6.2.11]
	at org.apache.catalina.core.ApplicationFilterChain.internalDoFilter(ApplicationFilterChain.java:164) ~[tomcat-embed-core-10.1.46.jar:10.1.46]
	at org.apache.catalina.core.ApplicationFilterChain.doFilter(ApplicationFilterChain.java:140) ~[tomcat-embed-core-10.1.46.jar:10.1.46]
	at org.springframework.web.filter.CompositeFilter$VirtualFilterChain.doFilter(CompositeFilter.java:108) ~[spring-web-6.2.11.jar:6.2.11]
	at org.springframework.web.filter.CompositeFilter$VirtualFilterChain.doFilter(CompositeFilter.java:108) ~[spring-web-6.2.11.jar:6.2.11]
	at org.springframework.security.web.FilterChainProxy.lambda$doFilterInternal$3(FilterChainProxy.java:231) ~[spring-security-web-6.5.5.jar:6.5.5]
	at org.springframework.security.web.FilterChainProxy$VirtualFilterChain.doFilter(FilterChainProxy.java:365) ~[spring-security-web-6.5.5.jar:6.5.5]
	at org.springframework.security.web.access.intercept.AuthorizationFilter.doFilter(AuthorizationFilter.java:101) ~[spring-security-web-6.5.5.jar:6.5.5]
	at org.springframework.security.web.FilterChainProxy$VirtualFilterChain.doFilter(FilterChainProxy.java:374) ~[spring-security-web-6.5.5.jar:6.5.5]
	at org.springframework.security.web.access.ExceptionTranslationFilter.doFilter(ExceptionTranslationFilter.java:125) ~[spring-security-web-6.5.5.jar:6.5.5]
	at org.springframework.security.web.access.ExceptionTranslationFilter.doFilter(ExceptionTranslationFilter.java:119) ~[spring-security-web-6.5.5.jar:6.5.5]
	at org.springframework.security.web.FilterChainProxy$VirtualFilterChain.doFilter(FilterChainProxy.java:374) ~[spring-security-web-6.5.5.jar:6.5.5]
	at org.springframework.security.web.session.SessionManagementFilter.doFilter(SessionManagementFilter.java:131) ~[spring-security-web-6.5.5.jar:6.5.5]
	at org.springframework.security.web.session.SessionManagementFilter.doFilter(SessionManagementFilter.java:85) ~[spring-security-web-6.5.5.jar:6.5.5]
	at org.springframework.security.web.FilterChainProxy$VirtualFilterChain.doFilter(FilterChainProxy.java:374) ~[spring-security-web-6.5.5.jar:6.5.5]
	at org.springframework.security.web.authentication.AnonymousAuthenticationFilter.doFilter(AnonymousAuthenticationFilter.java:100) ~[spring-security-web-6.5.5.jar:6.5.5]
	at org.springframework.security.web.FilterChainProxy$VirtualFilterChain.doFilter(FilterChainProxy.java:374) ~[spring-security-web-6.5.5.jar:6.5.5]
	at org.springframework.security.web.servletapi.SecurityContextHolderAwareRequestFilter.doFilter(SecurityContextHolderAwareRequestFilter.java:179) ~[spring-security-web-6.5.5.jar:6.5.5]
	at org.springframework.security.web.FilterChainProxy$VirtualFilterChain.doFilter(FilterChainProxy.java:374) ~[spring-security-web-6.5.5.jar:6.5.5]
	at org.springframework.security.web.savedrequest.RequestCacheAwareFilter.doFilter(RequestCacheAwareFilter.java:63) ~[spring-security-web-6.5.5.jar:6.5.5]
	at org.springframework.security.web.FilterChainProxy$VirtualFilterChain.doFilter(FilterChainProxy.java:374) ~[spring-security-web-6.5.5.jar:6.5.5]
	at org.dubini.backofficeAPI.security.JwtFilter.doFilterInternal(JwtFilter.java:56) ~[classes/:na]
	at org.springframework.web.filter.OncePerRequestFilter.doFilter(OncePerRequestFilter.java:116) ~[spring-web-6.2.11.jar:6.2.11]
	at org.springframework.security.web.FilterChainProxy$VirtualFilterChain.doFilter(FilterChainProxy.java:374) ~[spring-security-web-6.5.5.jar:6.5.5]
	at org.springframework.security.web.authentication.logout.LogoutFilter.doFilter(LogoutFilter.java:107) ~[spring-security-web-6.5.5.jar:6.5.5]
	at org.springframework.security.web.authentication.logout.LogoutFilter.doFilter(LogoutFilter.java:93) ~[spring-security-web-6.5.5.jar:6.5.5]
	at org.springframework.security.web.FilterChainProxy$VirtualFilterChain.doFilter(FilterChainProxy.java:374) ~[spring-security-web-6.5.5.jar:6.5.5]
	at org.springframework.security.web.header.HeaderWriterFilter.doHeadersAfter(HeaderWriterFilter.java:90) ~[spring-security-web-6.5.5.jar:6.5.5]
	at org.springframework.security.web.header.HeaderWriterFilter.doFilterInternal(HeaderWriterFilter.java:75) ~[spring-security-web-6.5.5.jar:6.5.5]
	at org.springframework.web.filter.OncePerRequestFilter.doFilter(OncePerRequestFilter.java:116) ~[spring-web-6.2.11.jar:6.2.11]
	at org.springframework.security.web.FilterChainProxy$VirtualFilterChain.doFilter(FilterChainProxy.java:374) ~[spring-security-web-6.5.5.jar:6.5.5]
	at org.springframework.security.web.context.SecurityContextHolderFilter.doFilter(SecurityContextHolderFilter.java:82) ~[spring-security-web-6.5.5.jar:6.5.5]
	at org.springframework.security.web.context.SecurityContextHolderFilter.doFilter(SecurityContextHolderFilter.java:69) ~[spring-security-web-6.5.5.jar:6.5.5]
	at org.springframework.security.web.FilterChainProxy$VirtualFilterChain.doFilter(FilterChainProxy.java:374) ~[spring-security-web-6.5.5.jar:6.5.5]
	at org.springframework.security.web.context.request.async.WebAsyncManagerIntegrationFilter.doFilterInternal(WebAsyncManagerIntegrationFilter.java:62) ~[spring-security-web-6.5.5.jar:6.5.5]
	at org.springframework.web.filter.OncePerRequestFilter.doFilter(OncePerRequestFilter.java:116) ~[spring-web-6.2.11.jar:6.2.11]
	at org.springframework.security.web.FilterChainProxy$VirtualFilterChain.doFilter(FilterChainProxy.java:374) ~[spring-security-web-6.5.5.jar:6.5.5]
	at org.springframework.security.web.session.DisableEncodeUrlFilter.doFilterInternal(DisableEncodeUrlFilter.java:42) ~[spring-security-web-6.5.5.jar:6.5.5]
	at org.springframework.web.filter.OncePerRequestFilter.doFilter(OncePerRequestFilter.java:116) ~[spring-web-6.2.11.jar:6.2.11]
	at org.springframework.security.web.FilterChainProxy$VirtualFilterChain.doFilter(FilterChainProxy.java:374) ~[spring-security-web-6.5.5.jar:6.5.5]
	at org.springframework.security.web.FilterChainProxy.doFilterInternal(FilterChainProxy.java:233) ~[spring-security-web-6.5.5.jar:6.5.5]
	at org.springframework.security.web.FilterChainProxy.doFilter(FilterChainProxy.java:191) ~[spring-security-web-6.5.5.jar:6.5.5]
	at org.springframework.web.filter.CompositeFilter$VirtualFilterChain.doFilter(CompositeFilter.java:113) ~[spring-web-6.2.11.jar:6.2.11]
	at org.springframework.web.filter.ServletRequestPathFilter.doFilter(ServletRequestPathFilter.java:52) ~[spring-web-6.2.11.jar:6.2.11]
	at org.springframework.web.filter.CompositeFilter$VirtualFilterChain.doFilter(CompositeFilter.java:113) ~[spring-web-6.2.11.jar:6.2.11]
	at org.springframework.web.filter.CompositeFilter.doFilter(CompositeFilter.java:74) ~[spring-web-6.2.11.jar:6.2.11]
	at org.springframework.security.config.annotation.web.configuration.WebSecurityConfiguration$CompositeFilterChainProxy.doFilter(WebSecurityConfiguration.java:319) ~[spring-security-config-6.5.5.jar:6.5.5]
	at org.springframework.web.filter.CompositeFilter$VirtualFilterChain.doFilter(CompositeFilter.java:113) ~[spring-web-6.2.11.jar:6.2.11]
	at org.springframework.web.servlet.handler.HandlerMappingIntrospector.lambda$createCacheFilter$4(HandlerMappingIntrospector.java:267) ~[spring-webmvc-6.2.11.jar:6.2.11]
	at org.springframework.web.filter.CompositeFilter$VirtualFilterChain.doFilter(CompositeFilter.java:113) ~[spring-web-6.2.11.jar:6.2.11]
	at org.springframework.web.filter.CompositeFilter.doFilter(CompositeFilter.java:74) ~[spring-web-6.2.11.jar:6.2.11]
	at org.springframework.security.config.annotation.web.configuration.WebMvcSecurityConfiguration$CompositeFilterChainProxy.doFilter(WebMvcSecurityConfiguration.java:240) ~[spring-security-config-6.5.5.jar:6.5.5]
	at org.springframework.web.filter.DelegatingFilterProxy.invokeDelegate(DelegatingFilterProxy.java:362) ~[spring-web-6.2.11.jar:6.2.11]
	at org.springframework.web.filter.DelegatingFilterProxy.doFilter(DelegatingFilterProxy.java:278) ~[spring-web-6.2.11.jar:6.2.11]
	at org.apache.catalina.core.ApplicationFilterChain.internalDoFilter(ApplicationFilterChain.java:164) ~[tomcat-embed-core-10.1.46.jar:10.1.46]
	at org.apache.catalina.core.ApplicationFilterChain.doFilter(ApplicationFilterChain.java:140) ~[tomcat-embed-core-10.1.46.jar:10.1.46]
	at org.springframework.web.filter.RequestContextFilter.doFilterInternal(RequestContextFilter.java:100) ~[spring-web-6.2.11.jar:6.2.11]
	at org.springframework.web.filter.OncePerRequestFilter.doFilter(OncePerRequestFilter.java:116) ~[spring-web-6.2.11.jar:6.2.11]
	at org.apache.catalina.core.ApplicationFilterChain.internalDoFilter(ApplicationFilterChain.java:164) ~[tomcat-embed-core-10.1.46.jar:10.1.46]
	at org.apache.catalina.core.ApplicationFilterChain.doFilter(ApplicationFilterChain.java:140) ~[tomcat-embed-core-10.1.46.jar:10.1.46]
	at org.springframework.web.filter.FormContentFilter.doFilterInternal(FormContentFilter.java:93) ~[spring-web-6.2.11.jar:6.2.11]
	at org.springframework.web.filter.OncePerRequestFilter.doFilter(OncePerRequestFilter.java:116) ~[spring-web-6.2.11.jar:6.2.11]
	at org.apache.catalina.core.ApplicationFilterChain.internalDoFilter(ApplicationFilterChain.java:164) ~[tomcat-embed-core-10.1.46.jar:10.1.46]
	at org.apache.catalina.core.ApplicationFilterChain.doFilter(ApplicationFilterChain.java:140) ~[tomcat-embed-core-10.1.46.jar:10.1.46]
	at org.springframework.web.filter.CharacterEncodingFilter.doFilterInternal(CharacterEncodingFilter.java:201) ~[spring-web-6.2.11.jar:6.2.11]
	at org.springframework.web.filter.OncePerRequestFilter.doFilter(OncePerRequestFilter.java:116) ~[spring-web-6.2.11.jar:6.2.11]
	at org.apache.catalina.core.ApplicationFilterChain.internalDoFilter(ApplicationFilterChain.java:164) ~[tomcat-embed-core-10.1.46.jar:10.1.46]
	at org.apache.catalina.core.ApplicationFilterChain.doFilter(ApplicationFilterChain.java:140) ~[tomcat-embed-core-10.1.46.jar:10.1.46]
	at org.apache.catalina.core.StandardWrapperValve.invoke(StandardWrapperValve.java:167) ~[tomcat-embed-core-10.1.46.jar:10.1.46]
	at org.apache.catalina.core.StandardContextValve.invoke(StandardContextValve.java:90) ~[tomcat-embed-core-10.1.46.jar:10.1.46]
	at org.apache.catalina.authenticator.AuthenticatorBase.invoke(AuthenticatorBase.java:483) ~[tomcat-embed-core-10.1.46.jar:10.1.46]
	at org.apache.catalina.core.StandardHostValve.invoke(StandardHostValve.java:116) ~[tomcat-embed-core-10.1.46.jar:10.1.46]
	at org.apache.catalina.valves.ErrorReportValve.invoke(ErrorReportValve.java:93) ~[tomcat-embed-core-10.1.46.jar:10.1.46]
	at org.apache.catalina.core.StandardEngineValve.invoke(StandardEngineValve.java:74) ~[tomcat-embed-core-10.1.46.jar:10.1.46]
	at org.apache.catalina.connector.CoyoteAdapter.service(CoyoteAdapter.java:344) ~[tomcat-embed-core-10.1.46.jar:10.1.46]
	at org.apache.coyote.http11.Http11Processor.service(Http11Processor.java:398) ~[tomcat-embed-core-10.1.46.jar:10.1.46]
	at org.apache.coyote.AbstractProcessorLight.process(AbstractProcessorLight.java:63) ~[tomcat-embed-core-10.1.46.jar:10.1.46]
	at org.apache.coyote.AbstractProtocol$ConnectionHandler.process(AbstractProtocol.java:903) ~[tomcat-embed-core-10.1.46.jar:10.1.46]
	at org.apache.tomcat.util.net.NioEndpoint$SocketProcessor.doRun(NioEndpoint.java:1776) ~[tomcat-embed-core-10.1.46.jar:10.1.46]
	at org.apache.tomcat.util.net.SocketProcessorBase.run(SocketProcessorBase.java:52) ~[tomcat-embed-core-10.1.46.jar:10.1.46]
	at org.apache.tomcat.util.threads.ThreadPoolExecutor.runWorker(ThreadPoolExecutor.java:975) ~[tomcat-embed-core-10.1.46.jar:10.1.46]
	at org.apache.tomcat.util.threads.ThreadPoolExecutor$Worker.run(ThreadPoolExecutor.java:493) ~[tomcat-embed-core-10.1.46.jar:10.1.46]
	at org.apache.tomcat.util.threads.TaskThread$WrappingRunnable.run(TaskThread.java:63) ~[tomcat-embed-core-10.1.46.jar:10.1.46]
	at java.base/java.lang.Thread.run(Thread.java:842) ~[na:na]

2025-10-28T09:35:21.562Z  WARN 17400 --- [backofficeAPI] [http-nio-8080-exec-7] .m.m.a.ExceptionHandlerExceptionResolver : Resolved [org.springframework.web.servlet.resource.NoResourceFoundException: No static resource favicon.ico.]
2025-10-28T09:35:25.037Z DEBUG 17400 --- [backofficeAPI] [http-nio-8080-exec-9] o.s.security.web.FilterChainProxy        : Securing POST /api/news
2025-10-28T09:35:25.053Z DEBUG 17400 --- [backofficeAPI] [http-nio-8080-exec-9] o.s.security.web.FilterChainProxy        : Secured POST /api/news
2025-10-28T09:35:25.059Z DEBUG 17400 --- [backofficeAPI] [http-nio-8080-exec-9] o.d.b.controller.NewsController          : POST request to create new news article
2025-10-28T09:35:25.060Z DEBUG 17400 --- [backofficeAPI] [http-nio-8080-exec-9] o.d.backofficeAPI.service.NewsService    : Saving new news: adasd
2025-10-28T09:35:25.072Z  INFO 17400 --- [backofficeAPI] [http-nio-8080-exec-9] o.d.backofficeAPI.service.NewsService    : News saved successfully: adasd
2025-10-28T09:35:25.113Z DEBUG 17400 --- [backofficeAPI] [http-nio-8080-exec-3] o.s.security.web.FilterChainProxy        : Securing GET /api/news
2025-10-28T09:35:25.122Z  INFO 17400 --- [backofficeAPI] [reactor-http-nio-4] o.d.backofficeAPI.service.NewsService    : News cache invalidated after save
2025-10-28T09:35:25.130Z DEBUG 17400 --- [backofficeAPI] [http-nio-8080-exec-3] o.s.security.web.FilterChainProxy        : Secured GET /api/news
2025-10-28T09:35:25.133Z DEBUG 17400 --- [backofficeAPI] [http-nio-8080-exec-3] o.d.b.controller.NewsController          : GET request to retrieve all news
2025-10-28T09:35:25.133Z DEBUG 17400 --- [backofficeAPI] [http-nio-8080-exec-3] o.d.backofficeAPI.service.NewsService    : Retrieving all news
2025-10-28T09:35:25.150Z DEBUG 17400 --- [backofficeAPI] [http-nio-8080-exec-5] o.s.security.web.FilterChainProxy        : Securing GET /api/news
2025-10-28T09:35:25.169Z DEBUG 17400 --- [backofficeAPI] [http-nio-8080-exec-3] o.d.backofficeAPI.service.NewsService    : Retrieved 3 news articles
2025-10-28T09:35:25.176Z DEBUG 17400 --- [backofficeAPI] [http-nio-8080-exec-5] o.s.security.web.FilterChainProxy        : Secured GET /api/news
2025-10-28T09:35:25.183Z DEBUG 17400 --- [backofficeAPI] [http-nio-8080-exec-5] o.d.b.controller.NewsController          : GET request to retrieve all news
2025-10-28T09:35:25.185Z DEBUG 17400 --- [backofficeAPI] [http-nio-8080-exec-5] o.d.backofficeAPI.service.NewsService    : Retrieving all news
2025-10-28T09:35:25.196Z DEBUG 17400 --- [backofficeAPI] [http-nio-8080-exec-5] o.d.backofficeAPI.service.NewsService    : Retrieved 3 news articles
2025-10-28T09:35:37.096Z DEBUG 17400 --- [backofficeAPI] [http-nio-8080-exec-2] o.s.security.web.FilterChainProxy        : Securing GET /api/news
2025-10-28T09:35:37.115Z DEBUG 17400 --- [backofficeAPI] [http-nio-8080-exec-2] o.s.security.web.FilterChainProxy        : Secured GET /api/news
2025-10-28T09:35:37.115Z DEBUG 17400 --- [backofficeAPI] [http-nio-8080-exec-2] o.d.b.controller.NewsController          : GET request to retrieve all news
2025-10-28T09:35:37.116Z DEBUG 17400 --- [backofficeAPI] [http-nio-8080-exec-2] o.d.backofficeAPI.service.NewsService    : Retrieving all news
2025-10-28T09:35:37.124Z DEBUG 17400 --- [backofficeAPI] [http-nio-8080-exec-2] o.d.backofficeAPI.service.NewsService    : Retrieved 3 news articles
2025-10-28T09:36:03.135Z  INFO 17400 --- [backofficeAPI] [SpringApplicationShutdownHook] o.s.b.w.e.tomcat.GracefulShutdown        : Commencing graceful shutdown. Waiting for active requests to complete
2025-10-28T09:36:03.344Z  INFO 17400 --- [backofficeAPI] [tomcat-shutdown] o.s.b.w.e.tomcat.GracefulShutdown        : Graceful shutdown complete
2025-10-28T09:39:37.049Z  INFO 13508 --- [backofficeAPI] [restartedMain] o.d.b.BackofficeApiApplication           : Starting BackofficeApiApplication using Java 17.0.12 with PID 13508 (C:\Users\U_38010700\Desktop\dubini\AJPD-BackofficeAPI\target\classes started by u_38010700 in C:\Users\U_38010700\Desktop\dubini\AJPD-BackofficeAPI)
2025-10-28T09:39:37.052Z DEBUG 13508 --- [backofficeAPI] [restartedMain] o.d.b.BackofficeApiApplication           : Running with Spring Boot v3.5.6, Spring v6.2.11
2025-10-28T09:39:37.053Z  INFO 13508 --- [backofficeAPI] [restartedMain] o.d.b.BackofficeApiApplication           : No active profile set, falling back to 1 default profile: "default"
2025-10-28T09:39:37.103Z  INFO 13508 --- [backofficeAPI] [restartedMain] .e.DevToolsPropertyDefaultsPostProcessor : Devtools property defaults active! Set 'spring.devtools.add-properties' to 'false' to disable
2025-10-28T09:39:37.104Z  INFO 13508 --- [backofficeAPI] [restartedMain] .e.DevToolsPropertyDefaultsPostProcessor : For additional web related logging consider setting the 'logging.level.web' property to 'DEBUG'
2025-10-28T09:39:37.857Z  INFO 13508 --- [backofficeAPI] [restartedMain] .s.d.r.c.RepositoryConfigurationDelegate : Multiple Spring Data modules found, entering strict repository configuration mode
2025-10-28T09:39:37.862Z  INFO 13508 --- [backofficeAPI] [restartedMain] .s.d.r.c.RepositoryConfigurationDelegate : Bootstrapping Spring Data Redis repositories in DEFAULT mode.
2025-10-28T09:39:37.903Z  INFO 13508 --- [backofficeAPI] [restartedMain] .s.d.r.c.RepositoryConfigurationDelegate : Finished Spring Data repository scanning in 20 ms. Found 0 Redis repository interfaces.
2025-10-28T09:39:38.569Z  INFO 13508 --- [backofficeAPI] [restartedMain] o.s.b.w.embedded.tomcat.TomcatWebServer  : Tomcat initialized with port 8080 (http)
2025-10-28T09:39:38.590Z  INFO 13508 --- [backofficeAPI] [restartedMain] o.apache.catalina.core.StandardService   : Starting service [Tomcat]
2025-10-28T09:39:38.590Z  INFO 13508 --- [backofficeAPI] [restartedMain] o.apache.catalina.core.StandardEngine    : Starting Servlet engine: [Apache Tomcat/10.1.46]
2025-10-28T09:39:38.633Z  INFO 13508 --- [backofficeAPI] [restartedMain] o.a.c.c.C.[Tomcat].[localhost].[/]       : Initializing Spring embedded WebApplicationContext
2025-10-28T09:39:38.634Z  INFO 13508 --- [backofficeAPI] [restartedMain] w.s.c.ServletWebServerApplicationContext : Root WebApplicationContext: initialization completed in 1528 ms
2025-10-28T09:39:38.701Z DEBUG 13508 --- [backofficeAPI] [restartedMain] o.d.backofficeAPI.security.JwtFilter     : Filter 'jwtFilter' configured for use
2025-10-28T09:39:39.279Z  WARN 13508 --- [backofficeAPI] [restartedMain] .s.s.UserDetailsServiceAutoConfiguration : 

Using generated security password: 3ae48357-865c-45f3-8551-85ce67c306b4

This generated password is for development use only. Your security configuration must be updated before running your application in production.

2025-10-28T09:39:39.289Z  INFO 13508 --- [backofficeAPI] [restartedMain] r$InitializeUserDetailsManagerConfigurer : Global AuthenticationManager configured with UserDetailsService bean with name inMemoryUserDetailsManager
2025-10-28T09:39:39.370Z DEBUG 13508 --- [backofficeAPI] [restartedMain] o.s.s.web.DefaultSecurityFilterChain     : Will secure any request with filters: DisableEncodeUrlFilter, WebAsyncManagerIntegrationFilter, SecurityContextHolderFilter, HeaderWriterFilter, LogoutFilter, JwtFilter, RequestCacheAwareFilter, SecurityContextHolderAwareRequestFilter, AnonymousAuthenticationFilter, SessionManagementFilter, ExceptionTranslationFilter, AuthorizationFilter
2025-10-28T09:39:39.404Z  INFO 13508 --- [backofficeAPI] [restartedMain] o.s.v.b.OptionalValidatorFactoryBean     : Failed to set up a Bean Validation provider: jakarta.validation.NoProviderFoundException: Unable to create a Configuration, because no Jakarta Bean Validation provider could be found. Add a provider like Hibernate Validator (RI) to your classpath.
2025-10-28T09:39:39.748Z  WARN 13508 --- [backofficeAPI] [restartedMain] o.s.b.d.a.OptionalLiveReloadServer       : Unable to start LiveReload server
2025-10-28T09:39:39.766Z  INFO 13508 --- [backofficeAPI] [restartedMain] o.s.b.w.embedded.tomcat.TomcatWebServer  : Tomcat started on port 8080 (http) with context path '/'
2025-10-28T09:39:39.778Z  INFO 13508 --- [backofficeAPI] [restartedMain] o.d.b.BackofficeApiApplication           : Started BackofficeApiApplication in 3.437 seconds (process running for 4.664)
2025-10-28T09:39:45.598Z  INFO 13508 --- [backofficeAPI] [http-nio-8080-exec-1] o.a.c.c.C.[Tomcat].[localhost].[/]       : Initializing Spring DispatcherServlet 'dispatcherServlet'
2025-10-28T09:39:45.599Z  INFO 13508 --- [backofficeAPI] [http-nio-8080-exec-1] o.s.web.servlet.DispatcherServlet        : Initializing Servlet 'dispatcherServlet'
2025-10-28T09:39:45.603Z  INFO 13508 --- [backofficeAPI] [http-nio-8080-exec-1] o.s.web.servlet.DispatcherServlet        : Completed initialization in 4 ms
2025-10-28T09:39:45.628Z DEBUG 13508 --- [backofficeAPI] [http-nio-8080-exec-1] o.s.security.web.FilterChainProxy        : Securing GET /uploads/image/4a2e0e17-104c-4ba8-92d1-9a0853cff859.webp
2025-10-28T09:39:45.698Z DEBUG 13508 --- [backofficeAPI] [http-nio-8080-exec-3] o.s.security.web.FilterChainProxy        : Securing GET /favicon.ico
2025-10-28T09:39:45.706Z DEBUG 13508 --- [backofficeAPI] [http-nio-8080-exec-3] o.s.s.w.a.AnonymousAuthenticationFilter  : Set SecurityContextHolder to anonymous SecurityContext
2025-10-28T09:39:45.708Z DEBUG 13508 --- [backofficeAPI] [http-nio-8080-exec-3] o.s.security.web.FilterChainProxy        : Secured GET /favicon.ico
2025-10-28T09:39:45.721Z ERROR 13508 --- [backofficeAPI] [http-nio-8080-exec-3] o.d.b.exception.GlobalExceptionHandler   : Unexpected error occurred

org.springframework.web.servlet.resource.NoResourceFoundException: No static resource favicon.ico.
	at org.springframework.web.servlet.resource.ResourceHttpRequestHandler.handleRequest(ResourceHttpRequestHandler.java:585) ~[spring-webmvc-6.2.11.jar:6.2.11]
	at org.springframework.web.servlet.mvc.HttpRequestHandlerAdapter.handle(HttpRequestHandlerAdapter.java:52) ~[spring-webmvc-6.2.11.jar:6.2.11]
	at org.springframework.web.servlet.DispatcherServlet.doDispatch(DispatcherServlet.java:1089) ~[spring-webmvc-6.2.11.jar:6.2.11]
	at org.springframework.web.servlet.DispatcherServlet.doService(DispatcherServlet.java:979) ~[spring-webmvc-6.2.11.jar:6.2.11]
	at org.springframework.web.servlet.FrameworkServlet.processRequest(FrameworkServlet.java:1014) ~[spring-webmvc-6.2.11.jar:6.2.11]
	at org.springframework.web.servlet.FrameworkServlet.doGet(FrameworkServlet.java:903) ~[spring-webmvc-6.2.11.jar:6.2.11]
	at jakarta.servlet.http.HttpServlet.service(HttpServlet.java:564) ~[tomcat-embed-core-10.1.46.jar:6.0]
	at org.springframework.web.servlet.FrameworkServlet.service(FrameworkServlet.java:885) ~[spring-webmvc-6.2.11.jar:6.2.11]
	at jakarta.servlet.http.HttpServlet.service(HttpServlet.java:658) ~[tomcat-embed-core-10.1.46.jar:6.0]
	at org.apache.catalina.core.ApplicationFilterChain.internalDoFilter(ApplicationFilterChain.java:195) ~[tomcat-embed-core-10.1.46.jar:10.1.46]
	at org.apache.catalina.core.ApplicationFilterChain.doFilter(ApplicationFilterChain.java:140) ~[tomcat-embed-core-10.1.46.jar:10.1.46]
	at org.apache.tomcat.websocket.server.WsFilter.doFilter(WsFilter.java:51) ~[tomcat-embed-websocket-10.1.46.jar:10.1.46]
	at org.apache.catalina.core.ApplicationFilterChain.internalDoFilter(ApplicationFilterChain.java:164) ~[tomcat-embed-core-10.1.46.jar:10.1.46]
	at org.apache.catalina.core.ApplicationFilterChain.doFilter(ApplicationFilterChain.java:140) ~[tomcat-embed-core-10.1.46.jar:10.1.46]
	at org.springframework.web.filter.OncePerRequestFilter.doFilter(OncePerRequestFilter.java:110) ~[spring-web-6.2.11.jar:6.2.11]
	at org.apache.catalina.core.ApplicationFilterChain.internalDoFilter(ApplicationFilterChain.java:164) ~[tomcat-embed-core-10.1.46.jar:10.1.46]
	at org.apache.catalina.core.ApplicationFilterChain.doFilter(ApplicationFilterChain.java:140) ~[tomcat-embed-core-10.1.46.jar:10.1.46]
	at org.springframework.web.filter.CompositeFilter$VirtualFilterChain.doFilter(CompositeFilter.java:108) ~[spring-web-6.2.11.jar:6.2.11]
	at org.springframework.web.filter.CompositeFilter$VirtualFilterChain.doFilter(CompositeFilter.java:108) ~[spring-web-6.2.11.jar:6.2.11]
	at org.springframework.security.web.FilterChainProxy.lambda$doFilterInternal$3(FilterChainProxy.java:231) ~[spring-security-web-6.5.5.jar:6.5.5]
	at org.springframework.security.web.FilterChainProxy$VirtualFilterChain.doFilter(FilterChainProxy.java:365) ~[spring-security-web-6.5.5.jar:6.5.5]
	at org.springframework.security.web.access.intercept.AuthorizationFilter.doFilter(AuthorizationFilter.java:101) ~[spring-security-web-6.5.5.jar:6.5.5]
	at org.springframework.security.web.FilterChainProxy$VirtualFilterChain.doFilter(FilterChainProxy.java:374) ~[spring-security-web-6.5.5.jar:6.5.5]
	at org.springframework.security.web.access.ExceptionTranslationFilter.doFilter(ExceptionTranslationFilter.java:125) ~[spring-security-web-6.5.5.jar:6.5.5]
	at org.springframework.security.web.access.ExceptionTranslationFilter.doFilter(ExceptionTranslationFilter.java:119) ~[spring-security-web-6.5.5.jar:6.5.5]
	at org.springframework.security.web.FilterChainProxy$VirtualFilterChain.doFilter(FilterChainProxy.java:374) ~[spring-security-web-6.5.5.jar:6.5.5]
	at org.springframework.security.web.session.SessionManagementFilter.doFilter(SessionManagementFilter.java:131) ~[spring-security-web-6.5.5.jar:6.5.5]
	at org.springframework.security.web.session.SessionManagementFilter.doFilter(SessionManagementFilter.java:85) ~[spring-security-web-6.5.5.jar:6.5.5]
	at org.springframework.security.web.FilterChainProxy$VirtualFilterChain.doFilter(FilterChainProxy.java:374) ~[spring-security-web-6.5.5.jar:6.5.5]
	at org.springframework.security.web.authentication.AnonymousAuthenticationFilter.doFilter(AnonymousAuthenticationFilter.java:100) ~[spring-security-web-6.5.5.jar:6.5.5]
	at org.springframework.security.web.FilterChainProxy$VirtualFilterChain.doFilter(FilterChainProxy.java:374) ~[spring-security-web-6.5.5.jar:6.5.5]
	at org.springframework.security.web.servletapi.SecurityContextHolderAwareRequestFilter.doFilter(SecurityContextHolderAwareRequestFilter.java:179) ~[spring-security-web-6.5.5.jar:6.5.5]
	at org.springframework.security.web.FilterChainProxy$VirtualFilterChain.doFilter(FilterChainProxy.java:374) ~[spring-security-web-6.5.5.jar:6.5.5]
	at org.springframework.security.web.savedrequest.RequestCacheAwareFilter.doFilter(RequestCacheAwareFilter.java:63) ~[spring-security-web-6.5.5.jar:6.5.5]
	at org.springframework.security.web.FilterChainProxy$VirtualFilterChain.doFilter(FilterChainProxy.java:374) ~[spring-security-web-6.5.5.jar:6.5.5]
	at org.dubini.backofficeAPI.security.JwtFilter.doFilterInternal(JwtFilter.java:56) ~[classes/:na]
	at org.springframework.web.filter.OncePerRequestFilter.doFilter(OncePerRequestFilter.java:116) ~[spring-web-6.2.11.jar:6.2.11]
	at org.springframework.security.web.FilterChainProxy$VirtualFilterChain.doFilter(FilterChainProxy.java:374) ~[spring-security-web-6.5.5.jar:6.5.5]
	at org.springframework.security.web.authentication.logout.LogoutFilter.doFilter(LogoutFilter.java:107) ~[spring-security-web-6.5.5.jar:6.5.5]
	at org.springframework.security.web.authentication.logout.LogoutFilter.doFilter(LogoutFilter.java:93) ~[spring-security-web-6.5.5.jar:6.5.5]
	at org.springframework.security.web.FilterChainProxy$VirtualFilterChain.doFilter(FilterChainProxy.java:374) ~[spring-security-web-6.5.5.jar:6.5.5]
	at org.springframework.security.web.header.HeaderWriterFilter.doHeadersAfter(HeaderWriterFilter.java:90) ~[spring-security-web-6.5.5.jar:6.5.5]
	at org.springframework.security.web.header.HeaderWriterFilter.doFilterInternal(HeaderWriterFilter.java:75) ~[spring-security-web-6.5.5.jar:6.5.5]
	at org.springframework.web.filter.OncePerRequestFilter.doFilter(OncePerRequestFilter.java:116) ~[spring-web-6.2.11.jar:6.2.11]
	at org.springframework.security.web.FilterChainProxy$VirtualFilterChain.doFilter(FilterChainProxy.java:374) ~[spring-security-web-6.5.5.jar:6.5.5]
	at org.springframework.security.web.context.SecurityContextHolderFilter.doFilter(SecurityContextHolderFilter.java:82) ~[spring-security-web-6.5.5.jar:6.5.5]
	at org.springframework.security.web.context.SecurityContextHolderFilter.doFilter(SecurityContextHolderFilter.java:69) ~[spring-security-web-6.5.5.jar:6.5.5]
	at org.springframework.security.web.FilterChainProxy$VirtualFilterChain.doFilter(FilterChainProxy.java:374) ~[spring-security-web-6.5.5.jar:6.5.5]
	at org.springframework.security.web.context.request.async.WebAsyncManagerIntegrationFilter.doFilterInternal(WebAsyncManagerIntegrationFilter.java:62) ~[spring-security-web-6.5.5.jar:6.5.5]
	at org.springframework.web.filter.OncePerRequestFilter.doFilter(OncePerRequestFilter.java:116) ~[spring-web-6.2.11.jar:6.2.11]
	at org.springframework.security.web.FilterChainProxy$VirtualFilterChain.doFilter(FilterChainProxy.java:374) ~[spring-security-web-6.5.5.jar:6.5.5]
	at org.springframework.security.web.session.DisableEncodeUrlFilter.doFilterInternal(DisableEncodeUrlFilter.java:42) ~[spring-security-web-6.5.5.jar:6.5.5]
	at org.springframework.web.filter.OncePerRequestFilter.doFilter(OncePerRequestFilter.java:116) ~[spring-web-6.2.11.jar:6.2.11]
	at org.springframework.security.web.FilterChainProxy$VirtualFilterChain.doFilter(FilterChainProxy.java:374) ~[spring-security-web-6.5.5.jar:6.5.5]
	at org.springframework.security.web.FilterChainProxy.doFilterInternal(FilterChainProxy.java:233) ~[spring-security-web-6.5.5.jar:6.5.5]
	at org.springframework.security.web.FilterChainProxy.doFilter(FilterChainProxy.java:191) ~[spring-security-web-6.5.5.jar:6.5.5]
	at org.springframework.web.filter.CompositeFilter$VirtualFilterChain.doFilter(CompositeFilter.java:113) ~[spring-web-6.2.11.jar:6.2.11]
	at org.springframework.web.filter.ServletRequestPathFilter.doFilter(ServletRequestPathFilter.java:52) ~[spring-web-6.2.11.jar:6.2.11]
	at org.springframework.web.filter.CompositeFilter$VirtualFilterChain.doFilter(CompositeFilter.java:113) ~[spring-web-6.2.11.jar:6.2.11]
	at org.springframework.web.filter.CompositeFilter.doFilter(CompositeFilter.java:74) ~[spring-web-6.2.11.jar:6.2.11]
	at org.springframework.security.config.annotation.web.configuration.WebSecurityConfiguration$CompositeFilterChainProxy.doFilter(WebSecurityConfiguration.java:319) ~[spring-security-config-6.5.5.jar:6.5.5]
	at org.springframework.web.filter.CompositeFilter$VirtualFilterChain.doFilter(CompositeFilter.java:113) ~[spring-web-6.2.11.jar:6.2.11]
	at org.springframework.web.servlet.handler.HandlerMappingIntrospector.lambda$createCacheFilter$4(HandlerMappingIntrospector.java:267) ~[spring-webmvc-6.2.11.jar:6.2.11]
	at org.springframework.web.filter.CompositeFilter$VirtualFilterChain.doFilter(CompositeFilter.java:113) ~[spring-web-6.2.11.jar:6.2.11]
	at org.springframework.web.filter.CompositeFilter.doFilter(CompositeFilter.java:74) ~[spring-web-6.2.11.jar:6.2.11]
	at org.springframework.security.config.annotation.web.configuration.WebMvcSecurityConfiguration$CompositeFilterChainProxy.doFilter(WebMvcSecurityConfiguration.java:240) ~[spring-security-config-6.5.5.jar:6.5.5]
	at org.springframework.web.filter.DelegatingFilterProxy.invokeDelegate(DelegatingFilterProxy.java:362) ~[spring-web-6.2.11.jar:6.2.11]
	at org.springframework.web.filter.DelegatingFilterProxy.doFilter(DelegatingFilterProxy.java:278) ~[spring-web-6.2.11.jar:6.2.11]
	at org.apache.catalina.core.ApplicationFilterChain.internalDoFilter(ApplicationFilterChain.java:164) ~[tomcat-embed-core-10.1.46.jar:10.1.46]
	at org.apache.catalina.core.ApplicationFilterChain.doFilter(ApplicationFilterChain.java:140) ~[tomcat-embed-core-10.1.46.jar:10.1.46]
	at org.springframework.web.filter.RequestContextFilter.doFilterInternal(RequestContextFilter.java:100) ~[spring-web-6.2.11.jar:6.2.11]
	at org.springframework.web.filter.OncePerRequestFilter.doFilter(OncePerRequestFilter.java:116) ~[spring-web-6.2.11.jar:6.2.11]
	at org.apache.catalina.core.ApplicationFilterChain.internalDoFilter(ApplicationFilterChain.java:164) ~[tomcat-embed-core-10.1.46.jar:10.1.46]
	at org.apache.catalina.core.ApplicationFilterChain.doFilter(ApplicationFilterChain.java:140) ~[tomcat-embed-core-10.1.46.jar:10.1.46]
	at org.springframework.web.filter.FormContentFilter.doFilterInternal(FormContentFilter.java:93) ~[spring-web-6.2.11.jar:6.2.11]
	at org.springframework.web.filter.OncePerRequestFilter.doFilter(OncePerRequestFilter.java:116) ~[spring-web-6.2.11.jar:6.2.11]
	at org.apache.catalina.core.ApplicationFilterChain.internalDoFilter(ApplicationFilterChain.java:164) ~[tomcat-embed-core-10.1.46.jar:10.1.46]
	at org.apache.catalina.core.ApplicationFilterChain.doFilter(ApplicationFilterChain.java:140) ~[tomcat-embed-core-10.1.46.jar:10.1.46]
	at org.springframework.web.filter.CharacterEncodingFilter.doFilterInternal(CharacterEncodingFilter.java:201) ~[spring-web-6.2.11.jar:6.2.11]
	at org.springframework.web.filter.OncePerRequestFilter.doFilter(OncePerRequestFilter.java:116) ~[spring-web-6.2.11.jar:6.2.11]
	at org.apache.catalina.core.ApplicationFilterChain.internalDoFilter(ApplicationFilterChain.java:164) ~[tomcat-embed-core-10.1.46.jar:10.1.46]
	at org.apache.catalina.core.ApplicationFilterChain.doFilter(ApplicationFilterChain.java:140) ~[tomcat-embed-core-10.1.46.jar:10.1.46]
	at org.apache.catalina.core.StandardWrapperValve.invoke(StandardWrapperValve.java:167) ~[tomcat-embed-core-10.1.46.jar:10.1.46]
	at org.apache.catalina.core.StandardContextValve.invoke(StandardContextValve.java:90) ~[tomcat-embed-core-10.1.46.jar:10.1.46]
	at org.apache.catalina.authenticator.AuthenticatorBase.invoke(AuthenticatorBase.java:483) ~[tomcat-embed-core-10.1.46.jar:10.1.46]
	at org.apache.catalina.core.StandardHostValve.invoke(StandardHostValve.java:116) ~[tomcat-embed-core-10.1.46.jar:10.1.46]
	at org.apache.catalina.valves.ErrorReportValve.invoke(ErrorReportValve.java:93) ~[tomcat-embed-core-10.1.46.jar:10.1.46]
	at org.apache.catalina.core.StandardEngineValve.invoke(StandardEngineValve.java:74) ~[tomcat-embed-core-10.1.46.jar:10.1.46]
	at org.apache.catalina.connector.CoyoteAdapter.service(CoyoteAdapter.java:344) ~[tomcat-embed-core-10.1.46.jar:10.1.46]
	at org.apache.coyote.http11.Http11Processor.service(Http11Processor.java:398) ~[tomcat-embed-core-10.1.46.jar:10.1.46]
	at org.apache.coyote.AbstractProcessorLight.process(AbstractProcessorLight.java:63) ~[tomcat-embed-core-10.1.46.jar:10.1.46]
	at org.apache.coyote.AbstractProtocol$ConnectionHandler.process(AbstractProtocol.java:903) ~[tomcat-embed-core-10.1.46.jar:10.1.46]
	at org.apache.tomcat.util.net.NioEndpoint$SocketProcessor.doRun(NioEndpoint.java:1776) ~[tomcat-embed-core-10.1.46.jar:10.1.46]
	at org.apache.tomcat.util.net.SocketProcessorBase.run(SocketProcessorBase.java:52) ~[tomcat-embed-core-10.1.46.jar:10.1.46]
	at org.apache.tomcat.util.threads.ThreadPoolExecutor.runWorker(ThreadPoolExecutor.java:975) ~[tomcat-embed-core-10.1.46.jar:10.1.46]
	at org.apache.tomcat.util.threads.ThreadPoolExecutor$Worker.run(ThreadPoolExecutor.java:493) ~[tomcat-embed-core-10.1.46.jar:10.1.46]
	at org.apache.tomcat.util.threads.TaskThread$WrappingRunnable.run(TaskThread.java:63) ~[tomcat-embed-core-10.1.46.jar:10.1.46]
	at java.base/java.lang.Thread.run(Thread.java:842) ~[na:na]

2025-10-28T09:39:45.781Z  WARN 13508 --- [backofficeAPI] [http-nio-8080-exec-3] .m.m.a.ExceptionHandlerExceptionResolver : Resolved [org.springframework.web.servlet.resource.NoResourceFoundException: No static resource favicon.ico.]
2025-10-28T09:39:48.920Z DEBUG 13508 --- [backofficeAPI] [http-nio-8080-exec-2] o.s.security.web.FilterChainProxy        : Securing GET /
2025-10-28T09:39:48.924Z DEBUG 13508 --- [backofficeAPI] [http-nio-8080-exec-2] o.s.s.w.a.AnonymousAuthenticationFilter  : Set SecurityContextHolder to anonymous SecurityContext
2025-10-28T09:39:48.925Z DEBUG 13508 --- [backofficeAPI] [http-nio-8080-exec-2] o.s.security.web.FilterChainProxy        : Secured GET /
2025-10-28T09:39:49.086Z DEBUG 13508 --- [backofficeAPI] [http-nio-8080-exec-6] o.s.security.web.FilterChainProxy        : Securing GET /styles/layout/header.css
2025-10-28T09:39:49.090Z DEBUG 13508 --- [backofficeAPI] [http-nio-8080-exec-6] o.s.s.w.a.AnonymousAuthenticationFilter  : Set SecurityContextHolder to anonymous SecurityContext
2025-10-28T09:39:49.093Z DEBUG 13508 --- [backofficeAPI] [http-nio-8080-exec-5] o.s.security.web.FilterChainProxy        : Securing GET /scripts/script.js
2025-10-28T09:39:49.091Z DEBUG 13508 --- [backofficeAPI] [http-nio-8080-exec-4] o.s.security.web.FilterChainProxy        : Securing GET /styles/layout/footer.css
2025-10-28T09:39:49.093Z DEBUG 13508 --- [backofficeAPI] [http-nio-8080-exec-6] o.s.security.web.FilterChainProxy        : Secured GET /styles/layout/header.css
2025-10-28T09:39:49.094Z DEBUG 13508 --- [backofficeAPI] [http-nio-8080-exec-7] o.s.security.web.FilterChainProxy        : Securing GET /styles/login.css
2025-10-28T09:39:49.095Z DEBUG 13508 --- [backofficeAPI] [http-nio-8080-exec-9] o.s.security.web.FilterChainProxy        : Securing GET /scripts/login.js
2025-10-28T09:39:49.097Z DEBUG 13508 --- [backofficeAPI] [http-nio-8080-exec-5] o.s.s.w.a.AnonymousAuthenticationFilter  : Set SecurityContextHolder to anonymous SecurityContext
2025-10-28T09:39:49.101Z DEBUG 13508 --- [backofficeAPI] [http-nio-8080-exec-8] o.s.security.web.FilterChainProxy        : Securing GET /styles/base.css
2025-10-28T09:39:49.101Z DEBUG 13508 --- [backofficeAPI] [http-nio-8080-exec-4] o.s.s.w.a.AnonymousAuthenticationFilter  : Set SecurityContextHolder to anonymous SecurityContext
2025-10-28T09:39:49.106Z DEBUG 13508 --- [backofficeAPI] [http-nio-8080-exec-7] o.s.s.w.a.AnonymousAuthenticationFilter  : Set SecurityContextHolder to anonymous SecurityContext
2025-10-28T09:39:49.107Z DEBUG 13508 --- [backofficeAPI] [http-nio-8080-exec-5] o.s.security.web.FilterChainProxy        : Secured GET /scripts/script.js
2025-10-28T09:39:49.107Z DEBUG 13508 --- [backofficeAPI] [http-nio-8080-exec-9] o.s.s.w.a.AnonymousAuthenticationFilter  : Set SecurityContextHolder to anonymous SecurityContext
2025-10-28T09:39:49.108Z DEBUG 13508 --- [backofficeAPI] [http-nio-8080-exec-4] o.s.security.web.FilterChainProxy        : Secured GET /styles/layout/footer.css
2025-10-28T09:39:49.108Z DEBUG 13508 --- [backofficeAPI] [http-nio-8080-exec-7] o.s.security.web.FilterChainProxy        : Secured GET /styles/login.css
2025-10-28T09:39:49.109Z DEBUG 13508 --- [backofficeAPI] [http-nio-8080-exec-8] o.s.s.w.a.AnonymousAuthenticationFilter  : Set SecurityContextHolder to anonymous SecurityContext
2025-10-28T09:39:49.109Z DEBUG 13508 --- [backofficeAPI] [http-nio-8080-exec-9] o.s.security.web.FilterChainProxy        : Secured GET /scripts/login.js
2025-10-28T09:39:49.109Z DEBUG 13508 --- [backofficeAPI] [http-nio-8080-exec-8] o.s.security.web.FilterChainProxy        : Secured GET /styles/base.css
2025-10-28T09:39:49.152Z DEBUG 13508 --- [backofficeAPI] [http-nio-8080-exec-3] o.s.security.web.FilterChainProxy        : Securing GET /assets/background.png
2025-10-28T09:39:49.155Z DEBUG 13508 --- [backofficeAPI] [http-nio-8080-exec-3] o.s.s.w.a.AnonymousAuthenticationFilter  : Set SecurityContextHolder to anonymous SecurityContext
2025-10-28T09:39:49.155Z DEBUG 13508 --- [backofficeAPI] [http-nio-8080-exec-3] o.s.security.web.FilterChainProxy        : Secured GET /assets/background.png
2025-10-28T09:39:49.209Z DEBUG 13508 --- [backofficeAPI] [http-nio-8080-exec-2] o.s.security.web.FilterChainProxy        : Securing GET /favicon.ico
2025-10-28T09:39:49.211Z DEBUG 13508 --- [backofficeAPI] [http-nio-8080-exec-2] o.s.s.w.a.AnonymousAuthenticationFilter  : Set SecurityContextHolder to anonymous SecurityContext
2025-10-28T09:39:49.212Z DEBUG 13508 --- [backofficeAPI] [http-nio-8080-exec-2] o.s.security.web.FilterChainProxy        : Secured GET /favicon.ico
2025-10-28T09:39:49.228Z ERROR 13508 --- [backofficeAPI] [http-nio-8080-exec-2] o.d.b.exception.GlobalExceptionHandler   : Unexpected error occurred

org.springframework.web.servlet.resource.NoResourceFoundException: No static resource favicon.ico.
	at org.springframework.web.servlet.resource.ResourceHttpRequestHandler.handleRequest(ResourceHttpRequestHandler.java:585) ~[spring-webmvc-6.2.11.jar:6.2.11]
	at org.springframework.web.servlet.mvc.HttpRequestHandlerAdapter.handle(HttpRequestHandlerAdapter.java:52) ~[spring-webmvc-6.2.11.jar:6.2.11]
	at org.springframework.web.servlet.DispatcherServlet.doDispatch(DispatcherServlet.java:1089) ~[spring-webmvc-6.2.11.jar:6.2.11]
	at org.springframework.web.servlet.DispatcherServlet.doService(DispatcherServlet.java:979) ~[spring-webmvc-6.2.11.jar:6.2.11]
	at org.springframework.web.servlet.FrameworkServlet.processRequest(FrameworkServlet.java:1014) ~[spring-webmvc-6.2.11.jar:6.2.11]
	at org.springframework.web.servlet.FrameworkServlet.doGet(FrameworkServlet.java:903) ~[spring-webmvc-6.2.11.jar:6.2.11]
	at jakarta.servlet.http.HttpServlet.service(HttpServlet.java:564) ~[tomcat-embed-core-10.1.46.jar:6.0]
	at org.springframework.web.servlet.FrameworkServlet.service(FrameworkServlet.java:885) ~[spring-webmvc-6.2.11.jar:6.2.11]
	at jakarta.servlet.http.HttpServlet.service(HttpServlet.java:658) ~[tomcat-embed-core-10.1.46.jar:6.0]
	at org.apache.catalina.core.ApplicationFilterChain.internalDoFilter(ApplicationFilterChain.java:195) ~[tomcat-embed-core-10.1.46.jar:10.1.46]
	at org.apache.catalina.core.ApplicationFilterChain.doFilter(ApplicationFilterChain.java:140) ~[tomcat-embed-core-10.1.46.jar:10.1.46]
	at org.apache.tomcat.websocket.server.WsFilter.doFilter(WsFilter.java:51) ~[tomcat-embed-websocket-10.1.46.jar:10.1.46]
	at org.apache.catalina.core.ApplicationFilterChain.internalDoFilter(ApplicationFilterChain.java:164) ~[tomcat-embed-core-10.1.46.jar:10.1.46]
	at org.apache.catalina.core.ApplicationFilterChain.doFilter(ApplicationFilterChain.java:140) ~[tomcat-embed-core-10.1.46.jar:10.1.46]
	at org.springframework.web.filter.OncePerRequestFilter.doFilter(OncePerRequestFilter.java:110) ~[spring-web-6.2.11.jar:6.2.11]
	at org.apache.catalina.core.ApplicationFilterChain.internalDoFilter(ApplicationFilterChain.java:164) ~[tomcat-embed-core-10.1.46.jar:10.1.46]
	at org.apache.catalina.core.ApplicationFilterChain.doFilter(ApplicationFilterChain.java:140) ~[tomcat-embed-core-10.1.46.jar:10.1.46]
	at org.springframework.web.filter.CompositeFilter$VirtualFilterChain.doFilter(CompositeFilter.java:108) ~[spring-web-6.2.11.jar:6.2.11]
	at org.springframework.web.filter.CompositeFilter$VirtualFilterChain.doFilter(CompositeFilter.java:108) ~[spring-web-6.2.11.jar:6.2.11]
	at org.springframework.security.web.FilterChainProxy.lambda$doFilterInternal$3(FilterChainProxy.java:231) ~[spring-security-web-6.5.5.jar:6.5.5]
	at org.springframework.security.web.FilterChainProxy$VirtualFilterChain.doFilter(FilterChainProxy.java:365) ~[spring-security-web-6.5.5.jar:6.5.5]
	at org.springframework.security.web.access.intercept.AuthorizationFilter.doFilter(AuthorizationFilter.java:101) ~[spring-security-web-6.5.5.jar:6.5.5]
	at org.springframework.security.web.FilterChainProxy$VirtualFilterChain.doFilter(FilterChainProxy.java:374) ~[spring-security-web-6.5.5.jar:6.5.5]
	at org.springframework.security.web.access.ExceptionTranslationFilter.doFilter(ExceptionTranslationFilter.java:125) ~[spring-security-web-6.5.5.jar:6.5.5]
	at org.springframework.security.web.access.ExceptionTranslationFilter.doFilter(ExceptionTranslationFilter.java:119) ~[spring-security-web-6.5.5.jar:6.5.5]
	at org.springframework.security.web.FilterChainProxy$VirtualFilterChain.doFilter(FilterChainProxy.java:374) ~[spring-security-web-6.5.5.jar:6.5.5]
	at org.springframework.security.web.session.SessionManagementFilter.doFilter(SessionManagementFilter.java:131) ~[spring-security-web-6.5.5.jar:6.5.5]
	at org.springframework.security.web.session.SessionManagementFilter.doFilter(SessionManagementFilter.java:85) ~[spring-security-web-6.5.5.jar:6.5.5]
	at org.springframework.security.web.FilterChainProxy$VirtualFilterChain.doFilter(FilterChainProxy.java:374) ~[spring-security-web-6.5.5.jar:6.5.5]
	at org.springframework.security.web.authentication.AnonymousAuthenticationFilter.doFilter(AnonymousAuthenticationFilter.java:100) ~[spring-security-web-6.5.5.jar:6.5.5]
	at org.springframework.security.web.FilterChainProxy$VirtualFilterChain.doFilter(FilterChainProxy.java:374) ~[spring-security-web-6.5.5.jar:6.5.5]
	at org.springframework.security.web.servletapi.SecurityContextHolderAwareRequestFilter.doFilter(SecurityContextHolderAwareRequestFilter.java:179) ~[spring-security-web-6.5.5.jar:6.5.5]
	at org.springframework.security.web.FilterChainProxy$VirtualFilterChain.doFilter(FilterChainProxy.java:374) ~[spring-security-web-6.5.5.jar:6.5.5]
	at org.springframework.security.web.savedrequest.RequestCacheAwareFilter.doFilter(RequestCacheAwareFilter.java:63) ~[spring-security-web-6.5.5.jar:6.5.5]
	at org.springframework.security.web.FilterChainProxy$VirtualFilterChain.doFilter(FilterChainProxy.java:374) ~[spring-security-web-6.5.5.jar:6.5.5]
	at org.dubini.backofficeAPI.security.JwtFilter.doFilterInternal(JwtFilter.java:56) ~[classes/:na]
	at org.springframework.web.filter.OncePerRequestFilter.doFilter(OncePerRequestFilter.java:116) ~[spring-web-6.2.11.jar:6.2.11]
	at org.springframework.security.web.FilterChainProxy$VirtualFilterChain.doFilter(FilterChainProxy.java:374) ~[spring-security-web-6.5.5.jar:6.5.5]
	at org.springframework.security.web.authentication.logout.LogoutFilter.doFilter(LogoutFilter.java:107) ~[spring-security-web-6.5.5.jar:6.5.5]
	at org.springframework.security.web.authentication.logout.LogoutFilter.doFilter(LogoutFilter.java:93) ~[spring-security-web-6.5.5.jar:6.5.5]
	at org.springframework.security.web.FilterChainProxy$VirtualFilterChain.doFilter(FilterChainProxy.java:374) ~[spring-security-web-6.5.5.jar:6.5.5]
	at org.springframework.security.web.header.HeaderWriterFilter.doHeadersAfter(HeaderWriterFilter.java:90) ~[spring-security-web-6.5.5.jar:6.5.5]
	at org.springframework.security.web.header.HeaderWriterFilter.doFilterInternal(HeaderWriterFilter.java:75) ~[spring-security-web-6.5.5.jar:6.5.5]
	at org.springframework.web.filter.OncePerRequestFilter.doFilter(OncePerRequestFilter.java:116) ~[spring-web-6.2.11.jar:6.2.11]
	at org.springframework.security.web.FilterChainProxy$VirtualFilterChain.doFilter(FilterChainProxy.java:374) ~[spring-security-web-6.5.5.jar:6.5.5]
	at org.springframework.security.web.context.SecurityContextHolderFilter.doFilter(SecurityContextHolderFilter.java:82) ~[spring-security-web-6.5.5.jar:6.5.5]
	at org.springframework.security.web.context.SecurityContextHolderFilter.doFilter(SecurityContextHolderFilter.java:69) ~[spring-security-web-6.5.5.jar:6.5.5]
	at org.springframework.security.web.FilterChainProxy$VirtualFilterChain.doFilter(FilterChainProxy.java:374) ~[spring-security-web-6.5.5.jar:6.5.5]
	at org.springframework.security.web.context.request.async.WebAsyncManagerIntegrationFilter.doFilterInternal(WebAsyncManagerIntegrationFilter.java:62) ~[spring-security-web-6.5.5.jar:6.5.5]
	at org.springframework.web.filter.OncePerRequestFilter.doFilter(OncePerRequestFilter.java:116) ~[spring-web-6.2.11.jar:6.2.11]
	at org.springframework.security.web.FilterChainProxy$VirtualFilterChain.doFilter(FilterChainProxy.java:374) ~[spring-security-web-6.5.5.jar:6.5.5]
	at org.springframework.security.web.session.DisableEncodeUrlFilter.doFilterInternal(DisableEncodeUrlFilter.java:42) ~[spring-security-web-6.5.5.jar:6.5.5]
	at org.springframework.web.filter.OncePerRequestFilter.doFilter(OncePerRequestFilter.java:116) ~[spring-web-6.2.11.jar:6.2.11]
	at org.springframework.security.web.FilterChainProxy$VirtualFilterChain.doFilter(FilterChainProxy.java:374) ~[spring-security-web-6.5.5.jar:6.5.5]
	at org.springframework.security.web.FilterChainProxy.doFilterInternal(FilterChainProxy.java:233) ~[spring-security-web-6.5.5.jar:6.5.5]
	at org.springframework.security.web.FilterChainProxy.doFilter(FilterChainProxy.java:191) ~[spring-security-web-6.5.5.jar:6.5.5]
	at org.springframework.web.filter.CompositeFilter$VirtualFilterChain.doFilter(CompositeFilter.java:113) ~[spring-web-6.2.11.jar:6.2.11]
	at org.springframework.web.filter.ServletRequestPathFilter.doFilter(ServletRequestPathFilter.java:52) ~[spring-web-6.2.11.jar:6.2.11]
	at org.springframework.web.filter.CompositeFilter$VirtualFilterChain.doFilter(CompositeFilter.java:113) ~[spring-web-6.2.11.jar:6.2.11]
	at org.springframework.web.filter.CompositeFilter.doFilter(CompositeFilter.java:74) ~[spring-web-6.2.11.jar:6.2.11]
	at org.springframework.security.config.annotation.web.configuration.WebSecurityConfiguration$CompositeFilterChainProxy.doFilter(WebSecurityConfiguration.java:319) ~[spring-security-config-6.5.5.jar:6.5.5]
	at org.springframework.web.filter.CompositeFilter$VirtualFilterChain.doFilter(CompositeFilter.java:113) ~[spring-web-6.2.11.jar:6.2.11]
	at org.springframework.web.servlet.handler.HandlerMappingIntrospector.lambda$createCacheFilter$4(HandlerMappingIntrospector.java:267) ~[spring-webmvc-6.2.11.jar:6.2.11]
	at org.springframework.web.filter.CompositeFilter$VirtualFilterChain.doFilter(CompositeFilter.java:113) ~[spring-web-6.2.11.jar:6.2.11]
	at org.springframework.web.filter.CompositeFilter.doFilter(CompositeFilter.java:74) ~[spring-web-6.2.11.jar:6.2.11]
	at org.springframework.security.config.annotation.web.configuration.WebMvcSecurityConfiguration$CompositeFilterChainProxy.doFilter(WebMvcSecurityConfiguration.java:240) ~[spring-security-config-6.5.5.jar:6.5.5]
	at org.springframework.web.filter.DelegatingFilterProxy.invokeDelegate(DelegatingFilterProxy.java:362) ~[spring-web-6.2.11.jar:6.2.11]
	at org.springframework.web.filter.DelegatingFilterProxy.doFilter(DelegatingFilterProxy.java:278) ~[spring-web-6.2.11.jar:6.2.11]
	at org.apache.catalina.core.ApplicationFilterChain.internalDoFilter(ApplicationFilterChain.java:164) ~[tomcat-embed-core-10.1.46.jar:10.1.46]
	at org.apache.catalina.core.ApplicationFilterChain.doFilter(ApplicationFilterChain.java:140) ~[tomcat-embed-core-10.1.46.jar:10.1.46]
	at org.springframework.web.filter.RequestContextFilter.doFilterInternal(RequestContextFilter.java:100) ~[spring-web-6.2.11.jar:6.2.11]
	at org.springframework.web.filter.OncePerRequestFilter.doFilter(OncePerRequestFilter.java:116) ~[spring-web-6.2.11.jar:6.2.11]
	at org.apache.catalina.core.ApplicationFilterChain.internalDoFilter(ApplicationFilterChain.java:164) ~[tomcat-embed-core-10.1.46.jar:10.1.46]
	at org.apache.catalina.core.ApplicationFilterChain.doFilter(ApplicationFilterChain.java:140) ~[tomcat-embed-core-10.1.46.jar:10.1.46]
	at org.springframework.web.filter.FormContentFilter.doFilterInternal(FormContentFilter.java:93) ~[spring-web-6.2.11.jar:6.2.11]
	at org.springframework.web.filter.OncePerRequestFilter.doFilter(OncePerRequestFilter.java:116) ~[spring-web-6.2.11.jar:6.2.11]
	at org.apache.catalina.core.ApplicationFilterChain.internalDoFilter(ApplicationFilterChain.java:164) ~[tomcat-embed-core-10.1.46.jar:10.1.46]
	at org.apache.catalina.core.ApplicationFilterChain.doFilter(ApplicationFilterChain.java:140) ~[tomcat-embed-core-10.1.46.jar:10.1.46]
	at org.springframework.web.filter.CharacterEncodingFilter.doFilterInternal(CharacterEncodingFilter.java:201) ~[spring-web-6.2.11.jar:6.2.11]
	at org.springframework.web.filter.OncePerRequestFilter.doFilter(OncePerRequestFilter.java:116) ~[spring-web-6.2.11.jar:6.2.11]
	at org.apache.catalina.core.ApplicationFilterChain.internalDoFilter(ApplicationFilterChain.java:164) ~[tomcat-embed-core-10.1.46.jar:10.1.46]
	at org.apache.catalina.core.ApplicationFilterChain.doFilter(ApplicationFilterChain.java:140) ~[tomcat-embed-core-10.1.46.jar:10.1.46]
	at org.apache.catalina.core.StandardWrapperValve.invoke(StandardWrapperValve.java:167) ~[tomcat-embed-core-10.1.46.jar:10.1.46]
	at org.apache.catalina.core.StandardContextValve.invoke(StandardContextValve.java:90) ~[tomcat-embed-core-10.1.46.jar:10.1.46]
	at org.apache.catalina.authenticator.AuthenticatorBase.invoke(AuthenticatorBase.java:483) ~[tomcat-embed-core-10.1.46.jar:10.1.46]
	at org.apache.catalina.core.StandardHostValve.invoke(StandardHostValve.java:116) ~[tomcat-embed-core-10.1.46.jar:10.1.46]
	at org.apache.catalina.valves.ErrorReportValve.invoke(ErrorReportValve.java:93) ~[tomcat-embed-core-10.1.46.jar:10.1.46]
	at org.apache.catalina.core.StandardEngineValve.invoke(StandardEngineValve.java:74) ~[tomcat-embed-core-10.1.46.jar:10.1.46]
	at org.apache.catalina.connector.CoyoteAdapter.service(CoyoteAdapter.java:344) ~[tomcat-embed-core-10.1.46.jar:10.1.46]
	at org.apache.coyote.http11.Http11Processor.service(Http11Processor.java:398) ~[tomcat-embed-core-10.1.46.jar:10.1.46]
	at org.apache.coyote.AbstractProcessorLight.process(AbstractProcessorLight.java:63) ~[tomcat-embed-core-10.1.46.jar:10.1.46]
	at org.apache.coyote.AbstractProtocol$ConnectionHandler.process(AbstractProtocol.java:903) ~[tomcat-embed-core-10.1.46.jar:10.1.46]
	at org.apache.tomcat.util.net.NioEndpoint$SocketProcessor.doRun(NioEndpoint.java:1776) ~[tomcat-embed-core-10.1.46.jar:10.1.46]
	at org.apache.tomcat.util.net.SocketProcessorBase.run(SocketProcessorBase.java:52) ~[tomcat-embed-core-10.1.46.jar:10.1.46]
	at org.apache.tomcat.util.threads.ThreadPoolExecutor.runWorker(ThreadPoolExecutor.java:975) ~[tomcat-embed-core-10.1.46.jar:10.1.46]
	at org.apache.tomcat.util.threads.ThreadPoolExecutor$Worker.run(ThreadPoolExecutor.java:493) ~[tomcat-embed-core-10.1.46.jar:10.1.46]
	at org.apache.tomcat.util.threads.TaskThread$WrappingRunnable.run(TaskThread.java:63) ~[tomcat-embed-core-10.1.46.jar:10.1.46]
	at java.base/java.lang.Thread.run(Thread.java:842) ~[na:na]

2025-10-28T09:39:49.264Z  WARN 13508 --- [backofficeAPI] [http-nio-8080-exec-2] .m.m.a.ExceptionHandlerExceptionResolver : Resolved [org.springframework.web.servlet.resource.NoResourceFoundException: No static resource favicon.ico.]
2025-10-28T09:39:50.953Z DEBUG 13508 --- [backofficeAPI] [http-nio-8080-exec-9] o.s.security.web.FilterChainProxy        : Securing POST /api/auth/login
2025-10-28T09:39:50.955Z DEBUG 13508 --- [backofficeAPI] [http-nio-8080-exec-9] o.s.s.w.a.AnonymousAuthenticationFilter  : Set SecurityContextHolder to anonymous SecurityContext
2025-10-28T09:39:50.957Z DEBUG 13508 --- [backofficeAPI] [http-nio-8080-exec-9] o.s.security.web.FilterChainProxy        : Secured POST /api/auth/login
2025-10-28T09:39:51.321Z DEBUG 13508 --- [backofficeAPI] [http-nio-8080-exec-6] o.s.security.web.FilterChainProxy        : Securing GET /editor
2025-10-28T09:39:51.380Z DEBUG 13508 --- [backofficeAPI] [http-nio-8080-exec-6] o.s.security.web.FilterChainProxy        : Secured GET /editor
2025-10-28T09:39:51.402Z  WARN 13508 --- [backofficeAPI] [http-nio-8080-exec-6] actStandardFragmentInsertionTagProcessor : [THYMELEAF][http-nio-8080-exec-6][editor] Deprecated unwrapped fragment expression "fragments/header :: header" found in template editor, line 20, col 13. Please use the complete syntax of fragment expressions instead ("~{fragments/header :: header}"). The old, unwrapped syntax for fragment expressions will be removed in future versions of Thymeleaf.
2025-10-28T09:39:51.444Z DEBUG 13508 --- [backofficeAPI] [http-nio-8080-exec-5] o.s.security.web.FilterChainProxy        : Securing GET /styles/layout/header.css
2025-10-28T09:39:51.453Z DEBUG 13508 --- [backofficeAPI] [http-nio-8080-exec-4] o.s.security.web.FilterChainProxy        : Securing GET /styles/layout/footer.css
2025-10-28T09:39:51.454Z DEBUG 13508 --- [backofficeAPI] [http-nio-8080-exec-8] o.s.security.web.FilterChainProxy        : Securing GET /styles/components/hero.css
2025-10-28T09:39:51.455Z DEBUG 13508 --- [backofficeAPI] [http-nio-8080-exec-5] o.s.s.w.a.AnonymousAuthenticationFilter  : Set SecurityContextHolder to anonymous SecurityContext
2025-10-28T09:39:51.456Z DEBUG 13508 --- [backofficeAPI] [http-nio-8080-exec-5] o.s.security.web.FilterChainProxy        : Secured GET /styles/layout/header.css
2025-10-28T09:39:51.456Z DEBUG 13508 --- [backofficeAPI] [http-nio-8080-exec-4] o.s.s.w.a.AnonymousAuthenticationFilter  : Set SecurityContextHolder to anonymous SecurityContext
2025-10-28T09:39:51.457Z DEBUG 13508 --- [backofficeAPI] [http-nio-8080-exec-4] o.s.security.web.FilterChainProxy        : Secured GET /styles/layout/footer.css
2025-10-28T09:39:51.457Z DEBUG 13508 --- [backofficeAPI] [http-nio-8080-exec-8] o.s.s.w.a.AnonymousAuthenticationFilter  : Set SecurityContextHolder to anonymous SecurityContext
2025-10-28T09:39:51.459Z DEBUG 13508 --- [backofficeAPI] [http-nio-8080-exec-8] o.s.security.web.FilterChainProxy        : Secured GET /styles/components/hero.css
2025-10-28T09:39:51.461Z DEBUG 13508 --- [backofficeAPI] [http-nio-8080-exec-7] o.s.security.web.FilterChainProxy        : Securing GET /styles/components/content.css
2025-10-28T09:39:51.462Z DEBUG 13508 --- [backofficeAPI] [http-nio-8080-exec-10] o.s.security.web.FilterChainProxy        : Securing GET /styles/base.css
2025-10-28T09:39:51.467Z DEBUG 13508 --- [backofficeAPI] [http-nio-8080-exec-1] o.s.security.web.FilterChainProxy        : Securing GET /styles/components/cards.css
2025-10-28T09:39:51.470Z DEBUG 13508 --- [backofficeAPI] [http-nio-8080-exec-1] o.s.s.w.a.AnonymousAuthenticationFilter  : Set SecurityContextHolder to anonymous SecurityContext
2025-10-28T09:39:51.471Z DEBUG 13508 --- [backofficeAPI] [http-nio-8080-exec-10] o.s.s.w.a.AnonymousAuthenticationFilter  : Set SecurityContextHolder to anonymous SecurityContext
2025-10-28T09:39:51.472Z DEBUG 13508 --- [backofficeAPI] [http-nio-8080-exec-7] o.s.s.w.a.AnonymousAuthenticationFilter  : Set SecurityContextHolder to anonymous SecurityContext
2025-10-28T09:39:51.472Z DEBUG 13508 --- [backofficeAPI] [http-nio-8080-exec-1] o.s.security.web.FilterChainProxy        : Secured GET /styles/components/cards.css
2025-10-28T09:39:51.472Z DEBUG 13508 --- [backofficeAPI] [http-nio-8080-exec-10] o.s.security.web.FilterChainProxy        : Secured GET /styles/base.css
2025-10-28T09:39:51.472Z DEBUG 13508 --- [backofficeAPI] [http-nio-8080-exec-7] o.s.security.web.FilterChainProxy        : Secured GET /styles/components/content.css
2025-10-28T09:39:51.475Z ERROR 13508 --- [backofficeAPI] [http-nio-8080-exec-7] o.d.b.exception.GlobalExceptionHandler   : Unexpected error occurred

org.springframework.web.servlet.resource.NoResourceFoundException: No static resource styles/components/content.css.
	at org.springframework.web.servlet.resource.ResourceHttpRequestHandler.handleRequest(ResourceHttpRequestHandler.java:585) ~[spring-webmvc-6.2.11.jar:6.2.11]
	at org.springframework.web.servlet.mvc.HttpRequestHandlerAdapter.handle(HttpRequestHandlerAdapter.java:52) ~[spring-webmvc-6.2.11.jar:6.2.11]
	at org.springframework.web.servlet.DispatcherServlet.doDispatch(DispatcherServlet.java:1089) ~[spring-webmvc-6.2.11.jar:6.2.11]
	at org.springframework.web.servlet.DispatcherServlet.doService(DispatcherServlet.java:979) ~[spring-webmvc-6.2.11.jar:6.2.11]
	at org.springframework.web.servlet.FrameworkServlet.processRequest(FrameworkServlet.java:1014) ~[spring-webmvc-6.2.11.jar:6.2.11]
	at org.springframework.web.servlet.FrameworkServlet.doGet(FrameworkServlet.java:903) ~[spring-webmvc-6.2.11.jar:6.2.11]
	at jakarta.servlet.http.HttpServlet.service(HttpServlet.java:564) ~[tomcat-embed-core-10.1.46.jar:6.0]
	at org.springframework.web.servlet.FrameworkServlet.service(FrameworkServlet.java:885) ~[spring-webmvc-6.2.11.jar:6.2.11]
	at jakarta.servlet.http.HttpServlet.service(HttpServlet.java:658) ~[tomcat-embed-core-10.1.46.jar:6.0]
	at org.apache.catalina.core.ApplicationFilterChain.internalDoFilter(ApplicationFilterChain.java:195) ~[tomcat-embed-core-10.1.46.jar:10.1.46]
	at org.apache.catalina.core.ApplicationFilterChain.doFilter(ApplicationFilterChain.java:140) ~[tomcat-embed-core-10.1.46.jar:10.1.46]
	at org.apache.tomcat.websocket.server.WsFilter.doFilter(WsFilter.java:51) ~[tomcat-embed-websocket-10.1.46.jar:10.1.46]
	at org.apache.catalina.core.ApplicationFilterChain.internalDoFilter(ApplicationFilterChain.java:164) ~[tomcat-embed-core-10.1.46.jar:10.1.46]
	at org.apache.catalina.core.ApplicationFilterChain.doFilter(ApplicationFilterChain.java:140) ~[tomcat-embed-core-10.1.46.jar:10.1.46]
	at org.springframework.web.filter.OncePerRequestFilter.doFilter(OncePerRequestFilter.java:110) ~[spring-web-6.2.11.jar:6.2.11]
	at org.apache.catalina.core.ApplicationFilterChain.internalDoFilter(ApplicationFilterChain.java:164) ~[tomcat-embed-core-10.1.46.jar:10.1.46]
	at org.apache.catalina.core.ApplicationFilterChain.doFilter(ApplicationFilterChain.java:140) ~[tomcat-embed-core-10.1.46.jar:10.1.46]
	at org.springframework.web.filter.CompositeFilter$VirtualFilterChain.doFilter(CompositeFilter.java:108) ~[spring-web-6.2.11.jar:6.2.11]
	at org.springframework.web.filter.CompositeFilter$VirtualFilterChain.doFilter(CompositeFilter.java:108) ~[spring-web-6.2.11.jar:6.2.11]
	at org.springframework.security.web.FilterChainProxy.lambda$doFilterInternal$3(FilterChainProxy.java:231) ~[spring-security-web-6.5.5.jar:6.5.5]
	at org.springframework.security.web.FilterChainProxy$VirtualFilterChain.doFilter(FilterChainProxy.java:365) ~[spring-security-web-6.5.5.jar:6.5.5]
	at org.springframework.security.web.access.intercept.AuthorizationFilter.doFilter(AuthorizationFilter.java:101) ~[spring-security-web-6.5.5.jar:6.5.5]
	at org.springframework.security.web.FilterChainProxy$VirtualFilterChain.doFilter(FilterChainProxy.java:374) ~[spring-security-web-6.5.5.jar:6.5.5]
	at org.springframework.security.web.access.ExceptionTranslationFilter.doFilter(ExceptionTranslationFilter.java:125) ~[spring-security-web-6.5.5.jar:6.5.5]
	at org.springframework.security.web.access.ExceptionTranslationFilter.doFilter(ExceptionTranslationFilter.java:119) ~[spring-security-web-6.5.5.jar:6.5.5]
	at org.springframework.security.web.FilterChainProxy$VirtualFilterChain.doFilter(FilterChainProxy.java:374) ~[spring-security-web-6.5.5.jar:6.5.5]
	at org.springframework.security.web.session.SessionManagementFilter.doFilter(SessionManagementFilter.java:131) ~[spring-security-web-6.5.5.jar:6.5.5]
	at org.springframework.security.web.session.SessionManagementFilter.doFilter(SessionManagementFilter.java:85) ~[spring-security-web-6.5.5.jar:6.5.5]
	at org.springframework.security.web.FilterChainProxy$VirtualFilterChain.doFilter(FilterChainProxy.java:374) ~[spring-security-web-6.5.5.jar:6.5.5]
	at org.springframework.security.web.authentication.AnonymousAuthenticationFilter.doFilter(AnonymousAuthenticationFilter.java:100) ~[spring-security-web-6.5.5.jar:6.5.5]
	at org.springframework.security.web.FilterChainProxy$VirtualFilterChain.doFilter(FilterChainProxy.java:374) ~[spring-security-web-6.5.5.jar:6.5.5]
	at org.springframework.security.web.servletapi.SecurityContextHolderAwareRequestFilter.doFilter(SecurityContextHolderAwareRequestFilter.java:179) ~[spring-security-web-6.5.5.jar:6.5.5]
	at org.springframework.security.web.FilterChainProxy$VirtualFilterChain.doFilter(FilterChainProxy.java:374) ~[spring-security-web-6.5.5.jar:6.5.5]
	at org.springframework.security.web.savedrequest.RequestCacheAwareFilter.doFilter(RequestCacheAwareFilter.java:63) ~[spring-security-web-6.5.5.jar:6.5.5]
	at org.springframework.security.web.FilterChainProxy$VirtualFilterChain.doFilter(FilterChainProxy.java:374) ~[spring-security-web-6.5.5.jar:6.5.5]
	at org.dubini.backofficeAPI.security.JwtFilter.doFilterInternal(JwtFilter.java:56) ~[classes/:na]
	at org.springframework.web.filter.OncePerRequestFilter.doFilter(OncePerRequestFilter.java:116) ~[spring-web-6.2.11.jar:6.2.11]
	at org.springframework.security.web.FilterChainProxy$VirtualFilterChain.doFilter(FilterChainProxy.java:374) ~[spring-security-web-6.5.5.jar:6.5.5]
	at org.springframework.security.web.authentication.logout.LogoutFilter.doFilter(LogoutFilter.java:107) ~[spring-security-web-6.5.5.jar:6.5.5]
	at org.springframework.security.web.authentication.logout.LogoutFilter.doFilter(LogoutFilter.java:93) ~[spring-security-web-6.5.5.jar:6.5.5]
	at org.springframework.security.web.FilterChainProxy$VirtualFilterChain.doFilter(FilterChainProxy.java:374) ~[spring-security-web-6.5.5.jar:6.5.5]
	at org.springframework.security.web.header.HeaderWriterFilter.doHeadersAfter(HeaderWriterFilter.java:90) ~[spring-security-web-6.5.5.jar:6.5.5]
	at org.springframework.security.web.header.HeaderWriterFilter.doFilterInternal(HeaderWriterFilter.java:75) ~[spring-security-web-6.5.5.jar:6.5.5]
	at org.springframework.web.filter.OncePerRequestFilter.doFilter(OncePerRequestFilter.java:116) ~[spring-web-6.2.11.jar:6.2.11]
	at org.springframework.security.web.FilterChainProxy$VirtualFilterChain.doFilter(FilterChainProxy.java:374) ~[spring-security-web-6.5.5.jar:6.5.5]
	at org.springframework.security.web.context.SecurityContextHolderFilter.doFilter(SecurityContextHolderFilter.java:82) ~[spring-security-web-6.5.5.jar:6.5.5]
	at org.springframework.security.web.context.SecurityContextHolderFilter.doFilter(SecurityContextHolderFilter.java:69) ~[spring-security-web-6.5.5.jar:6.5.5]
	at org.springframework.security.web.FilterChainProxy$VirtualFilterChain.doFilter(FilterChainProxy.java:374) ~[spring-security-web-6.5.5.jar:6.5.5]
	at org.springframework.security.web.context.request.async.WebAsyncManagerIntegrationFilter.doFilterInternal(WebAsyncManagerIntegrationFilter.java:62) ~[spring-security-web-6.5.5.jar:6.5.5]
	at org.springframework.web.filter.OncePerRequestFilter.doFilter(OncePerRequestFilter.java:116) ~[spring-web-6.2.11.jar:6.2.11]
	at org.springframework.security.web.FilterChainProxy$VirtualFilterChain.doFilter(FilterChainProxy.java:374) ~[spring-security-web-6.5.5.jar:6.5.5]
	at org.springframework.security.web.session.DisableEncodeUrlFilter.doFilterInternal(DisableEncodeUrlFilter.java:42) ~[spring-security-web-6.5.5.jar:6.5.5]
	at org.springframework.web.filter.OncePerRequestFilter.doFilter(OncePerRequestFilter.java:116) ~[spring-web-6.2.11.jar:6.2.11]
	at org.springframework.security.web.FilterChainProxy$VirtualFilterChain.doFilter(FilterChainProxy.java:374) ~[spring-security-web-6.5.5.jar:6.5.5]
	at org.springframework.security.web.FilterChainProxy.doFilterInternal(FilterChainProxy.java:233) ~[spring-security-web-6.5.5.jar:6.5.5]
	at org.springframework.security.web.FilterChainProxy.doFilter(FilterChainProxy.java:191) ~[spring-security-web-6.5.5.jar:6.5.5]
	at org.springframework.web.filter.CompositeFilter$VirtualFilterChain.doFilter(CompositeFilter.java:113) ~[spring-web-6.2.11.jar:6.2.11]
	at org.springframework.web.filter.ServletRequestPathFilter.doFilter(ServletRequestPathFilter.java:52) ~[spring-web-6.2.11.jar:6.2.11]
	at org.springframework.web.filter.CompositeFilter$VirtualFilterChain.doFilter(CompositeFilter.java:113) ~[spring-web-6.2.11.jar:6.2.11]
	at org.springframework.web.filter.CompositeFilter.doFilter(CompositeFilter.java:74) ~[spring-web-6.2.11.jar:6.2.11]
	at org.springframework.security.config.annotation.web.configuration.WebSecurityConfiguration$CompositeFilterChainProxy.doFilter(WebSecurityConfiguration.java:319) ~[spring-security-config-6.5.5.jar:6.5.5]
	at org.springframework.web.filter.CompositeFilter$VirtualFilterChain.doFilter(CompositeFilter.java:113) ~[spring-web-6.2.11.jar:6.2.11]
	at org.springframework.web.servlet.handler.HandlerMappingIntrospector.lambda$createCacheFilter$4(HandlerMappingIntrospector.java:267) ~[spring-webmvc-6.2.11.jar:6.2.11]
	at org.springframework.web.filter.CompositeFilter$VirtualFilterChain.doFilter(CompositeFilter.java:113) ~[spring-web-6.2.11.jar:6.2.11]
	at org.springframework.web.filter.CompositeFilter.doFilter(CompositeFilter.java:74) ~[spring-web-6.2.11.jar:6.2.11]
	at org.springframework.security.config.annotation.web.configuration.WebMvcSecurityConfiguration$CompositeFilterChainProxy.doFilter(WebMvcSecurityConfiguration.java:240) ~[spring-security-config-6.5.5.jar:6.5.5]
	at org.springframework.web.filter.DelegatingFilterProxy.invokeDelegate(DelegatingFilterProxy.java:362) ~[spring-web-6.2.11.jar:6.2.11]
	at org.springframework.web.filter.DelegatingFilterProxy.doFilter(DelegatingFilterProxy.java:278) ~[spring-web-6.2.11.jar:6.2.11]
	at org.apache.catalina.core.ApplicationFilterChain.internalDoFilter(ApplicationFilterChain.java:164) ~[tomcat-embed-core-10.1.46.jar:10.1.46]
	at org.apache.catalina.core.ApplicationFilterChain.doFilter(ApplicationFilterChain.java:140) ~[tomcat-embed-core-10.1.46.jar:10.1.46]
	at org.springframework.web.filter.RequestContextFilter.doFilterInternal(RequestContextFilter.java:100) ~[spring-web-6.2.11.jar:6.2.11]
	at org.springframework.web.filter.OncePerRequestFilter.doFilter(OncePerRequestFilter.java:116) ~[spring-web-6.2.11.jar:6.2.11]
	at org.apache.catalina.core.ApplicationFilterChain.internalDoFilter(ApplicationFilterChain.java:164) ~[tomcat-embed-core-10.1.46.jar:10.1.46]
	at org.apache.catalina.core.ApplicationFilterChain.doFilter(ApplicationFilterChain.java:140) ~[tomcat-embed-core-10.1.46.jar:10.1.46]
	at org.springframework.web.filter.FormContentFilter.doFilterInternal(FormContentFilter.java:93) ~[spring-web-6.2.11.jar:6.2.11]
	at org.springframework.web.filter.OncePerRequestFilter.doFilter(OncePerRequestFilter.java:116) ~[spring-web-6.2.11.jar:6.2.11]
	at org.apache.catalina.core.ApplicationFilterChain.internalDoFilter(ApplicationFilterChain.java:164) ~[tomcat-embed-core-10.1.46.jar:10.1.46]
	at org.apache.catalina.core.ApplicationFilterChain.doFilter(ApplicationFilterChain.java:140) ~[tomcat-embed-core-10.1.46.jar:10.1.46]
	at org.springframework.web.filter.CharacterEncodingFilter.doFilterInternal(CharacterEncodingFilter.java:201) ~[spring-web-6.2.11.jar:6.2.11]
	at org.springframework.web.filter.OncePerRequestFilter.doFilter(OncePerRequestFilter.java:116) ~[spring-web-6.2.11.jar:6.2.11]
	at org.apache.catalina.core.ApplicationFilterChain.internalDoFilter(ApplicationFilterChain.java:164) ~[tomcat-embed-core-10.1.46.jar:10.1.46]
	at org.apache.catalina.core.ApplicationFilterChain.doFilter(ApplicationFilterChain.java:140) ~[tomcat-embed-core-10.1.46.jar:10.1.46]
	at org.apache.catalina.core.StandardWrapperValve.invoke(StandardWrapperValve.java:167) ~[tomcat-embed-core-10.1.46.jar:10.1.46]
	at org.apache.catalina.core.StandardContextValve.invoke(StandardContextValve.java:90) ~[tomcat-embed-core-10.1.46.jar:10.1.46]
	at org.apache.catalina.authenticator.AuthenticatorBase.invoke(AuthenticatorBase.java:483) ~[tomcat-embed-core-10.1.46.jar:10.1.46]
	at org.apache.catalina.core.StandardHostValve.invoke(StandardHostValve.java:116) ~[tomcat-embed-core-10.1.46.jar:10.1.46]
	at org.apache.catalina.valves.ErrorReportValve.invoke(ErrorReportValve.java:93) ~[tomcat-embed-core-10.1.46.jar:10.1.46]
	at org.apache.catalina.core.StandardEngineValve.invoke(StandardEngineValve.java:74) ~[tomcat-embed-core-10.1.46.jar:10.1.46]
	at org.apache.catalina.connector.CoyoteAdapter.service(CoyoteAdapter.java:344) ~[tomcat-embed-core-10.1.46.jar:10.1.46]
	at org.apache.coyote.http11.Http11Processor.service(Http11Processor.java:398) ~[tomcat-embed-core-10.1.46.jar:10.1.46]
	at org.apache.coyote.AbstractProcessorLight.process(AbstractProcessorLight.java:63) ~[tomcat-embed-core-10.1.46.jar:10.1.46]
	at org.apache.coyote.AbstractProtocol$ConnectionHandler.process(AbstractProtocol.java:903) ~[tomcat-embed-core-10.1.46.jar:10.1.46]
	at org.apache.tomcat.util.net.NioEndpoint$SocketProcessor.doRun(NioEndpoint.java:1776) ~[tomcat-embed-core-10.1.46.jar:10.1.46]
	at org.apache.tomcat.util.net.SocketProcessorBase.run(SocketProcessorBase.java:52) ~[tomcat-embed-core-10.1.46.jar:10.1.46]
	at org.apache.tomcat.util.threads.ThreadPoolExecutor.runWorker(ThreadPoolExecutor.java:975) ~[tomcat-embed-core-10.1.46.jar:10.1.46]
	at org.apache.tomcat.util.threads.ThreadPoolExecutor$Worker.run(ThreadPoolExecutor.java:493) ~[tomcat-embed-core-10.1.46.jar:10.1.46]
	at org.apache.tomcat.util.threads.TaskThread$WrappingRunnable.run(TaskThread.java:63) ~[tomcat-embed-core-10.1.46.jar:10.1.46]
	at java.base/java.lang.Thread.run(Thread.java:842) ~[na:na]

2025-10-28T09:39:51.481Z DEBUG 13508 --- [backofficeAPI] [http-nio-8080-exec-3] o.s.security.web.FilterChainProxy        : Securing GET /scripts/script.js
2025-10-28T09:39:51.481Z DEBUG 13508 --- [backofficeAPI] [http-nio-8080-exec-2] o.s.security.web.FilterChainProxy        : Securing GET /assets/logo.png
2025-10-28T09:39:51.475Z ERROR 13508 --- [backofficeAPI] [http-nio-8080-exec-1] o.d.b.exception.GlobalExceptionHandler   : Unexpected error occurred

org.springframework.web.servlet.resource.NoResourceFoundException: No static resource styles/components/cards.css.
	at org.springframework.web.servlet.resource.ResourceHttpRequestHandler.handleRequest(ResourceHttpRequestHandler.java:585) ~[spring-webmvc-6.2.11.jar:6.2.11]
	at org.springframework.web.servlet.mvc.HttpRequestHandlerAdapter.handle(HttpRequestHandlerAdapter.java:52) ~[spring-webmvc-6.2.11.jar:6.2.11]
	at org.springframework.web.servlet.DispatcherServlet.doDispatch(DispatcherServlet.java:1089) ~[spring-webmvc-6.2.11.jar:6.2.11]
	at org.springframework.web.servlet.DispatcherServlet.doService(DispatcherServlet.java:979) ~[spring-webmvc-6.2.11.jar:6.2.11]
	at org.springframework.web.servlet.FrameworkServlet.processRequest(FrameworkServlet.java:1014) ~[spring-webmvc-6.2.11.jar:6.2.11]
	at org.springframework.web.servlet.FrameworkServlet.doGet(FrameworkServlet.java:903) ~[spring-webmvc-6.2.11.jar:6.2.11]
	at jakarta.servlet.http.HttpServlet.service(HttpServlet.java:564) ~[tomcat-embed-core-10.1.46.jar:6.0]
	at org.springframework.web.servlet.FrameworkServlet.service(FrameworkServlet.java:885) ~[spring-webmvc-6.2.11.jar:6.2.11]
	at jakarta.servlet.http.HttpServlet.service(HttpServlet.java:658) ~[tomcat-embed-core-10.1.46.jar:6.0]
	at org.apache.catalina.core.ApplicationFilterChain.internalDoFilter(ApplicationFilterChain.java:195) ~[tomcat-embed-core-10.1.46.jar:10.1.46]
	at org.apache.catalina.core.ApplicationFilterChain.doFilter(ApplicationFilterChain.java:140) ~[tomcat-embed-core-10.1.46.jar:10.1.46]
	at org.apache.tomcat.websocket.server.WsFilter.doFilter(WsFilter.java:51) ~[tomcat-embed-websocket-10.1.46.jar:10.1.46]
	at org.apache.catalina.core.ApplicationFilterChain.internalDoFilter(ApplicationFilterChain.java:164) ~[tomcat-embed-core-10.1.46.jar:10.1.46]
	at org.apache.catalina.core.ApplicationFilterChain.doFilter(ApplicationFilterChain.java:140) ~[tomcat-embed-core-10.1.46.jar:10.1.46]
	at org.springframework.web.filter.OncePerRequestFilter.doFilter(OncePerRequestFilter.java:110) ~[spring-web-6.2.11.jar:6.2.11]
	at org.apache.catalina.core.ApplicationFilterChain.internalDoFilter(ApplicationFilterChain.java:164) ~[tomcat-embed-core-10.1.46.jar:10.1.46]
	at org.apache.catalina.core.ApplicationFilterChain.doFilter(ApplicationFilterChain.java:140) ~[tomcat-embed-core-10.1.46.jar:10.1.46]
	at org.springframework.web.filter.CompositeFilter$VirtualFilterChain.doFilter(CompositeFilter.java:108) ~[spring-web-6.2.11.jar:6.2.11]
	at org.springframework.web.filter.CompositeFilter$VirtualFilterChain.doFilter(CompositeFilter.java:108) ~[spring-web-6.2.11.jar:6.2.11]
	at org.springframework.security.web.FilterChainProxy.lambda$doFilterInternal$3(FilterChainProxy.java:231) ~[spring-security-web-6.5.5.jar:6.5.5]
	at org.springframework.security.web.FilterChainProxy$VirtualFilterChain.doFilter(FilterChainProxy.java:365) ~[spring-security-web-6.5.5.jar:6.5.5]
	at org.springframework.security.web.access.intercept.AuthorizationFilter.doFilter(AuthorizationFilter.java:101) ~[spring-security-web-6.5.5.jar:6.5.5]
	at org.springframework.security.web.FilterChainProxy$VirtualFilterChain.doFilter(FilterChainProxy.java:374) ~[spring-security-web-6.5.5.jar:6.5.5]
	at org.springframework.security.web.access.ExceptionTranslationFilter.doFilter(ExceptionTranslationFilter.java:125) ~[spring-security-web-6.5.5.jar:6.5.5]
	at org.springframework.security.web.access.ExceptionTranslationFilter.doFilter(ExceptionTranslationFilter.java:119) ~[spring-security-web-6.5.5.jar:6.5.5]
	at org.springframework.security.web.FilterChainProxy$VirtualFilterChain.doFilter(FilterChainProxy.java:374) ~[spring-security-web-6.5.5.jar:6.5.5]
	at org.springframework.security.web.session.SessionManagementFilter.doFilter(SessionManagementFilter.java:131) ~[spring-security-web-6.5.5.jar:6.5.5]
	at org.springframework.security.web.session.SessionManagementFilter.doFilter(SessionManagementFilter.java:85) ~[spring-security-web-6.5.5.jar:6.5.5]
	at org.springframework.security.web.FilterChainProxy$VirtualFilterChain.doFilter(FilterChainProxy.java:374) ~[spring-security-web-6.5.5.jar:6.5.5]
	at org.springframework.security.web.authentication.AnonymousAuthenticationFilter.doFilter(AnonymousAuthenticationFilter.java:100) ~[spring-security-web-6.5.5.jar:6.5.5]
	at org.springframework.security.web.FilterChainProxy$VirtualFilterChain.doFilter(FilterChainProxy.java:374) ~[spring-security-web-6.5.5.jar:6.5.5]
	at org.springframework.security.web.servletapi.SecurityContextHolderAwareRequestFilter.doFilter(SecurityContextHolderAwareRequestFilter.java:179) ~[spring-security-web-6.5.5.jar:6.5.5]
	at org.springframework.security.web.FilterChainProxy$VirtualFilterChain.doFilter(FilterChainProxy.java:374) ~[spring-security-web-6.5.5.jar:6.5.5]
	at org.springframework.security.web.savedrequest.RequestCacheAwareFilter.doFilter(RequestCacheAwareFilter.java:63) ~[spring-security-web-6.5.5.jar:6.5.5]
	at org.springframework.security.web.FilterChainProxy$VirtualFilterChain.doFilter(FilterChainProxy.java:374) ~[spring-security-web-6.5.5.jar:6.5.5]
	at org.dubini.backofficeAPI.security.JwtFilter.doFilterInternal(JwtFilter.java:56) ~[classes/:na]
	at org.springframework.web.filter.OncePerRequestFilter.doFilter(OncePerRequestFilter.java:116) ~[spring-web-6.2.11.jar:6.2.11]
	at org.springframework.security.web.FilterChainProxy$VirtualFilterChain.doFilter(FilterChainProxy.java:374) ~[spring-security-web-6.5.5.jar:6.5.5]
	at org.springframework.security.web.authentication.logout.LogoutFilter.doFilter(LogoutFilter.java:107) ~[spring-security-web-6.5.5.jar:6.5.5]
	at org.springframework.security.web.authentication.logout.LogoutFilter.doFilter(LogoutFilter.java:93) ~[spring-security-web-6.5.5.jar:6.5.5]
	at org.springframework.security.web.FilterChainProxy$VirtualFilterChain.doFilter(FilterChainProxy.java:374) ~[spring-security-web-6.5.5.jar:6.5.5]
	at org.springframework.security.web.header.HeaderWriterFilter.doHeadersAfter(HeaderWriterFilter.java:90) ~[spring-security-web-6.5.5.jar:6.5.5]
	at org.springframework.security.web.header.HeaderWriterFilter.doFilterInternal(HeaderWriterFilter.java:75) ~[spring-security-web-6.5.5.jar:6.5.5]
	at org.springframework.web.filter.OncePerRequestFilter.doFilter(OncePerRequestFilter.java:116) ~[spring-web-6.2.11.jar:6.2.11]
	at org.springframework.security.web.FilterChainProxy$VirtualFilterChain.doFilter(FilterChainProxy.java:374) ~[spring-security-web-6.5.5.jar:6.5.5]
	at org.springframework.security.web.context.SecurityContextHolderFilter.doFilter(SecurityContextHolderFilter.java:82) ~[spring-security-web-6.5.5.jar:6.5.5]
	at org.springframework.security.web.context.SecurityContextHolderFilter.doFilter(SecurityContextHolderFilter.java:69) ~[spring-security-web-6.5.5.jar:6.5.5]
	at org.springframework.security.web.FilterChainProxy$VirtualFilterChain.doFilter(FilterChainProxy.java:374) ~[spring-security-web-6.5.5.jar:6.5.5]
	at org.springframework.security.web.context.request.async.WebAsyncManagerIntegrationFilter.doFilterInternal(WebAsyncManagerIntegrationFilter.java:62) ~[spring-security-web-6.5.5.jar:6.5.5]
	at org.springframework.web.filter.OncePerRequestFilter.doFilter(OncePerRequestFilter.java:116) ~[spring-web-6.2.11.jar:6.2.11]
	at org.springframework.security.web.FilterChainProxy$VirtualFilterChain.doFilter(FilterChainProxy.java:374) ~[spring-security-web-6.5.5.jar:6.5.5]
	at org.springframework.security.web.session.DisableEncodeUrlFilter.doFilterInternal(DisableEncodeUrlFilter.java:42) ~[spring-security-web-6.5.5.jar:6.5.5]
	at org.springframework.web.filter.OncePerRequestFilter.doFilter(OncePerRequestFilter.java:116) ~[spring-web-6.2.11.jar:6.2.11]
	at org.springframework.security.web.FilterChainProxy$VirtualFilterChain.doFilter(FilterChainProxy.java:374) ~[spring-security-web-6.5.5.jar:6.5.5]
	at org.springframework.security.web.FilterChainProxy.doFilterInternal(FilterChainProxy.java:233) ~[spring-security-web-6.5.5.jar:6.5.5]
	at org.springframework.security.web.FilterChainProxy.doFilter(FilterChainProxy.java:191) ~[spring-security-web-6.5.5.jar:6.5.5]
	at org.springframework.web.filter.CompositeFilter$VirtualFilterChain.doFilter(CompositeFilter.java:113) ~[spring-web-6.2.11.jar:6.2.11]
	at org.springframework.web.filter.ServletRequestPathFilter.doFilter(ServletRequestPathFilter.java:52) ~[spring-web-6.2.11.jar:6.2.11]
	at org.springframework.web.filter.CompositeFilter$VirtualFilterChain.doFilter(CompositeFilter.java:113) ~[spring-web-6.2.11.jar:6.2.11]
	at org.springframework.web.filter.CompositeFilter.doFilter(CompositeFilter.java:74) ~[spring-web-6.2.11.jar:6.2.11]
	at org.springframework.security.config.annotation.web.configuration.WebSecurityConfiguration$CompositeFilterChainProxy.doFilter(WebSecurityConfiguration.java:319) ~[spring-security-config-6.5.5.jar:6.5.5]
	at org.springframework.web.filter.CompositeFilter$VirtualFilterChain.doFilter(CompositeFilter.java:113) ~[spring-web-6.2.11.jar:6.2.11]
	at org.springframework.web.servlet.handler.HandlerMappingIntrospector.lambda$createCacheFilter$4(HandlerMappingIntrospector.java:267) ~[spring-webmvc-6.2.11.jar:6.2.11]
	at org.springframework.web.filter.CompositeFilter$VirtualFilterChain.doFilter(CompositeFilter.java:113) ~[spring-web-6.2.11.jar:6.2.11]
	at org.springframework.web.filter.CompositeFilter.doFilter(CompositeFilter.java:74) ~[spring-web-6.2.11.jar:6.2.11]
	at org.springframework.security.config.annotation.web.configuration.WebMvcSecurityConfiguration$CompositeFilterChainProxy.doFilter(WebMvcSecurityConfiguration.java:240) ~[spring-security-config-6.5.5.jar:6.5.5]
	at org.springframework.web.filter.DelegatingFilterProxy.invokeDelegate(DelegatingFilterProxy.java:362) ~[spring-web-6.2.11.jar:6.2.11]
	at org.springframework.web.filter.DelegatingFilterProxy.doFilter(DelegatingFilterProxy.java:278) ~[spring-web-6.2.11.jar:6.2.11]
	at org.apache.catalina.core.ApplicationFilterChain.internalDoFilter(ApplicationFilterChain.java:164) ~[tomcat-embed-core-10.1.46.jar:10.1.46]
	at org.apache.catalina.core.ApplicationFilterChain.doFilter(ApplicationFilterChain.java:140) ~[tomcat-embed-core-10.1.46.jar:10.1.46]
	at org.springframework.web.filter.RequestContextFilter.doFilterInternal(RequestContextFilter.java:100) ~[spring-web-6.2.11.jar:6.2.11]
	at org.springframework.web.filter.OncePerRequestFilter.doFilter(OncePerRequestFilter.java:116) ~[spring-web-6.2.11.jar:6.2.11]
	at org.apache.catalina.core.ApplicationFilterChain.internalDoFilter(ApplicationFilterChain.java:164) ~[tomcat-embed-core-10.1.46.jar:10.1.46]
	at org.apache.catalina.core.ApplicationFilterChain.doFilter(ApplicationFilterChain.java:140) ~[tomcat-embed-core-10.1.46.jar:10.1.46]
	at org.springframework.web.filter.FormContentFilter.doFilterInternal(FormContentFilter.java:93) ~[spring-web-6.2.11.jar:6.2.11]
	at org.springframework.web.filter.OncePerRequestFilter.doFilter(OncePerRequestFilter.java:116) ~[spring-web-6.2.11.jar:6.2.11]
	at org.apache.catalina.core.ApplicationFilterChain.internalDoFilter(ApplicationFilterChain.java:164) ~[tomcat-embed-core-10.1.46.jar:10.1.46]
	at org.apache.catalina.core.ApplicationFilterChain.doFilter(ApplicationFilterChain.java:140) ~[tomcat-embed-core-10.1.46.jar:10.1.46]
	at org.springframework.web.filter.CharacterEncodingFilter.doFilterInternal(CharacterEncodingFilter.java:201) ~[spring-web-6.2.11.jar:6.2.11]
	at org.springframework.web.filter.OncePerRequestFilter.doFilter(OncePerRequestFilter.java:116) ~[spring-web-6.2.11.jar:6.2.11]
	at org.apache.catalina.core.ApplicationFilterChain.internalDoFilter(ApplicationFilterChain.java:164) ~[tomcat-embed-core-10.1.46.jar:10.1.46]
	at org.apache.catalina.core.ApplicationFilterChain.doFilter(ApplicationFilterChain.java:140) ~[tomcat-embed-core-10.1.46.jar:10.1.46]
	at org.apache.catalina.core.StandardWrapperValve.invoke(StandardWrapperValve.java:167) ~[tomcat-embed-core-10.1.46.jar:10.1.46]
	at org.apache.catalina.core.StandardContextValve.invoke(StandardContextValve.java:90) ~[tomcat-embed-core-10.1.46.jar:10.1.46]
	at org.apache.catalina.authenticator.AuthenticatorBase.invoke(AuthenticatorBase.java:483) ~[tomcat-embed-core-10.1.46.jar:10.1.46]
	at org.apache.catalina.core.StandardHostValve.invoke(StandardHostValve.java:116) ~[tomcat-embed-core-10.1.46.jar:10.1.46]
	at org.apache.catalina.valves.ErrorReportValve.invoke(ErrorReportValve.java:93) ~[tomcat-embed-core-10.1.46.jar:10.1.46]
	at org.apache.catalina.core.StandardEngineValve.invoke(StandardEngineValve.java:74) ~[tomcat-embed-core-10.1.46.jar:10.1.46]
	at org.apache.catalina.connector.CoyoteAdapter.service(CoyoteAdapter.java:344) ~[tomcat-embed-core-10.1.46.jar:10.1.46]
	at org.apache.coyote.http11.Http11Processor.service(Http11Processor.java:398) ~[tomcat-embed-core-10.1.46.jar:10.1.46]
	at org.apache.coyote.AbstractProcessorLight.process(AbstractProcessorLight.java:63) ~[tomcat-embed-core-10.1.46.jar:10.1.46]
	at org.apache.coyote.AbstractProtocol$ConnectionHandler.process(AbstractProtocol.java:903) ~[tomcat-embed-core-10.1.46.jar:10.1.46]
	at org.apache.tomcat.util.net.NioEndpoint$SocketProcessor.doRun(NioEndpoint.java:1776) ~[tomcat-embed-core-10.1.46.jar:10.1.46]
	at org.apache.tomcat.util.net.SocketProcessorBase.run(SocketProcessorBase.java:52) ~[tomcat-embed-core-10.1.46.jar:10.1.46]
	at org.apache.tomcat.util.threads.ThreadPoolExecutor.runWorker(ThreadPoolExecutor.java:975) ~[tomcat-embed-core-10.1.46.jar:10.1.46]
	at org.apache.tomcat.util.threads.ThreadPoolExecutor$Worker.run(ThreadPoolExecutor.java:493) ~[tomcat-embed-core-10.1.46.jar:10.1.46]
	at org.apache.tomcat.util.threads.TaskThread$WrappingRunnable.run(TaskThread.java:63) ~[tomcat-embed-core-10.1.46.jar:10.1.46]
	at java.base/java.lang.Thread.run(Thread.java:842) ~[na:na]

2025-10-28T09:39:51.492Z  WARN 13508 --- [backofficeAPI] [http-nio-8080-exec-7] .m.m.a.ExceptionHandlerExceptionResolver : Resolved [org.springframework.web.servlet.resource.NoResourceFoundException: No static resource styles/components/content.css.]
2025-10-28T09:39:51.539Z DEBUG 13508 --- [backofficeAPI] [http-nio-8080-exec-2] o.s.s.w.a.AnonymousAuthenticationFilter  : Set SecurityContextHolder to anonymous SecurityContext
2025-10-28T09:39:51.545Z  WARN 13508 --- [backofficeAPI] [http-nio-8080-exec-1] .m.m.a.ExceptionHandlerExceptionResolver : Resolved [org.springframework.web.servlet.resource.NoResourceFoundException: No static resource styles/components/cards.css.]
2025-10-28T09:39:51.557Z DEBUG 13508 --- [backofficeAPI] [http-nio-8080-exec-2] o.s.security.web.FilterChainProxy        : Secured GET /assets/logo.png
2025-10-28T09:39:51.557Z DEBUG 13508 --- [backofficeAPI] [http-nio-8080-exec-3] o.s.s.w.a.AnonymousAuthenticationFilter  : Set SecurityContextHolder to anonymous SecurityContext
2025-10-28T09:39:51.560Z DEBUG 13508 --- [backofficeAPI] [http-nio-8080-exec-3] o.s.security.web.FilterChainProxy        : Secured GET /scripts/script.js
2025-10-28T09:39:51.592Z DEBUG 13508 --- [backofficeAPI] [http-nio-8080-exec-9] o.s.security.web.FilterChainProxy        : Securing GET /assets/background.png
2025-10-28T09:39:51.594Z DEBUG 13508 --- [backofficeAPI] [http-nio-8080-exec-6] o.s.security.web.FilterChainProxy        : Securing GET /assets/navmenu.png
2025-10-28T09:39:51.599Z DEBUG 13508 --- [backofficeAPI] [http-nio-8080-exec-9] o.s.s.w.a.AnonymousAuthenticationFilter  : Set SecurityContextHolder to anonymous SecurityContext
2025-10-28T09:39:51.599Z DEBUG 13508 --- [backofficeAPI] [http-nio-8080-exec-5] o.s.security.web.FilterChainProxy        : Securing GET /assets/example3.png
2025-10-28T09:39:51.601Z DEBUG 13508 --- [backofficeAPI] [http-nio-8080-exec-9] o.s.security.web.FilterChainProxy        : Secured GET /assets/background.png
2025-10-28T09:39:51.601Z DEBUG 13508 --- [backofficeAPI] [http-nio-8080-exec-6] o.s.s.w.a.AnonymousAuthenticationFilter  : Set SecurityContextHolder to anonymous SecurityContext
2025-10-28T09:39:51.602Z DEBUG 13508 --- [backofficeAPI] [http-nio-8080-exec-6] o.s.security.web.FilterChainProxy        : Secured GET /assets/navmenu.png
2025-10-28T09:39:51.602Z DEBUG 13508 --- [backofficeAPI] [http-nio-8080-exec-5] o.s.s.w.a.AnonymousAuthenticationFilter  : Set SecurityContextHolder to anonymous SecurityContext
2025-10-28T09:39:51.603Z DEBUG 13508 --- [backofficeAPI] [http-nio-8080-exec-5] o.s.security.web.FilterChainProxy        : Secured GET /assets/example3.png
2025-10-28T09:39:51.743Z DEBUG 13508 --- [backofficeAPI] [http-nio-8080-exec-4] o.s.security.web.FilterChainProxy        : Securing GET /favicon.ico
2025-10-28T09:39:51.745Z DEBUG 13508 --- [backofficeAPI] [http-nio-8080-exec-4] o.s.s.w.a.AnonymousAuthenticationFilter  : Set SecurityContextHolder to anonymous SecurityContext
2025-10-28T09:39:51.750Z DEBUG 13508 --- [backofficeAPI] [http-nio-8080-exec-4] o.s.security.web.FilterChainProxy        : Secured GET /favicon.ico
2025-10-28T09:39:51.759Z ERROR 13508 --- [backofficeAPI] [http-nio-8080-exec-4] o.d.b.exception.GlobalExceptionHandler   : Unexpected error occurred

org.springframework.web.servlet.resource.NoResourceFoundException: No static resource favicon.ico.
	at org.springframework.web.servlet.resource.ResourceHttpRequestHandler.handleRequest(ResourceHttpRequestHandler.java:585) ~[spring-webmvc-6.2.11.jar:6.2.11]
	at org.springframework.web.servlet.mvc.HttpRequestHandlerAdapter.handle(HttpRequestHandlerAdapter.java:52) ~[spring-webmvc-6.2.11.jar:6.2.11]
	at org.springframework.web.servlet.DispatcherServlet.doDispatch(DispatcherServlet.java:1089) ~[spring-webmvc-6.2.11.jar:6.2.11]
	at org.springframework.web.servlet.DispatcherServlet.doService(DispatcherServlet.java:979) ~[spring-webmvc-6.2.11.jar:6.2.11]
	at org.springframework.web.servlet.FrameworkServlet.processRequest(FrameworkServlet.java:1014) ~[spring-webmvc-6.2.11.jar:6.2.11]
	at org.springframework.web.servlet.FrameworkServlet.doGet(FrameworkServlet.java:903) ~[spring-webmvc-6.2.11.jar:6.2.11]
	at jakarta.servlet.http.HttpServlet.service(HttpServlet.java:564) ~[tomcat-embed-core-10.1.46.jar:6.0]
	at org.springframework.web.servlet.FrameworkServlet.service(FrameworkServlet.java:885) ~[spring-webmvc-6.2.11.jar:6.2.11]
	at jakarta.servlet.http.HttpServlet.service(HttpServlet.java:658) ~[tomcat-embed-core-10.1.46.jar:6.0]
	at org.apache.catalina.core.ApplicationFilterChain.internalDoFilter(ApplicationFilterChain.java:195) ~[tomcat-embed-core-10.1.46.jar:10.1.46]
	at org.apache.catalina.core.ApplicationFilterChain.doFilter(ApplicationFilterChain.java:140) ~[tomcat-embed-core-10.1.46.jar:10.1.46]
	at org.apache.tomcat.websocket.server.WsFilter.doFilter(WsFilter.java:51) ~[tomcat-embed-websocket-10.1.46.jar:10.1.46]
	at org.apache.catalina.core.ApplicationFilterChain.internalDoFilter(ApplicationFilterChain.java:164) ~[tomcat-embed-core-10.1.46.jar:10.1.46]
	at org.apache.catalina.core.ApplicationFilterChain.doFilter(ApplicationFilterChain.java:140) ~[tomcat-embed-core-10.1.46.jar:10.1.46]
	at org.springframework.web.filter.OncePerRequestFilter.doFilter(OncePerRequestFilter.java:110) ~[spring-web-6.2.11.jar:6.2.11]
	at org.apache.catalina.core.ApplicationFilterChain.internalDoFilter(ApplicationFilterChain.java:164) ~[tomcat-embed-core-10.1.46.jar:10.1.46]
	at org.apache.catalina.core.ApplicationFilterChain.doFilter(ApplicationFilterChain.java:140) ~[tomcat-embed-core-10.1.46.jar:10.1.46]
	at org.springframework.web.filter.CompositeFilter$VirtualFilterChain.doFilter(CompositeFilter.java:108) ~[spring-web-6.2.11.jar:6.2.11]
	at org.springframework.web.filter.CompositeFilter$VirtualFilterChain.doFilter(CompositeFilter.java:108) ~[spring-web-6.2.11.jar:6.2.11]
	at org.springframework.security.web.FilterChainProxy.lambda$doFilterInternal$3(FilterChainProxy.java:231) ~[spring-security-web-6.5.5.jar:6.5.5]
	at org.springframework.security.web.FilterChainProxy$VirtualFilterChain.doFilter(FilterChainProxy.java:365) ~[spring-security-web-6.5.5.jar:6.5.5]
	at org.springframework.security.web.access.intercept.AuthorizationFilter.doFilter(AuthorizationFilter.java:101) ~[spring-security-web-6.5.5.jar:6.5.5]
	at org.springframework.security.web.FilterChainProxy$VirtualFilterChain.doFilter(FilterChainProxy.java:374) ~[spring-security-web-6.5.5.jar:6.5.5]
	at org.springframework.security.web.access.ExceptionTranslationFilter.doFilter(ExceptionTranslationFilter.java:125) ~[spring-security-web-6.5.5.jar:6.5.5]
	at org.springframework.security.web.access.ExceptionTranslationFilter.doFilter(ExceptionTranslationFilter.java:119) ~[spring-security-web-6.5.5.jar:6.5.5]
	at org.springframework.security.web.FilterChainProxy$VirtualFilterChain.doFilter(FilterChainProxy.java:374) ~[spring-security-web-6.5.5.jar:6.5.5]
	at org.springframework.security.web.session.SessionManagementFilter.doFilter(SessionManagementFilter.java:131) ~[spring-security-web-6.5.5.jar:6.5.5]
	at org.springframework.security.web.session.SessionManagementFilter.doFilter(SessionManagementFilter.java:85) ~[spring-security-web-6.5.5.jar:6.5.5]
	at org.springframework.security.web.FilterChainProxy$VirtualFilterChain.doFilter(FilterChainProxy.java:374) ~[spring-security-web-6.5.5.jar:6.5.5]
	at org.springframework.security.web.authentication.AnonymousAuthenticationFilter.doFilter(AnonymousAuthenticationFilter.java:100) ~[spring-security-web-6.5.5.jar:6.5.5]
	at org.springframework.security.web.FilterChainProxy$VirtualFilterChain.doFilter(FilterChainProxy.java:374) ~[spring-security-web-6.5.5.jar:6.5.5]
	at org.springframework.security.web.servletapi.SecurityContextHolderAwareRequestFilter.doFilter(SecurityContextHolderAwareRequestFilter.java:179) ~[spring-security-web-6.5.5.jar:6.5.5]
	at org.springframework.security.web.FilterChainProxy$VirtualFilterChain.doFilter(FilterChainProxy.java:374) ~[spring-security-web-6.5.5.jar:6.5.5]
	at org.springframework.security.web.savedrequest.RequestCacheAwareFilter.doFilter(RequestCacheAwareFilter.java:63) ~[spring-security-web-6.5.5.jar:6.5.5]
	at org.springframework.security.web.FilterChainProxy$VirtualFilterChain.doFilter(FilterChainProxy.java:374) ~[spring-security-web-6.5.5.jar:6.5.5]
	at org.dubini.backofficeAPI.security.JwtFilter.doFilterInternal(JwtFilter.java:56) ~[classes/:na]
	at org.springframework.web.filter.OncePerRequestFilter.doFilter(OncePerRequestFilter.java:116) ~[spring-web-6.2.11.jar:6.2.11]
	at org.springframework.security.web.FilterChainProxy$VirtualFilterChain.doFilter(FilterChainProxy.java:374) ~[spring-security-web-6.5.5.jar:6.5.5]
	at org.springframework.security.web.authentication.logout.LogoutFilter.doFilter(LogoutFilter.java:107) ~[spring-security-web-6.5.5.jar:6.5.5]
	at org.springframework.security.web.authentication.logout.LogoutFilter.doFilter(LogoutFilter.java:93) ~[spring-security-web-6.5.5.jar:6.5.5]
	at org.springframework.security.web.FilterChainProxy$VirtualFilterChain.doFilter(FilterChainProxy.java:374) ~[spring-security-web-6.5.5.jar:6.5.5]
	at org.springframework.security.web.header.HeaderWriterFilter.doHeadersAfter(HeaderWriterFilter.java:90) ~[spring-security-web-6.5.5.jar:6.5.5]
	at org.springframework.security.web.header.HeaderWriterFilter.doFilterInternal(HeaderWriterFilter.java:75) ~[spring-security-web-6.5.5.jar:6.5.5]
	at org.springframework.web.filter.OncePerRequestFilter.doFilter(OncePerRequestFilter.java:116) ~[spring-web-6.2.11.jar:6.2.11]
	at org.springframework.security.web.FilterChainProxy$VirtualFilterChain.doFilter(FilterChainProxy.java:374) ~[spring-security-web-6.5.5.jar:6.5.5]
	at org.springframework.security.web.context.SecurityContextHolderFilter.doFilter(SecurityContextHolderFilter.java:82) ~[spring-security-web-6.5.5.jar:6.5.5]
	at org.springframework.security.web.context.SecurityContextHolderFilter.doFilter(SecurityContextHolderFilter.java:69) ~[spring-security-web-6.5.5.jar:6.5.5]
	at org.springframework.security.web.FilterChainProxy$VirtualFilterChain.doFilter(FilterChainProxy.java:374) ~[spring-security-web-6.5.5.jar:6.5.5]
	at org.springframework.security.web.context.request.async.WebAsyncManagerIntegrationFilter.doFilterInternal(WebAsyncManagerIntegrationFilter.java:62) ~[spring-security-web-6.5.5.jar:6.5.5]
	at org.springframework.web.filter.OncePerRequestFilter.doFilter(OncePerRequestFilter.java:116) ~[spring-web-6.2.11.jar:6.2.11]
	at org.springframework.security.web.FilterChainProxy$VirtualFilterChain.doFilter(FilterChainProxy.java:374) ~[spring-security-web-6.5.5.jar:6.5.5]
	at org.springframework.security.web.session.DisableEncodeUrlFilter.doFilterInternal(DisableEncodeUrlFilter.java:42) ~[spring-security-web-6.5.5.jar:6.5.5]
	at org.springframework.web.filter.OncePerRequestFilter.doFilter(OncePerRequestFilter.java:116) ~[spring-web-6.2.11.jar:6.2.11]
	at org.springframework.security.web.FilterChainProxy$VirtualFilterChain.doFilter(FilterChainProxy.java:374) ~[spring-security-web-6.5.5.jar:6.5.5]
	at org.springframework.security.web.FilterChainProxy.doFilterInternal(FilterChainProxy.java:233) ~[spring-security-web-6.5.5.jar:6.5.5]
	at org.springframework.security.web.FilterChainProxy.doFilter(FilterChainProxy.java:191) ~[spring-security-web-6.5.5.jar:6.5.5]
	at org.springframework.web.filter.CompositeFilter$VirtualFilterChain.doFilter(CompositeFilter.java:113) ~[spring-web-6.2.11.jar:6.2.11]
	at org.springframework.web.filter.ServletRequestPathFilter.doFilter(ServletRequestPathFilter.java:52) ~[spring-web-6.2.11.jar:6.2.11]
	at org.springframework.web.filter.CompositeFilter$VirtualFilterChain.doFilter(CompositeFilter.java:113) ~[spring-web-6.2.11.jar:6.2.11]
	at org.springframework.web.filter.CompositeFilter.doFilter(CompositeFilter.java:74) ~[spring-web-6.2.11.jar:6.2.11]
	at org.springframework.security.config.annotation.web.configuration.WebSecurityConfiguration$CompositeFilterChainProxy.doFilter(WebSecurityConfiguration.java:319) ~[spring-security-config-6.5.5.jar:6.5.5]
	at org.springframework.web.filter.CompositeFilter$VirtualFilterChain.doFilter(CompositeFilter.java:113) ~[spring-web-6.2.11.jar:6.2.11]
	at org.springframework.web.servlet.handler.HandlerMappingIntrospector.lambda$createCacheFilter$4(HandlerMappingIntrospector.java:267) ~[spring-webmvc-6.2.11.jar:6.2.11]
	at org.springframework.web.filter.CompositeFilter$VirtualFilterChain.doFilter(CompositeFilter.java:113) ~[spring-web-6.2.11.jar:6.2.11]
	at org.springframework.web.filter.CompositeFilter.doFilter(CompositeFilter.java:74) ~[spring-web-6.2.11.jar:6.2.11]
	at org.springframework.security.config.annotation.web.configuration.WebMvcSecurityConfiguration$CompositeFilterChainProxy.doFilter(WebMvcSecurityConfiguration.java:240) ~[spring-security-config-6.5.5.jar:6.5.5]
	at org.springframework.web.filter.DelegatingFilterProxy.invokeDelegate(DelegatingFilterProxy.java:362) ~[spring-web-6.2.11.jar:6.2.11]
	at org.springframework.web.filter.DelegatingFilterProxy.doFilter(DelegatingFilterProxy.java:278) ~[spring-web-6.2.11.jar:6.2.11]
	at org.apache.catalina.core.ApplicationFilterChain.internalDoFilter(ApplicationFilterChain.java:164) ~[tomcat-embed-core-10.1.46.jar:10.1.46]
	at org.apache.catalina.core.ApplicationFilterChain.doFilter(ApplicationFilterChain.java:140) ~[tomcat-embed-core-10.1.46.jar:10.1.46]
	at org.springframework.web.filter.RequestContextFilter.doFilterInternal(RequestContextFilter.java:100) ~[spring-web-6.2.11.jar:6.2.11]
	at org.springframework.web.filter.OncePerRequestFilter.doFilter(OncePerRequestFilter.java:116) ~[spring-web-6.2.11.jar:6.2.11]
	at org.apache.catalina.core.ApplicationFilterChain.internalDoFilter(ApplicationFilterChain.java:164) ~[tomcat-embed-core-10.1.46.jar:10.1.46]
	at org.apache.catalina.core.ApplicationFilterChain.doFilter(ApplicationFilterChain.java:140) ~[tomcat-embed-core-10.1.46.jar:10.1.46]
	at org.springframework.web.filter.FormContentFilter.doFilterInternal(FormContentFilter.java:93) ~[spring-web-6.2.11.jar:6.2.11]
	at org.springframework.web.filter.OncePerRequestFilter.doFilter(OncePerRequestFilter.java:116) ~[spring-web-6.2.11.jar:6.2.11]
	at org.apache.catalina.core.ApplicationFilterChain.internalDoFilter(ApplicationFilterChain.java:164) ~[tomcat-embed-core-10.1.46.jar:10.1.46]
	at org.apache.catalina.core.ApplicationFilterChain.doFilter(ApplicationFilterChain.java:140) ~[tomcat-embed-core-10.1.46.jar:10.1.46]
	at org.springframework.web.filter.CharacterEncodingFilter.doFilterInternal(CharacterEncodingFilter.java:201) ~[spring-web-6.2.11.jar:6.2.11]
	at org.springframework.web.filter.OncePerRequestFilter.doFilter(OncePerRequestFilter.java:116) ~[spring-web-6.2.11.jar:6.2.11]
	at org.apache.catalina.core.ApplicationFilterChain.internalDoFilter(ApplicationFilterChain.java:164) ~[tomcat-embed-core-10.1.46.jar:10.1.46]
	at org.apache.catalina.core.ApplicationFilterChain.doFilter(ApplicationFilterChain.java:140) ~[tomcat-embed-core-10.1.46.jar:10.1.46]
	at org.apache.catalina.core.StandardWrapperValve.invoke(StandardWrapperValve.java:167) ~[tomcat-embed-core-10.1.46.jar:10.1.46]
	at org.apache.catalina.core.StandardContextValve.invoke(StandardContextValve.java:90) ~[tomcat-embed-core-10.1.46.jar:10.1.46]
	at org.apache.catalina.authenticator.AuthenticatorBase.invoke(AuthenticatorBase.java:483) ~[tomcat-embed-core-10.1.46.jar:10.1.46]
	at org.apache.catalina.core.StandardHostValve.invoke(StandardHostValve.java:116) ~[tomcat-embed-core-10.1.46.jar:10.1.46]
	at org.apache.catalina.valves.ErrorReportValve.invoke(ErrorReportValve.java:93) ~[tomcat-embed-core-10.1.46.jar:10.1.46]
	at org.apache.catalina.core.StandardEngineValve.invoke(StandardEngineValve.java:74) ~[tomcat-embed-core-10.1.46.jar:10.1.46]
	at org.apache.catalina.connector.CoyoteAdapter.service(CoyoteAdapter.java:344) ~[tomcat-embed-core-10.1.46.jar:10.1.46]
	at org.apache.coyote.http11.Http11Processor.service(Http11Processor.java:398) ~[tomcat-embed-core-10.1.46.jar:10.1.46]
	at org.apache.coyote.AbstractProcessorLight.process(AbstractProcessorLight.java:63) ~[tomcat-embed-core-10.1.46.jar:10.1.46]
	at org.apache.coyote.AbstractProtocol$ConnectionHandler.process(AbstractProtocol.java:903) ~[tomcat-embed-core-10.1.46.jar:10.1.46]
	at org.apache.tomcat.util.net.NioEndpoint$SocketProcessor.doRun(NioEndpoint.java:1776) ~[tomcat-embed-core-10.1.46.jar:10.1.46]
	at org.apache.tomcat.util.net.SocketProcessorBase.run(SocketProcessorBase.java:52) ~[tomcat-embed-core-10.1.46.jar:10.1.46]
	at org.apache.tomcat.util.threads.ThreadPoolExecutor.runWorker(ThreadPoolExecutor.java:975) ~[tomcat-embed-core-10.1.46.jar:10.1.46]
	at org.apache.tomcat.util.threads.ThreadPoolExecutor$Worker.run(ThreadPoolExecutor.java:493) ~[tomcat-embed-core-10.1.46.jar:10.1.46]
	at org.apache.tomcat.util.threads.TaskThread$WrappingRunnable.run(TaskThread.java:63) ~[tomcat-embed-core-10.1.46.jar:10.1.46]
	at java.base/java.lang.Thread.run(Thread.java:842) ~[na:na]

2025-10-28T09:39:51.774Z  WARN 13508 --- [backofficeAPI] [http-nio-8080-exec-4] .m.m.a.ExceptionHandlerExceptionResolver : Resolved [org.springframework.web.servlet.resource.NoResourceFoundException: No static resource favicon.ico.]
2025-10-28T09:39:57.484Z DEBUG 13508 --- [backofficeAPI] [http-nio-8080-exec-8] o.s.security.web.FilterChainProxy        : Securing GET /editor/noticias
2025-10-28T09:39:57.495Z DEBUG 13508 --- [backofficeAPI] [http-nio-8080-exec-8] o.s.security.web.FilterChainProxy        : Secured GET /editor/noticias
2025-10-28T09:39:57.518Z  WARN 13508 --- [backofficeAPI] [http-nio-8080-exec-8] actStandardFragmentInsertionTagProcessor : [THYMELEAF][http-nio-8080-exec-8][news] Deprecated unwrapped fragment expression "fragments/header :: header" found in template news, line 18, col 8. Please use the complete syntax of fragment expressions instead ("~{fragments/header :: header}"). The old, unwrapped syntax for fragment expressions will be removed in future versions of Thymeleaf.
2025-10-28T09:39:57.754Z DEBUG 13508 --- [backofficeAPI] [http-nio-8080-exec-10] o.s.security.web.FilterChainProxy        : Securing GET /styles/layout/header.css
2025-10-28T09:39:57.768Z DEBUG 13508 --- [backofficeAPI] [http-nio-8080-exec-3] o.s.security.web.FilterChainProxy        : Securing GET /styles/layout/footer.css
2025-10-28T09:39:57.768Z DEBUG 13508 --- [backofficeAPI] [http-nio-8080-exec-7] o.s.security.web.FilterChainProxy        : Securing GET /styles/base.css
2025-10-28T09:39:57.768Z DEBUG 13508 --- [backofficeAPI] [http-nio-8080-exec-1] o.s.security.web.FilterChainProxy        : Securing GET /styles/login.css
2025-10-28T09:39:57.770Z DEBUG 13508 --- [backofficeAPI] [http-nio-8080-exec-10] o.s.s.w.a.AnonymousAuthenticationFilter  : Set SecurityContextHolder to anonymous SecurityContext
2025-10-28T09:39:57.775Z DEBUG 13508 --- [backofficeAPI] [http-nio-8080-exec-2] o.s.security.web.FilterChainProxy        : Securing GET /styles/news.css
2025-10-28T09:39:57.782Z DEBUG 13508 --- [backofficeAPI] [http-nio-8080-exec-10] o.s.security.web.FilterChainProxy        : Secured GET /styles/layout/header.css
2025-10-28T09:39:57.782Z DEBUG 13508 --- [backofficeAPI] [http-nio-8080-exec-7] o.s.s.w.a.AnonymousAuthenticationFilter  : Set SecurityContextHolder to anonymous SecurityContext
2025-10-28T09:39:57.782Z DEBUG 13508 --- [backofficeAPI] [http-nio-8080-exec-1] o.s.s.w.a.AnonymousAuthenticationFilter  : Set SecurityContextHolder to anonymous SecurityContext
2025-10-28T09:39:57.783Z DEBUG 13508 --- [backofficeAPI] [http-nio-8080-exec-3] o.s.s.w.a.AnonymousAuthenticationFilter  : Set SecurityContextHolder to anonymous SecurityContext
2025-10-28T09:39:57.784Z DEBUG 13508 --- [backofficeAPI] [http-nio-8080-exec-7] o.s.security.web.FilterChainProxy        : Secured GET /styles/base.css
2025-10-28T09:39:57.786Z DEBUG 13508 --- [backofficeAPI] [http-nio-8080-exec-3] o.s.security.web.FilterChainProxy        : Secured GET /styles/layout/footer.css
2025-10-28T09:39:57.784Z DEBUG 13508 --- [backofficeAPI] [http-nio-8080-exec-2] o.s.s.w.a.AnonymousAuthenticationFilter  : Set SecurityContextHolder to anonymous SecurityContext
2025-10-28T09:39:57.785Z DEBUG 13508 --- [backofficeAPI] [http-nio-8080-exec-1] o.s.security.web.FilterChainProxy        : Secured GET /styles/login.css
2025-10-28T09:39:57.786Z DEBUG 13508 --- [backofficeAPI] [http-nio-8080-exec-9] o.s.security.web.FilterChainProxy        : Securing GET /scripts/pages/news.js
2025-10-28T09:39:57.787Z DEBUG 13508 --- [backofficeAPI] [http-nio-8080-exec-2] o.s.security.web.FilterChainProxy        : Secured GET /styles/news.css
2025-10-28T09:39:57.788Z DEBUG 13508 --- [backofficeAPI] [http-nio-8080-exec-9] o.s.s.w.a.AnonymousAuthenticationFilter  : Set SecurityContextHolder to anonymous SecurityContext
2025-10-28T09:39:57.789Z DEBUG 13508 --- [backofficeAPI] [http-nio-8080-exec-9] o.s.security.web.FilterChainProxy        : Secured GET /scripts/pages/news.js
2025-10-28T09:39:57.815Z DEBUG 13508 --- [backofficeAPI] [http-nio-8080-exec-6] o.s.security.web.FilterChainProxy        : Securing GET /assets/logo.png
2025-10-28T09:39:57.818Z DEBUG 13508 --- [backofficeAPI] [http-nio-8080-exec-6] o.s.s.w.a.AnonymousAuthenticationFilter  : Set SecurityContextHolder to anonymous SecurityContext
2025-10-28T09:39:57.820Z DEBUG 13508 --- [backofficeAPI] [http-nio-8080-exec-6] o.s.security.web.FilterChainProxy        : Secured GET /assets/logo.png
2025-10-28T09:39:57.837Z DEBUG 13508 --- [backofficeAPI] [http-nio-8080-exec-5] o.s.security.web.FilterChainProxy        : Securing GET /scripts/script.js
2025-10-28T09:39:57.838Z DEBUG 13508 --- [backofficeAPI] [http-nio-8080-exec-5] o.s.s.w.a.AnonymousAuthenticationFilter  : Set SecurityContextHolder to anonymous SecurityContext
2025-10-28T09:39:57.839Z DEBUG 13508 --- [backofficeAPI] [http-nio-8080-exec-5] o.s.security.web.FilterChainProxy        : Secured GET /scripts/script.js
2025-10-28T09:39:57.860Z DEBUG 13508 --- [backofficeAPI] [http-nio-8080-exec-8] o.s.security.web.FilterChainProxy        : Securing GET /assets/background.png
2025-10-28T09:39:57.862Z DEBUG 13508 --- [backofficeAPI] [http-nio-8080-exec-4] o.s.security.web.FilterChainProxy        : Securing GET /assets/navmenu.png
2025-10-28T09:39:57.869Z DEBUG 13508 --- [backofficeAPI] [http-nio-8080-exec-8] o.s.s.w.a.AnonymousAuthenticationFilter  : Set SecurityContextHolder to anonymous SecurityContext
2025-10-28T09:39:57.870Z DEBUG 13508 --- [backofficeAPI] [http-nio-8080-exec-4] o.s.s.w.a.AnonymousAuthenticationFilter  : Set SecurityContextHolder to anonymous SecurityContext
2025-10-28T09:39:57.872Z DEBUG 13508 --- [backofficeAPI] [http-nio-8080-exec-8] o.s.security.web.FilterChainProxy        : Secured GET /assets/background.png
2025-10-28T09:39:57.872Z DEBUG 13508 --- [backofficeAPI] [http-nio-8080-exec-4] o.s.security.web.FilterChainProxy        : Secured GET /assets/navmenu.png
2025-10-28T09:39:57.913Z DEBUG 13508 --- [backofficeAPI] [http-nio-8080-exec-3] o.s.security.web.FilterChainProxy        : Securing GET /scripts/api/newsService.js
2025-10-28T09:39:57.917Z DEBUG 13508 --- [backofficeAPI] [http-nio-8080-exec-3] o.s.s.w.a.AnonymousAuthenticationFilter  : Set SecurityContextHolder to anonymous SecurityContext
2025-10-28T09:39:57.923Z DEBUG 13508 --- [backofficeAPI] [http-nio-8080-exec-3] o.s.security.web.FilterChainProxy        : Secured GET /scripts/api/newsService.js
2025-10-28T09:39:57.951Z DEBUG 13508 --- [backofficeAPI] [http-nio-8080-exec-7] o.s.security.web.FilterChainProxy        : Securing GET /api/news
2025-10-28T09:39:57.955Z DEBUG 13508 --- [backofficeAPI] [http-nio-8080-exec-1] o.s.security.web.FilterChainProxy        : Securing GET /favicon.ico
2025-10-28T09:39:57.956Z DEBUG 13508 --- [backofficeAPI] [http-nio-8080-exec-1] o.s.s.w.a.AnonymousAuthenticationFilter  : Set SecurityContextHolder to anonymous SecurityContext
2025-10-28T09:39:57.957Z DEBUG 13508 --- [backofficeAPI] [http-nio-8080-exec-1] o.s.security.web.FilterChainProxy        : Secured GET /favicon.ico
2025-10-28T09:39:57.958Z DEBUG 13508 --- [backofficeAPI] [http-nio-8080-exec-7] o.s.security.web.FilterChainProxy        : Secured GET /api/news
2025-10-28T09:39:57.960Z DEBUG 13508 --- [backofficeAPI] [http-nio-8080-exec-7] o.d.b.controller.NewsController          : GET request to retrieve all news
2025-10-28T09:39:57.961Z DEBUG 13508 --- [backofficeAPI] [http-nio-8080-exec-7] o.d.backofficeAPI.service.NewsService    : Retrieving all news
2025-10-28T09:39:57.960Z ERROR 13508 --- [backofficeAPI] [http-nio-8080-exec-1] o.d.b.exception.GlobalExceptionHandler   : Unexpected error occurred

org.springframework.web.servlet.resource.NoResourceFoundException: No static resource favicon.ico.
	at org.springframework.web.servlet.resource.ResourceHttpRequestHandler.handleRequest(ResourceHttpRequestHandler.java:585) ~[spring-webmvc-6.2.11.jar:6.2.11]
	at org.springframework.web.servlet.mvc.HttpRequestHandlerAdapter.handle(HttpRequestHandlerAdapter.java:52) ~[spring-webmvc-6.2.11.jar:6.2.11]
	at org.springframework.web.servlet.DispatcherServlet.doDispatch(DispatcherServlet.java:1089) ~[spring-webmvc-6.2.11.jar:6.2.11]
	at org.springframework.web.servlet.DispatcherServlet.doService(DispatcherServlet.java:979) ~[spring-webmvc-6.2.11.jar:6.2.11]
	at org.springframework.web.servlet.FrameworkServlet.processRequest(FrameworkServlet.java:1014) ~[spring-webmvc-6.2.11.jar:6.2.11]
	at org.springframework.web.servlet.FrameworkServlet.doGet(FrameworkServlet.java:903) ~[spring-webmvc-6.2.11.jar:6.2.11]
	at jakarta.servlet.http.HttpServlet.service(HttpServlet.java:564) ~[tomcat-embed-core-10.1.46.jar:6.0]
	at org.springframework.web.servlet.FrameworkServlet.service(FrameworkServlet.java:885) ~[spring-webmvc-6.2.11.jar:6.2.11]
	at jakarta.servlet.http.HttpServlet.service(HttpServlet.java:658) ~[tomcat-embed-core-10.1.46.jar:6.0]
	at org.apache.catalina.core.ApplicationFilterChain.internalDoFilter(ApplicationFilterChain.java:195) ~[tomcat-embed-core-10.1.46.jar:10.1.46]
	at org.apache.catalina.core.ApplicationFilterChain.doFilter(ApplicationFilterChain.java:140) ~[tomcat-embed-core-10.1.46.jar:10.1.46]
	at org.apache.tomcat.websocket.server.WsFilter.doFilter(WsFilter.java:51) ~[tomcat-embed-websocket-10.1.46.jar:10.1.46]
	at org.apache.catalina.core.ApplicationFilterChain.internalDoFilter(ApplicationFilterChain.java:164) ~[tomcat-embed-core-10.1.46.jar:10.1.46]
	at org.apache.catalina.core.ApplicationFilterChain.doFilter(ApplicationFilterChain.java:140) ~[tomcat-embed-core-10.1.46.jar:10.1.46]
	at org.springframework.web.filter.OncePerRequestFilter.doFilter(OncePerRequestFilter.java:110) ~[spring-web-6.2.11.jar:6.2.11]
	at org.apache.catalina.core.ApplicationFilterChain.internalDoFilter(ApplicationFilterChain.java:164) ~[tomcat-embed-core-10.1.46.jar:10.1.46]
	at org.apache.catalina.core.ApplicationFilterChain.doFilter(ApplicationFilterChain.java:140) ~[tomcat-embed-core-10.1.46.jar:10.1.46]
	at org.springframework.web.filter.CompositeFilter$VirtualFilterChain.doFilter(CompositeFilter.java:108) ~[spring-web-6.2.11.jar:6.2.11]
	at org.springframework.web.filter.CompositeFilter$VirtualFilterChain.doFilter(CompositeFilter.java:108) ~[spring-web-6.2.11.jar:6.2.11]
	at org.springframework.security.web.FilterChainProxy.lambda$doFilterInternal$3(FilterChainProxy.java:231) ~[spring-security-web-6.5.5.jar:6.5.5]
	at org.springframework.security.web.FilterChainProxy$VirtualFilterChain.doFilter(FilterChainProxy.java:365) ~[spring-security-web-6.5.5.jar:6.5.5]
	at org.springframework.security.web.access.intercept.AuthorizationFilter.doFilter(AuthorizationFilter.java:101) ~[spring-security-web-6.5.5.jar:6.5.5]
	at org.springframework.security.web.FilterChainProxy$VirtualFilterChain.doFilter(FilterChainProxy.java:374) ~[spring-security-web-6.5.5.jar:6.5.5]
	at org.springframework.security.web.access.ExceptionTranslationFilter.doFilter(ExceptionTranslationFilter.java:125) ~[spring-security-web-6.5.5.jar:6.5.5]
	at org.springframework.security.web.access.ExceptionTranslationFilter.doFilter(ExceptionTranslationFilter.java:119) ~[spring-security-web-6.5.5.jar:6.5.5]
	at org.springframework.security.web.FilterChainProxy$VirtualFilterChain.doFilter(FilterChainProxy.java:374) ~[spring-security-web-6.5.5.jar:6.5.5]
	at org.springframework.security.web.session.SessionManagementFilter.doFilter(SessionManagementFilter.java:131) ~[spring-security-web-6.5.5.jar:6.5.5]
	at org.springframework.security.web.session.SessionManagementFilter.doFilter(SessionManagementFilter.java:85) ~[spring-security-web-6.5.5.jar:6.5.5]
	at org.springframework.security.web.FilterChainProxy$VirtualFilterChain.doFilter(FilterChainProxy.java:374) ~[spring-security-web-6.5.5.jar:6.5.5]
	at org.springframework.security.web.authentication.AnonymousAuthenticationFilter.doFilter(AnonymousAuthenticationFilter.java:100) ~[spring-security-web-6.5.5.jar:6.5.5]
	at org.springframework.security.web.FilterChainProxy$VirtualFilterChain.doFilter(FilterChainProxy.java:374) ~[spring-security-web-6.5.5.jar:6.5.5]
	at org.springframework.security.web.servletapi.SecurityContextHolderAwareRequestFilter.doFilter(SecurityContextHolderAwareRequestFilter.java:179) ~[spring-security-web-6.5.5.jar:6.5.5]
	at org.springframework.security.web.FilterChainProxy$VirtualFilterChain.doFilter(FilterChainProxy.java:374) ~[spring-security-web-6.5.5.jar:6.5.5]
	at org.springframework.security.web.savedrequest.RequestCacheAwareFilter.doFilter(RequestCacheAwareFilter.java:63) ~[spring-security-web-6.5.5.jar:6.5.5]
	at org.springframework.security.web.FilterChainProxy$VirtualFilterChain.doFilter(FilterChainProxy.java:374) ~[spring-security-web-6.5.5.jar:6.5.5]
	at org.dubini.backofficeAPI.security.JwtFilter.doFilterInternal(JwtFilter.java:56) ~[classes/:na]
	at org.springframework.web.filter.OncePerRequestFilter.doFilter(OncePerRequestFilter.java:116) ~[spring-web-6.2.11.jar:6.2.11]
	at org.springframework.security.web.FilterChainProxy$VirtualFilterChain.doFilter(FilterChainProxy.java:374) ~[spring-security-web-6.5.5.jar:6.5.5]
	at org.springframework.security.web.authentication.logout.LogoutFilter.doFilter(LogoutFilter.java:107) ~[spring-security-web-6.5.5.jar:6.5.5]
	at org.springframework.security.web.authentication.logout.LogoutFilter.doFilter(LogoutFilter.java:93) ~[spring-security-web-6.5.5.jar:6.5.5]
	at org.springframework.security.web.FilterChainProxy$VirtualFilterChain.doFilter(FilterChainProxy.java:374) ~[spring-security-web-6.5.5.jar:6.5.5]
	at org.springframework.security.web.header.HeaderWriterFilter.doHeadersAfter(HeaderWriterFilter.java:90) ~[spring-security-web-6.5.5.jar:6.5.5]
	at org.springframework.security.web.header.HeaderWriterFilter.doFilterInternal(HeaderWriterFilter.java:75) ~[spring-security-web-6.5.5.jar:6.5.5]
	at org.springframework.web.filter.OncePerRequestFilter.doFilter(OncePerRequestFilter.java:116) ~[spring-web-6.2.11.jar:6.2.11]
	at org.springframework.security.web.FilterChainProxy$VirtualFilterChain.doFilter(FilterChainProxy.java:374) ~[spring-security-web-6.5.5.jar:6.5.5]
	at org.springframework.security.web.context.SecurityContextHolderFilter.doFilter(SecurityContextHolderFilter.java:82) ~[spring-security-web-6.5.5.jar:6.5.5]
	at org.springframework.security.web.context.SecurityContextHolderFilter.doFilter(SecurityContextHolderFilter.java:69) ~[spring-security-web-6.5.5.jar:6.5.5]
	at org.springframework.security.web.FilterChainProxy$VirtualFilterChain.doFilter(FilterChainProxy.java:374) ~[spring-security-web-6.5.5.jar:6.5.5]
	at org.springframework.security.web.context.request.async.WebAsyncManagerIntegrationFilter.doFilterInternal(WebAsyncManagerIntegrationFilter.java:62) ~[spring-security-web-6.5.5.jar:6.5.5]
	at org.springframework.web.filter.OncePerRequestFilter.doFilter(OncePerRequestFilter.java:116) ~[spring-web-6.2.11.jar:6.2.11]
	at org.springframework.security.web.FilterChainProxy$VirtualFilterChain.doFilter(FilterChainProxy.java:374) ~[spring-security-web-6.5.5.jar:6.5.5]
	at org.springframework.security.web.session.DisableEncodeUrlFilter.doFilterInternal(DisableEncodeUrlFilter.java:42) ~[spring-security-web-6.5.5.jar:6.5.5]
	at org.springframework.web.filter.OncePerRequestFilter.doFilter(OncePerRequestFilter.java:116) ~[spring-web-6.2.11.jar:6.2.11]
	at org.springframework.security.web.FilterChainProxy$VirtualFilterChain.doFilter(FilterChainProxy.java:374) ~[spring-security-web-6.5.5.jar:6.5.5]
	at org.springframework.security.web.FilterChainProxy.doFilterInternal(FilterChainProxy.java:233) ~[spring-security-web-6.5.5.jar:6.5.5]
	at org.springframework.security.web.FilterChainProxy.doFilter(FilterChainProxy.java:191) ~[spring-security-web-6.5.5.jar:6.5.5]
	at org.springframework.web.filter.CompositeFilter$VirtualFilterChain.doFilter(CompositeFilter.java:113) ~[spring-web-6.2.11.jar:6.2.11]
	at org.springframework.web.filter.ServletRequestPathFilter.doFilter(ServletRequestPathFilter.java:52) ~[spring-web-6.2.11.jar:6.2.11]
	at org.springframework.web.filter.CompositeFilter$VirtualFilterChain.doFilter(CompositeFilter.java:113) ~[spring-web-6.2.11.jar:6.2.11]
	at org.springframework.web.filter.CompositeFilter.doFilter(CompositeFilter.java:74) ~[spring-web-6.2.11.jar:6.2.11]
	at org.springframework.security.config.annotation.web.configuration.WebSecurityConfiguration$CompositeFilterChainProxy.doFilter(WebSecurityConfiguration.java:319) ~[spring-security-config-6.5.5.jar:6.5.5]
	at org.springframework.web.filter.CompositeFilter$VirtualFilterChain.doFilter(CompositeFilter.java:113) ~[spring-web-6.2.11.jar:6.2.11]
	at org.springframework.web.servlet.handler.HandlerMappingIntrospector.lambda$createCacheFilter$4(HandlerMappingIntrospector.java:267) ~[spring-webmvc-6.2.11.jar:6.2.11]
	at org.springframework.web.filter.CompositeFilter$VirtualFilterChain.doFilter(CompositeFilter.java:113) ~[spring-web-6.2.11.jar:6.2.11]
	at org.springframework.web.filter.CompositeFilter.doFilter(CompositeFilter.java:74) ~[spring-web-6.2.11.jar:6.2.11]
	at org.springframework.security.config.annotation.web.configuration.WebMvcSecurityConfiguration$CompositeFilterChainProxy.doFilter(WebMvcSecurityConfiguration.java:240) ~[spring-security-config-6.5.5.jar:6.5.5]
	at org.springframework.web.filter.DelegatingFilterProxy.invokeDelegate(DelegatingFilterProxy.java:362) ~[spring-web-6.2.11.jar:6.2.11]
	at org.springframework.web.filter.DelegatingFilterProxy.doFilter(DelegatingFilterProxy.java:278) ~[spring-web-6.2.11.jar:6.2.11]
	at org.apache.catalina.core.ApplicationFilterChain.internalDoFilter(ApplicationFilterChain.java:164) ~[tomcat-embed-core-10.1.46.jar:10.1.46]
	at org.apache.catalina.core.ApplicationFilterChain.doFilter(ApplicationFilterChain.java:140) ~[tomcat-embed-core-10.1.46.jar:10.1.46]
	at org.springframework.web.filter.RequestContextFilter.doFilterInternal(RequestContextFilter.java:100) ~[spring-web-6.2.11.jar:6.2.11]
	at org.springframework.web.filter.OncePerRequestFilter.doFilter(OncePerRequestFilter.java:116) ~[spring-web-6.2.11.jar:6.2.11]
	at org.apache.catalina.core.ApplicationFilterChain.internalDoFilter(ApplicationFilterChain.java:164) ~[tomcat-embed-core-10.1.46.jar:10.1.46]
	at org.apache.catalina.core.ApplicationFilterChain.doFilter(ApplicationFilterChain.java:140) ~[tomcat-embed-core-10.1.46.jar:10.1.46]
	at org.springframework.web.filter.FormContentFilter.doFilterInternal(FormContentFilter.java:93) ~[spring-web-6.2.11.jar:6.2.11]
	at org.springframework.web.filter.OncePerRequestFilter.doFilter(OncePerRequestFilter.java:116) ~[spring-web-6.2.11.jar:6.2.11]
	at org.apache.catalina.core.ApplicationFilterChain.internalDoFilter(ApplicationFilterChain.java:164) ~[tomcat-embed-core-10.1.46.jar:10.1.46]
	at org.apache.catalina.core.ApplicationFilterChain.doFilter(ApplicationFilterChain.java:140) ~[tomcat-embed-core-10.1.46.jar:10.1.46]
	at org.springframework.web.filter.CharacterEncodingFilter.doFilterInternal(CharacterEncodingFilter.java:201) ~[spring-web-6.2.11.jar:6.2.11]
	at org.springframework.web.filter.OncePerRequestFilter.doFilter(OncePerRequestFilter.java:116) ~[spring-web-6.2.11.jar:6.2.11]
	at org.apache.catalina.core.ApplicationFilterChain.internalDoFilter(ApplicationFilterChain.java:164) ~[tomcat-embed-core-10.1.46.jar:10.1.46]
	at org.apache.catalina.core.ApplicationFilterChain.doFilter(ApplicationFilterChain.java:140) ~[tomcat-embed-core-10.1.46.jar:10.1.46]
	at org.apache.catalina.core.StandardWrapperValve.invoke(StandardWrapperValve.java:167) ~[tomcat-embed-core-10.1.46.jar:10.1.46]
	at org.apache.catalina.core.StandardContextValve.invoke(StandardContextValve.java:90) ~[tomcat-embed-core-10.1.46.jar:10.1.46]
	at org.apache.catalina.authenticator.AuthenticatorBase.invoke(AuthenticatorBase.java:483) ~[tomcat-embed-core-10.1.46.jar:10.1.46]
	at org.apache.catalina.core.StandardHostValve.invoke(StandardHostValve.java:116) ~[tomcat-embed-core-10.1.46.jar:10.1.46]
	at org.apache.catalina.valves.ErrorReportValve.invoke(ErrorReportValve.java:93) ~[tomcat-embed-core-10.1.46.jar:10.1.46]
	at org.apache.catalina.core.StandardEngineValve.invoke(StandardEngineValve.java:74) ~[tomcat-embed-core-10.1.46.jar:10.1.46]
	at org.apache.catalina.connector.CoyoteAdapter.service(CoyoteAdapter.java:344) ~[tomcat-embed-core-10.1.46.jar:10.1.46]
	at org.apache.coyote.http11.Http11Processor.service(Http11Processor.java:398) ~[tomcat-embed-core-10.1.46.jar:10.1.46]
	at org.apache.coyote.AbstractProcessorLight.process(AbstractProcessorLight.java:63) ~[tomcat-embed-core-10.1.46.jar:10.1.46]
	at org.apache.coyote.AbstractProtocol$ConnectionHandler.process(AbstractProtocol.java:903) ~[tomcat-embed-core-10.1.46.jar:10.1.46]
	at org.apache.tomcat.util.net.NioEndpoint$SocketProcessor.doRun(NioEndpoint.java:1776) ~[tomcat-embed-core-10.1.46.jar:10.1.46]
	at org.apache.tomcat.util.net.SocketProcessorBase.run(SocketProcessorBase.java:52) ~[tomcat-embed-core-10.1.46.jar:10.1.46]
	at org.apache.tomcat.util.threads.ThreadPoolExecutor.runWorker(ThreadPoolExecutor.java:975) ~[tomcat-embed-core-10.1.46.jar:10.1.46]
	at org.apache.tomcat.util.threads.ThreadPoolExecutor$Worker.run(ThreadPoolExecutor.java:493) ~[tomcat-embed-core-10.1.46.jar:10.1.46]
	at org.apache.tomcat.util.threads.TaskThread$WrappingRunnable.run(TaskThread.java:63) ~[tomcat-embed-core-10.1.46.jar:10.1.46]
	at java.base/java.lang.Thread.run(Thread.java:842) ~[na:na]

2025-10-28T09:39:57.975Z  WARN 13508 --- [backofficeAPI] [http-nio-8080-exec-1] .m.m.a.ExceptionHandlerExceptionResolver : Resolved [org.springframework.web.servlet.resource.NoResourceFoundException: No static resource favicon.ico.]
2025-10-28T09:39:57.989Z DEBUG 13508 --- [backofficeAPI] [http-nio-8080-exec-7] o.d.backofficeAPI.service.NewsService    : Retrieved 3 news articles
2025-10-28T09:39:58.003Z DEBUG 13508 --- [backofficeAPI] [http-nio-8080-exec-10] o.s.security.web.FilterChainProxy        : Securing GET /images/2300169f-2fe7-465f-8024-eca33233c427.webp
2025-10-28T09:39:58.004Z DEBUG 13508 --- [backofficeAPI] [http-nio-8080-exec-10] o.s.s.w.a.AnonymousAuthenticationFilter  : Set SecurityContextHolder to anonymous SecurityContext
2025-10-28T09:39:58.005Z DEBUG 13508 --- [backofficeAPI] [http-nio-8080-exec-10] o.s.security.web.FilterChainProxy        : Secured GET /images/2300169f-2fe7-465f-8024-eca33233c427.webp
2025-10-28T09:40:01.253Z DEBUG 13508 --- [backofficeAPI] [http-nio-8080-exec-8] o.s.security.web.FilterChainProxy        : Securing POST /api/news
2025-10-28T09:40:01.263Z DEBUG 13508 --- [backofficeAPI] [http-nio-8080-exec-8] o.s.security.web.FilterChainProxy        : Secured POST /api/news
2025-10-28T09:40:01.269Z DEBUG 13508 --- [backofficeAPI] [http-nio-8080-exec-8] o.d.b.controller.NewsController          : POST request to create new news article
2025-10-28T09:40:01.271Z DEBUG 13508 --- [backofficeAPI] [http-nio-8080-exec-8] o.d.backofficeAPI.service.NewsService    : Saving new news: adasd
2025-10-28T09:40:01.285Z  INFO 13508 --- [backofficeAPI] [http-nio-8080-exec-8] o.d.backofficeAPI.service.NewsService    : News saved successfully: adasd
2025-10-28T09:40:01.471Z DEBUG 13508 --- [backofficeAPI] [http-nio-8080-exec-3] o.s.security.web.FilterChainProxy        : Securing GET /api/news
2025-10-28T09:40:01.480Z DEBUG 13508 --- [backofficeAPI] [http-nio-8080-exec-3] o.s.security.web.FilterChainProxy        : Secured GET /api/news
2025-10-28T09:40:01.481Z DEBUG 13508 --- [backofficeAPI] [http-nio-8080-exec-3] o.d.b.controller.NewsController          : GET request to retrieve all news
2025-10-28T09:40:01.481Z DEBUG 13508 --- [backofficeAPI] [http-nio-8080-exec-3] o.d.backofficeAPI.service.NewsService    : Retrieving all news
2025-10-28T09:40:01.498Z DEBUG 13508 --- [backofficeAPI] [http-nio-8080-exec-3] o.d.backofficeAPI.service.NewsService    : Retrieved 3 news articles
2025-10-28T09:40:01.857Z  INFO 13508 --- [backofficeAPI] [reactor-http-nio-2] o.d.backofficeAPI.service.NewsService    : News cache invalidated after save
2025-10-28T09:40:01.881Z DEBUG 13508 --- [backofficeAPI] [http-nio-8080-exec-1] o.s.security.web.FilterChainProxy        : Securing GET /api/news
2025-10-28T09:40:01.883Z DEBUG 13508 --- [backofficeAPI] [http-nio-8080-exec-1] o.s.security.web.FilterChainProxy        : Secured GET /api/news
2025-10-28T09:40:01.884Z DEBUG 13508 --- [backofficeAPI] [http-nio-8080-exec-1] o.d.b.controller.NewsController          : GET request to retrieve all news
2025-10-28T09:40:01.884Z DEBUG 13508 --- [backofficeAPI] [http-nio-8080-exec-1] o.d.backofficeAPI.service.NewsService    : Retrieving all news
2025-10-28T09:40:01.887Z DEBUG 13508 --- [backofficeAPI] [http-nio-8080-exec-1] o.d.backofficeAPI.service.NewsService    : Retrieved 3 news articles
2025-10-28T09:40:05.723Z DEBUG 13508 --- [backofficeAPI] [http-nio-8080-exec-7] o.s.security.web.FilterChainProxy        : Securing GET /
2025-10-28T09:40:05.725Z DEBUG 13508 --- [backofficeAPI] [http-nio-8080-exec-7] o.s.s.w.a.AnonymousAuthenticationFilter  : Set SecurityContextHolder to anonymous SecurityContext
2025-10-28T09:40:05.726Z DEBUG 13508 --- [backofficeAPI] [http-nio-8080-exec-7] o.s.security.web.FilterChainProxy        : Secured GET /
2025-10-28T09:40:05.860Z DEBUG 13508 --- [backofficeAPI] [http-nio-8080-exec-10] o.s.security.web.FilterChainProxy        : Securing GET /styles/layout/header.css
2025-10-28T09:40:05.863Z DEBUG 13508 --- [backofficeAPI] [http-nio-8080-exec-10] o.s.s.w.a.AnonymousAuthenticationFilter  : Set SecurityContextHolder to anonymous SecurityContext
2025-10-28T09:40:05.864Z DEBUG 13508 --- [backofficeAPI] [http-nio-8080-exec-2] o.s.security.web.FilterChainProxy        : Securing GET /styles/layout/footer.css
2025-10-28T09:40:05.864Z DEBUG 13508 --- [backofficeAPI] [http-nio-8080-exec-10] o.s.security.web.FilterChainProxy        : Secured GET /styles/layout/header.css
2025-10-28T09:40:05.868Z DEBUG 13508 --- [backofficeAPI] [http-nio-8080-exec-9] o.s.security.web.FilterChainProxy        : Securing GET /styles/login.css
2025-10-28T09:40:05.871Z DEBUG 13508 --- [backofficeAPI] [http-nio-8080-exec-6] o.s.security.web.FilterChainProxy        : Securing GET /scripts/login.js
2025-10-28T09:40:05.873Z DEBUG 13508 --- [backofficeAPI] [http-nio-8080-exec-2] o.s.s.w.a.AnonymousAuthenticationFilter  : Set SecurityContextHolder to anonymous SecurityContext
2025-10-28T09:40:05.873Z DEBUG 13508 --- [backofficeAPI] [http-nio-8080-exec-4] o.s.security.web.FilterChainProxy        : Securing GET /scripts/script.js
2025-10-28T09:40:05.873Z DEBUG 13508 --- [backofficeAPI] [http-nio-8080-exec-9] o.s.s.w.a.AnonymousAuthenticationFilter  : Set SecurityContextHolder to anonymous SecurityContext
2025-10-28T09:40:05.875Z DEBUG 13508 --- [backofficeAPI] [http-nio-8080-exec-2] o.s.security.web.FilterChainProxy        : Secured GET /styles/layout/footer.css
2025-10-28T09:40:05.875Z DEBUG 13508 --- [backofficeAPI] [http-nio-8080-exec-9] o.s.security.web.FilterChainProxy        : Secured GET /styles/login.css
2025-10-28T09:40:05.878Z DEBUG 13508 --- [backofficeAPI] [http-nio-8080-exec-6] o.s.s.w.a.AnonymousAuthenticationFilter  : Set SecurityContextHolder to anonymous SecurityContext
2025-10-28T09:40:05.878Z DEBUG 13508 --- [backofficeAPI] [http-nio-8080-exec-4] o.s.s.w.a.AnonymousAuthenticationFilter  : Set SecurityContextHolder to anonymous SecurityContext
2025-10-28T09:40:05.879Z DEBUG 13508 --- [backofficeAPI] [http-nio-8080-exec-5] o.s.security.web.FilterChainProxy        : Securing GET /styles/base.css
2025-10-28T09:40:05.879Z DEBUG 13508 --- [backofficeAPI] [http-nio-8080-exec-6] o.s.security.web.FilterChainProxy        : Secured GET /scripts/login.js
2025-10-28T09:40:05.879Z DEBUG 13508 --- [backofficeAPI] [http-nio-8080-exec-4] o.s.security.web.FilterChainProxy        : Secured GET /scripts/script.js
2025-10-28T09:40:05.881Z DEBUG 13508 --- [backofficeAPI] [http-nio-8080-exec-5] o.s.s.w.a.AnonymousAuthenticationFilter  : Set SecurityContextHolder to anonymous SecurityContext
2025-10-28T09:40:05.881Z DEBUG 13508 --- [backofficeAPI] [http-nio-8080-exec-5] o.s.security.web.FilterChainProxy        : Secured GET /styles/base.css
2025-10-28T09:40:05.899Z DEBUG 13508 --- [backofficeAPI] [http-nio-8080-exec-8] o.s.security.web.FilterChainProxy        : Securing GET /assets/background.png
2025-10-28T09:40:05.901Z DEBUG 13508 --- [backofficeAPI] [http-nio-8080-exec-8] o.s.s.w.a.AnonymousAuthenticationFilter  : Set SecurityContextHolder to anonymous SecurityContext
2025-10-28T09:40:05.901Z DEBUG 13508 --- [backofficeAPI] [http-nio-8080-exec-8] o.s.security.web.FilterChainProxy        : Secured GET /assets/background.png
2025-10-28T09:40:05.956Z DEBUG 13508 --- [backofficeAPI] [http-nio-8080-exec-3] o.s.security.web.FilterChainProxy        : Securing GET /favicon.ico
2025-10-28T09:40:05.959Z DEBUG 13508 --- [backofficeAPI] [http-nio-8080-exec-3] o.s.s.w.a.AnonymousAuthenticationFilter  : Set SecurityContextHolder to anonymous SecurityContext
2025-10-28T09:40:05.960Z DEBUG 13508 --- [backofficeAPI] [http-nio-8080-exec-3] o.s.security.web.FilterChainProxy        : Secured GET /favicon.ico
2025-10-28T09:40:05.963Z ERROR 13508 --- [backofficeAPI] [http-nio-8080-exec-3] o.d.b.exception.GlobalExceptionHandler   : Unexpected error occurred

org.springframework.web.servlet.resource.NoResourceFoundException: No static resource favicon.ico.
	at org.springframework.web.servlet.resource.ResourceHttpRequestHandler.handleRequest(ResourceHttpRequestHandler.java:585) ~[spring-webmvc-6.2.11.jar:6.2.11]
	at org.springframework.web.servlet.mvc.HttpRequestHandlerAdapter.handle(HttpRequestHandlerAdapter.java:52) ~[spring-webmvc-6.2.11.jar:6.2.11]
	at org.springframework.web.servlet.DispatcherServlet.doDispatch(DispatcherServlet.java:1089) ~[spring-webmvc-6.2.11.jar:6.2.11]
	at org.springframework.web.servlet.DispatcherServlet.doService(DispatcherServlet.java:979) ~[spring-webmvc-6.2.11.jar:6.2.11]
	at org.springframework.web.servlet.FrameworkServlet.processRequest(FrameworkServlet.java:1014) ~[spring-webmvc-6.2.11.jar:6.2.11]
	at org.springframework.web.servlet.FrameworkServlet.doGet(FrameworkServlet.java:903) ~[spring-webmvc-6.2.11.jar:6.2.11]
	at jakarta.servlet.http.HttpServlet.service(HttpServlet.java:564) ~[tomcat-embed-core-10.1.46.jar:6.0]
	at org.springframework.web.servlet.FrameworkServlet.service(FrameworkServlet.java:885) ~[spring-webmvc-6.2.11.jar:6.2.11]
	at jakarta.servlet.http.HttpServlet.service(HttpServlet.java:658) ~[tomcat-embed-core-10.1.46.jar:6.0]
	at org.apache.catalina.core.ApplicationFilterChain.internalDoFilter(ApplicationFilterChain.java:195) ~[tomcat-embed-core-10.1.46.jar:10.1.46]
	at org.apache.catalina.core.ApplicationFilterChain.doFilter(ApplicationFilterChain.java:140) ~[tomcat-embed-core-10.1.46.jar:10.1.46]
	at org.apache.tomcat.websocket.server.WsFilter.doFilter(WsFilter.java:51) ~[tomcat-embed-websocket-10.1.46.jar:10.1.46]
	at org.apache.catalina.core.ApplicationFilterChain.internalDoFilter(ApplicationFilterChain.java:164) ~[tomcat-embed-core-10.1.46.jar:10.1.46]
	at org.apache.catalina.core.ApplicationFilterChain.doFilter(ApplicationFilterChain.java:140) ~[tomcat-embed-core-10.1.46.jar:10.1.46]
	at org.springframework.web.filter.OncePerRequestFilter.doFilter(OncePerRequestFilter.java:110) ~[spring-web-6.2.11.jar:6.2.11]
	at org.apache.catalina.core.ApplicationFilterChain.internalDoFilter(ApplicationFilterChain.java:164) ~[tomcat-embed-core-10.1.46.jar:10.1.46]
	at org.apache.catalina.core.ApplicationFilterChain.doFilter(ApplicationFilterChain.java:140) ~[tomcat-embed-core-10.1.46.jar:10.1.46]
	at org.springframework.web.filter.CompositeFilter$VirtualFilterChain.doFilter(CompositeFilter.java:108) ~[spring-web-6.2.11.jar:6.2.11]
	at org.springframework.web.filter.CompositeFilter$VirtualFilterChain.doFilter(CompositeFilter.java:108) ~[spring-web-6.2.11.jar:6.2.11]
	at org.springframework.security.web.FilterChainProxy.lambda$doFilterInternal$3(FilterChainProxy.java:231) ~[spring-security-web-6.5.5.jar:6.5.5]
	at org.springframework.security.web.FilterChainProxy$VirtualFilterChain.doFilter(FilterChainProxy.java:365) ~[spring-security-web-6.5.5.jar:6.5.5]
	at org.springframework.security.web.access.intercept.AuthorizationFilter.doFilter(AuthorizationFilter.java:101) ~[spring-security-web-6.5.5.jar:6.5.5]
	at org.springframework.security.web.FilterChainProxy$VirtualFilterChain.doFilter(FilterChainProxy.java:374) ~[spring-security-web-6.5.5.jar:6.5.5]
	at org.springframework.security.web.access.ExceptionTranslationFilter.doFilter(ExceptionTranslationFilter.java:125) ~[spring-security-web-6.5.5.jar:6.5.5]
	at org.springframework.security.web.access.ExceptionTranslationFilter.doFilter(ExceptionTranslationFilter.java:119) ~[spring-security-web-6.5.5.jar:6.5.5]
	at org.springframework.security.web.FilterChainProxy$VirtualFilterChain.doFilter(FilterChainProxy.java:374) ~[spring-security-web-6.5.5.jar:6.5.5]
	at org.springframework.security.web.session.SessionManagementFilter.doFilter(SessionManagementFilter.java:131) ~[spring-security-web-6.5.5.jar:6.5.5]
	at org.springframework.security.web.session.SessionManagementFilter.doFilter(SessionManagementFilter.java:85) ~[spring-security-web-6.5.5.jar:6.5.5]
	at org.springframework.security.web.FilterChainProxy$VirtualFilterChain.doFilter(FilterChainProxy.java:374) ~[spring-security-web-6.5.5.jar:6.5.5]
	at org.springframework.security.web.authentication.AnonymousAuthenticationFilter.doFilter(AnonymousAuthenticationFilter.java:100) ~[spring-security-web-6.5.5.jar:6.5.5]
	at org.springframework.security.web.FilterChainProxy$VirtualFilterChain.doFilter(FilterChainProxy.java:374) ~[spring-security-web-6.5.5.jar:6.5.5]
	at org.springframework.security.web.servletapi.SecurityContextHolderAwareRequestFilter.doFilter(SecurityContextHolderAwareRequestFilter.java:179) ~[spring-security-web-6.5.5.jar:6.5.5]
	at org.springframework.security.web.FilterChainProxy$VirtualFilterChain.doFilter(FilterChainProxy.java:374) ~[spring-security-web-6.5.5.jar:6.5.5]
	at org.springframework.security.web.savedrequest.RequestCacheAwareFilter.doFilter(RequestCacheAwareFilter.java:63) ~[spring-security-web-6.5.5.jar:6.5.5]
	at org.springframework.security.web.FilterChainProxy$VirtualFilterChain.doFilter(FilterChainProxy.java:374) ~[spring-security-web-6.5.5.jar:6.5.5]
	at org.dubini.backofficeAPI.security.JwtFilter.doFilterInternal(JwtFilter.java:56) ~[classes/:na]
	at org.springframework.web.filter.OncePerRequestFilter.doFilter(OncePerRequestFilter.java:116) ~[spring-web-6.2.11.jar:6.2.11]
	at org.springframework.security.web.FilterChainProxy$VirtualFilterChain.doFilter(FilterChainProxy.java:374) ~[spring-security-web-6.5.5.jar:6.5.5]
	at org.springframework.security.web.authentication.logout.LogoutFilter.doFilter(LogoutFilter.java:107) ~[spring-security-web-6.5.5.jar:6.5.5]
	at org.springframework.security.web.authentication.logout.LogoutFilter.doFilter(LogoutFilter.java:93) ~[spring-security-web-6.5.5.jar:6.5.5]
	at org.springframework.security.web.FilterChainProxy$VirtualFilterChain.doFilter(FilterChainProxy.java:374) ~[spring-security-web-6.5.5.jar:6.5.5]
	at org.springframework.security.web.header.HeaderWriterFilter.doHeadersAfter(HeaderWriterFilter.java:90) ~[spring-security-web-6.5.5.jar:6.5.5]
	at org.springframework.security.web.header.HeaderWriterFilter.doFilterInternal(HeaderWriterFilter.java:75) ~[spring-security-web-6.5.5.jar:6.5.5]
	at org.springframework.web.filter.OncePerRequestFilter.doFilter(OncePerRequestFilter.java:116) ~[spring-web-6.2.11.jar:6.2.11]
	at org.springframework.security.web.FilterChainProxy$VirtualFilterChain.doFilter(FilterChainProxy.java:374) ~[spring-security-web-6.5.5.jar:6.5.5]
	at org.springframework.security.web.context.SecurityContextHolderFilter.doFilter(SecurityContextHolderFilter.java:82) ~[spring-security-web-6.5.5.jar:6.5.5]
	at org.springframework.security.web.context.SecurityContextHolderFilter.doFilter(SecurityContextHolderFilter.java:69) ~[spring-security-web-6.5.5.jar:6.5.5]
	at org.springframework.security.web.FilterChainProxy$VirtualFilterChain.doFilter(FilterChainProxy.java:374) ~[spring-security-web-6.5.5.jar:6.5.5]
	at org.springframework.security.web.context.request.async.WebAsyncManagerIntegrationFilter.doFilterInternal(WebAsyncManagerIntegrationFilter.java:62) ~[spring-security-web-6.5.5.jar:6.5.5]
	at org.springframework.web.filter.OncePerRequestFilter.doFilter(OncePerRequestFilter.java:116) ~[spring-web-6.2.11.jar:6.2.11]
	at org.springframework.security.web.FilterChainProxy$VirtualFilterChain.doFilter(FilterChainProxy.java:374) ~[spring-security-web-6.5.5.jar:6.5.5]
	at org.springframework.security.web.session.DisableEncodeUrlFilter.doFilterInternal(DisableEncodeUrlFilter.java:42) ~[spring-security-web-6.5.5.jar:6.5.5]
	at org.springframework.web.filter.OncePerRequestFilter.doFilter(OncePerRequestFilter.java:116) ~[spring-web-6.2.11.jar:6.2.11]
	at org.springframework.security.web.FilterChainProxy$VirtualFilterChain.doFilter(FilterChainProxy.java:374) ~[spring-security-web-6.5.5.jar:6.5.5]
	at org.springframework.security.web.FilterChainProxy.doFilterInternal(FilterChainProxy.java:233) ~[spring-security-web-6.5.5.jar:6.5.5]
	at org.springframework.security.web.FilterChainProxy.doFilter(FilterChainProxy.java:191) ~[spring-security-web-6.5.5.jar:6.5.5]
	at org.springframework.web.filter.CompositeFilter$VirtualFilterChain.doFilter(CompositeFilter.java:113) ~[spring-web-6.2.11.jar:6.2.11]
	at org.springframework.web.filter.ServletRequestPathFilter.doFilter(ServletRequestPathFilter.java:52) ~[spring-web-6.2.11.jar:6.2.11]
	at org.springframework.web.filter.CompositeFilter$VirtualFilterChain.doFilter(CompositeFilter.java:113) ~[spring-web-6.2.11.jar:6.2.11]
	at org.springframework.web.filter.CompositeFilter.doFilter(CompositeFilter.java:74) ~[spring-web-6.2.11.jar:6.2.11]
	at org.springframework.security.config.annotation.web.configuration.WebSecurityConfiguration$CompositeFilterChainProxy.doFilter(WebSecurityConfiguration.java:319) ~[spring-security-config-6.5.5.jar:6.5.5]
	at org.springframework.web.filter.CompositeFilter$VirtualFilterChain.doFilter(CompositeFilter.java:113) ~[spring-web-6.2.11.jar:6.2.11]
	at org.springframework.web.servlet.handler.HandlerMappingIntrospector.lambda$createCacheFilter$4(HandlerMappingIntrospector.java:267) ~[spring-webmvc-6.2.11.jar:6.2.11]
	at org.springframework.web.filter.CompositeFilter$VirtualFilterChain.doFilter(CompositeFilter.java:113) ~[spring-web-6.2.11.jar:6.2.11]
	at org.springframework.web.filter.CompositeFilter.doFilter(CompositeFilter.java:74) ~[spring-web-6.2.11.jar:6.2.11]
	at org.springframework.security.config.annotation.web.configuration.WebMvcSecurityConfiguration$CompositeFilterChainProxy.doFilter(WebMvcSecurityConfiguration.java:240) ~[spring-security-config-6.5.5.jar:6.5.5]
	at org.springframework.web.filter.DelegatingFilterProxy.invokeDelegate(DelegatingFilterProxy.java:362) ~[spring-web-6.2.11.jar:6.2.11]
	at org.springframework.web.filter.DelegatingFilterProxy.doFilter(DelegatingFilterProxy.java:278) ~[spring-web-6.2.11.jar:6.2.11]
	at org.apache.catalina.core.ApplicationFilterChain.internalDoFilter(ApplicationFilterChain.java:164) ~[tomcat-embed-core-10.1.46.jar:10.1.46]
	at org.apache.catalina.core.ApplicationFilterChain.doFilter(ApplicationFilterChain.java:140) ~[tomcat-embed-core-10.1.46.jar:10.1.46]
	at org.springframework.web.filter.RequestContextFilter.doFilterInternal(RequestContextFilter.java:100) ~[spring-web-6.2.11.jar:6.2.11]
	at org.springframework.web.filter.OncePerRequestFilter.doFilter(OncePerRequestFilter.java:116) ~[spring-web-6.2.11.jar:6.2.11]
	at org.apache.catalina.core.ApplicationFilterChain.internalDoFilter(ApplicationFilterChain.java:164) ~[tomcat-embed-core-10.1.46.jar:10.1.46]
	at org.apache.catalina.core.ApplicationFilterChain.doFilter(ApplicationFilterChain.java:140) ~[tomcat-embed-core-10.1.46.jar:10.1.46]
	at org.springframework.web.filter.FormContentFilter.doFilterInternal(FormContentFilter.java:93) ~[spring-web-6.2.11.jar:6.2.11]
	at org.springframework.web.filter.OncePerRequestFilter.doFilter(OncePerRequestFilter.java:116) ~[spring-web-6.2.11.jar:6.2.11]
	at org.apache.catalina.core.ApplicationFilterChain.internalDoFilter(ApplicationFilterChain.java:164) ~[tomcat-embed-core-10.1.46.jar:10.1.46]
	at org.apache.catalina.core.ApplicationFilterChain.doFilter(ApplicationFilterChain.java:140) ~[tomcat-embed-core-10.1.46.jar:10.1.46]
	at org.springframework.web.filter.CharacterEncodingFilter.doFilterInternal(CharacterEncodingFilter.java:201) ~[spring-web-6.2.11.jar:6.2.11]
	at org.springframework.web.filter.OncePerRequestFilter.doFilter(OncePerRequestFilter.java:116) ~[spring-web-6.2.11.jar:6.2.11]
	at org.apache.catalina.core.ApplicationFilterChain.internalDoFilter(ApplicationFilterChain.java:164) ~[tomcat-embed-core-10.1.46.jar:10.1.46]
	at org.apache.catalina.core.ApplicationFilterChain.doFilter(ApplicationFilterChain.java:140) ~[tomcat-embed-core-10.1.46.jar:10.1.46]
	at org.apache.catalina.core.StandardWrapperValve.invoke(StandardWrapperValve.java:167) ~[tomcat-embed-core-10.1.46.jar:10.1.46]
	at org.apache.catalina.core.StandardContextValve.invoke(StandardContextValve.java:90) ~[tomcat-embed-core-10.1.46.jar:10.1.46]
	at org.apache.catalina.authenticator.AuthenticatorBase.invoke(AuthenticatorBase.java:483) ~[tomcat-embed-core-10.1.46.jar:10.1.46]
	at org.apache.catalina.core.StandardHostValve.invoke(StandardHostValve.java:116) ~[tomcat-embed-core-10.1.46.jar:10.1.46]
	at org.apache.catalina.valves.ErrorReportValve.invoke(ErrorReportValve.java:93) ~[tomcat-embed-core-10.1.46.jar:10.1.46]
	at org.apache.catalina.core.StandardEngineValve.invoke(StandardEngineValve.java:74) ~[tomcat-embed-core-10.1.46.jar:10.1.46]
	at org.apache.catalina.connector.CoyoteAdapter.service(CoyoteAdapter.java:344) ~[tomcat-embed-core-10.1.46.jar:10.1.46]
	at org.apache.coyote.http11.Http11Processor.service(Http11Processor.java:398) ~[tomcat-embed-core-10.1.46.jar:10.1.46]
	at org.apache.coyote.AbstractProcessorLight.process(AbstractProcessorLight.java:63) ~[tomcat-embed-core-10.1.46.jar:10.1.46]
	at org.apache.coyote.AbstractProtocol$ConnectionHandler.process(AbstractProtocol.java:903) ~[tomcat-embed-core-10.1.46.jar:10.1.46]
	at org.apache.tomcat.util.net.NioEndpoint$SocketProcessor.doRun(NioEndpoint.java:1776) ~[tomcat-embed-core-10.1.46.jar:10.1.46]
	at org.apache.tomcat.util.net.SocketProcessorBase.run(SocketProcessorBase.java:52) ~[tomcat-embed-core-10.1.46.jar:10.1.46]
	at org.apache.tomcat.util.threads.ThreadPoolExecutor.runWorker(ThreadPoolExecutor.java:975) ~[tomcat-embed-core-10.1.46.jar:10.1.46]
	at org.apache.tomcat.util.threads.ThreadPoolExecutor$Worker.run(ThreadPoolExecutor.java:493) ~[tomcat-embed-core-10.1.46.jar:10.1.46]
	at org.apache.tomcat.util.threads.TaskThread$WrappingRunnable.run(TaskThread.java:63) ~[tomcat-embed-core-10.1.46.jar:10.1.46]
	at java.base/java.lang.Thread.run(Thread.java:842) ~[na:na]

2025-10-28T09:40:05.982Z  WARN 13508 --- [backofficeAPI] [http-nio-8080-exec-3] .m.m.a.ExceptionHandlerExceptionResolver : Resolved [org.springframework.web.servlet.resource.NoResourceFoundException: No static resource favicon.ico.]
2025-10-28T09:40:08.790Z DEBUG 13508 --- [backofficeAPI] [http-nio-8080-exec-1] o.s.security.web.FilterChainProxy        : Securing GET /api/activities
2025-10-28T09:40:08.795Z DEBUG 13508 --- [backofficeAPI] [http-nio-8080-exec-1] o.s.security.web.FilterChainProxy        : Secured GET /api/activities
2025-10-28T09:40:08.797Z DEBUG 13508 --- [backofficeAPI] [http-nio-8080-exec-1] o.d.b.controller.ActivitiesController    : GET request to retrieve all activities
2025-10-28T09:40:08.797Z DEBUG 13508 --- [backofficeAPI] [http-nio-8080-exec-1] o.d.b.service.ActivitiesService          : Retrieving all activities
2025-10-28T09:40:08.803Z DEBUG 13508 --- [backofficeAPI] [http-nio-8080-exec-1] o.d.b.service.ActivitiesService          : Retrieved 1 activities
2025-10-28T09:40:11.457Z DEBUG 13508 --- [backofficeAPI] [http-nio-8080-exec-4] o.s.security.web.FilterChainProxy        : Securing GET /api/news
2025-10-28T09:40:11.463Z DEBUG 13508 --- [backofficeAPI] [http-nio-8080-exec-4] o.s.security.web.FilterChainProxy        : Secured GET /api/news
2025-10-28T09:40:11.463Z DEBUG 13508 --- [backofficeAPI] [http-nio-8080-exec-4] o.d.b.controller.NewsController          : GET request to retrieve all news
2025-10-28T09:40:11.464Z DEBUG 13508 --- [backofficeAPI] [http-nio-8080-exec-4] o.d.backofficeAPI.service.NewsService    : Retrieving all news
2025-10-28T09:40:11.477Z DEBUG 13508 --- [backofficeAPI] [http-nio-8080-exec-4] o.d.backofficeAPI.service.NewsService    : Retrieved 3 news articles
2025-10-28T09:40:34.092Z DEBUG 13508 --- [backofficeAPI] [http-nio-8080-exec-5] o.s.security.web.FilterChainProxy        : Securing POST /api/news
2025-10-28T09:40:34.103Z DEBUG 13508 --- [backofficeAPI] [http-nio-8080-exec-5] o.s.security.web.FilterChainProxy        : Secured POST /api/news
2025-10-28T09:40:34.107Z DEBUG 13508 --- [backofficeAPI] [http-nio-8080-exec-5] o.d.b.controller.NewsController          : POST request to create new news article
2025-10-28T09:40:34.110Z DEBUG 13508 --- [backofficeAPI] [http-nio-8080-exec-5] o.d.backofficeAPI.service.NewsService    : Saving new news: adasd
2025-10-28T09:40:34.118Z  INFO 13508 --- [backofficeAPI] [http-nio-8080-exec-5] o.d.backofficeAPI.service.NewsService    : News saved successfully: adasd
2025-10-28T09:40:34.158Z DEBUG 13508 --- [backofficeAPI] [http-nio-8080-exec-8] o.s.security.web.FilterChainProxy        : Securing GET /api/news
2025-10-28T09:40:34.158Z DEBUG 13508 --- [backofficeAPI] [http-nio-8080-exec-3] o.s.security.web.FilterChainProxy        : Securing GET /api/news
2025-10-28T09:40:34.160Z  INFO 13508 --- [backofficeAPI] [reactor-http-nio-2] o.d.backofficeAPI.service.NewsService    : News cache invalidated after save
2025-10-28T09:40:34.166Z DEBUG 13508 --- [backofficeAPI] [http-nio-8080-exec-8] o.s.security.web.FilterChainProxy        : Secured GET /api/news
2025-10-28T09:40:34.167Z DEBUG 13508 --- [backofficeAPI] [http-nio-8080-exec-3] o.s.security.web.FilterChainProxy        : Secured GET /api/news
2025-10-28T09:40:34.168Z DEBUG 13508 --- [backofficeAPI] [http-nio-8080-exec-3] o.d.b.controller.NewsController          : GET request to retrieve all news
2025-10-28T09:40:34.168Z DEBUG 13508 --- [backofficeAPI] [http-nio-8080-exec-8] o.d.b.controller.NewsController          : GET request to retrieve all news
2025-10-28T09:40:34.170Z DEBUG 13508 --- [backofficeAPI] [http-nio-8080-exec-3] o.d.backofficeAPI.service.NewsService    : Retrieving all news
2025-10-28T09:40:34.170Z DEBUG 13508 --- [backofficeAPI] [http-nio-8080-exec-8] o.d.backofficeAPI.service.NewsService    : Retrieving all news
2025-10-28T09:40:34.199Z DEBUG 13508 --- [backofficeAPI] [http-nio-8080-exec-3] o.d.backofficeAPI.service.NewsService    : Retrieved 3 news articles
2025-10-28T09:40:34.200Z DEBUG 13508 --- [backofficeAPI] [http-nio-8080-exec-8] o.d.backofficeAPI.service.NewsService    : Retrieved 3 news articles
2025-10-28T09:40:37.852Z DEBUG 13508 --- [backofficeAPI] [http-nio-8080-exec-1] o.s.security.web.FilterChainProxy        : Securing GET /api/news
2025-10-28T09:40:37.857Z DEBUG 13508 --- [backofficeAPI] [http-nio-8080-exec-1] o.s.security.web.FilterChainProxy        : Secured GET /api/news
2025-10-28T09:40:37.858Z DEBUG 13508 --- [backofficeAPI] [http-nio-8080-exec-1] o.d.b.controller.NewsController          : GET request to retrieve all news
2025-10-28T09:40:37.858Z DEBUG 13508 --- [backofficeAPI] [http-nio-8080-exec-1] o.d.backofficeAPI.service.NewsService    : Retrieving all news
2025-10-28T09:40:37.871Z DEBUG 13508 --- [backofficeAPI] [http-nio-8080-exec-1] o.d.backofficeAPI.service.NewsService    : Retrieved 3 news articles
2025-10-28T09:43:21.598Z DEBUG 13508 --- [backofficeAPI] [http-nio-8080-exec-2] o.s.security.web.FilterChainProxy        : Securing GET /editor/noticias
2025-10-28T09:43:21.608Z DEBUG 13508 --- [backofficeAPI] [http-nio-8080-exec-2] o.s.security.web.FilterChainProxy        : Secured GET /editor/noticias
2025-10-28T09:43:21.619Z  WARN 13508 --- [backofficeAPI] [http-nio-8080-exec-2] actStandardFragmentInsertionTagProcessor : [THYMELEAF][http-nio-8080-exec-2][news] Deprecated unwrapped fragment expression "fragments/header :: header" found in template news, line 18, col 8. Please use the complete syntax of fragment expressions instead ("~{fragments/header :: header}"). The old, unwrapped syntax for fragment expressions will be removed in future versions of Thymeleaf.
2025-10-28T09:43:21.659Z DEBUG 13508 --- [backofficeAPI] [http-nio-8080-exec-9] o.s.security.web.FilterChainProxy        : Securing GET /styles/layout/header.css
2025-10-28T09:43:21.661Z DEBUG 13508 --- [backofficeAPI] [http-nio-8080-exec-9] o.s.s.w.a.AnonymousAuthenticationFilter  : Set SecurityContextHolder to anonymous SecurityContext
2025-10-28T09:43:21.663Z DEBUG 13508 --- [backofficeAPI] [http-nio-8080-exec-9] o.s.security.web.FilterChainProxy        : Secured GET /styles/layout/header.css
2025-10-28T09:43:21.666Z DEBUG 13508 --- [backofficeAPI] [http-nio-8080-exec-6] o.s.security.web.FilterChainProxy        : Securing GET /styles/layout/footer.css
2025-10-28T09:43:21.669Z DEBUG 13508 --- [backofficeAPI] [http-nio-8080-exec-6] o.s.s.w.a.AnonymousAuthenticationFilter  : Set SecurityContextHolder to anonymous SecurityContext
2025-10-28T09:43:21.670Z DEBUG 13508 --- [backofficeAPI] [http-nio-8080-exec-4] o.s.security.web.FilterChainProxy        : Securing GET /styles/base.css
2025-10-28T09:43:21.670Z DEBUG 13508 --- [backofficeAPI] [http-nio-8080-exec-6] o.s.security.web.FilterChainProxy        : Secured GET /styles/layout/footer.css
2025-10-28T09:43:21.671Z DEBUG 13508 --- [backofficeAPI] [http-nio-8080-exec-5] o.s.security.web.FilterChainProxy        : Securing GET /styles/login.css
2025-10-28T09:43:21.672Z DEBUG 13508 --- [backofficeAPI] [http-nio-8080-exec-4] o.s.s.w.a.AnonymousAuthenticationFilter  : Set SecurityContextHolder to anonymous SecurityContext
2025-10-28T09:43:21.673Z DEBUG 13508 --- [backofficeAPI] [http-nio-8080-exec-3] o.s.security.web.FilterChainProxy        : Securing GET /styles/news.css
2025-10-28T09:43:21.673Z DEBUG 13508 --- [backofficeAPI] [http-nio-8080-exec-4] o.s.security.web.FilterChainProxy        : Secured GET /styles/base.css
2025-10-28T09:43:21.675Z DEBUG 13508 --- [backofficeAPI] [http-nio-8080-exec-5] o.s.s.w.a.AnonymousAuthenticationFilter  : Set SecurityContextHolder to anonymous SecurityContext
2025-10-28T09:43:21.676Z DEBUG 13508 --- [backofficeAPI] [http-nio-8080-exec-5] o.s.security.web.FilterChainProxy        : Secured GET /styles/login.css
2025-10-28T09:43:21.678Z DEBUG 13508 --- [backofficeAPI] [http-nio-8080-exec-8] o.s.security.web.FilterChainProxy        : Securing GET /scripts/pages/news.js
2025-10-28T09:43:21.681Z DEBUG 13508 --- [backofficeAPI] [http-nio-8080-exec-3] o.s.s.w.a.AnonymousAuthenticationFilter  : Set SecurityContextHolder to anonymous SecurityContext
2025-10-28T09:43:21.683Z DEBUG 13508 --- [backofficeAPI] [http-nio-8080-exec-3] o.s.security.web.FilterChainProxy        : Secured GET /styles/news.css
2025-10-28T09:43:21.684Z DEBUG 13508 --- [backofficeAPI] [http-nio-8080-exec-8] o.s.s.w.a.AnonymousAuthenticationFilter  : Set SecurityContextHolder to anonymous SecurityContext
2025-10-28T09:43:21.685Z DEBUG 13508 --- [backofficeAPI] [http-nio-8080-exec-8] o.s.security.web.FilterChainProxy        : Secured GET /scripts/pages/news.js
2025-10-28T09:43:21.694Z DEBUG 13508 --- [backofficeAPI] [http-nio-8080-exec-1] o.s.security.web.FilterChainProxy        : Securing GET /scripts/script.js
2025-10-28T09:43:21.694Z DEBUG 13508 --- [backofficeAPI] [http-nio-8080-exec-10] o.s.security.web.FilterChainProxy        : Securing GET /assets/logo.png
2025-10-28T09:43:21.696Z DEBUG 13508 --- [backofficeAPI] [http-nio-8080-exec-10] o.s.s.w.a.AnonymousAuthenticationFilter  : Set SecurityContextHolder to anonymous SecurityContext
2025-10-28T09:43:21.699Z DEBUG 13508 --- [backofficeAPI] [http-nio-8080-exec-1] o.s.s.w.a.AnonymousAuthenticationFilter  : Set SecurityContextHolder to anonymous SecurityContext
2025-10-28T09:43:21.701Z DEBUG 13508 --- [backofficeAPI] [http-nio-8080-exec-10] o.s.security.web.FilterChainProxy        : Secured GET /assets/logo.png
2025-10-28T09:43:21.702Z DEBUG 13508 --- [backofficeAPI] [http-nio-8080-exec-1] o.s.security.web.FilterChainProxy        : Secured GET /scripts/script.js
2025-10-28T09:43:21.707Z DEBUG 13508 --- [backofficeAPI] [http-nio-8080-exec-7] o.s.security.web.FilterChainProxy        : Securing GET /assets/background.png
2025-10-28T09:43:21.709Z DEBUG 13508 --- [backofficeAPI] [http-nio-8080-exec-2] o.s.security.web.FilterChainProxy        : Securing GET /assets/navmenu.png
2025-10-28T09:43:21.726Z DEBUG 13508 --- [backofficeAPI] [http-nio-8080-exec-7] o.s.s.w.a.AnonymousAuthenticationFilter  : Set SecurityContextHolder to anonymous SecurityContext
2025-10-28T09:43:21.733Z DEBUG 13508 --- [backofficeAPI] [http-nio-8080-exec-2] o.s.s.w.a.AnonymousAuthenticationFilter  : Set SecurityContextHolder to anonymous SecurityContext
2025-10-28T09:43:21.734Z DEBUG 13508 --- [backofficeAPI] [http-nio-8080-exec-7] o.s.security.web.FilterChainProxy        : Secured GET /assets/background.png
2025-10-28T09:43:21.735Z DEBUG 13508 --- [backofficeAPI] [http-nio-8080-exec-2] o.s.security.web.FilterChainProxy        : Secured GET /assets/navmenu.png
2025-10-28T09:43:21.791Z DEBUG 13508 --- [backofficeAPI] [http-nio-8080-exec-9] o.s.security.web.FilterChainProxy        : Securing GET /scripts/api/newsService.js
2025-10-28T09:43:21.793Z DEBUG 13508 --- [backofficeAPI] [http-nio-8080-exec-9] o.s.s.w.a.AnonymousAuthenticationFilter  : Set SecurityContextHolder to anonymous SecurityContext
2025-10-28T09:43:21.794Z DEBUG 13508 --- [backofficeAPI] [http-nio-8080-exec-9] o.s.security.web.FilterChainProxy        : Secured GET /scripts/api/newsService.js
2025-10-28T09:43:21.843Z DEBUG 13508 --- [backofficeAPI] [http-nio-8080-exec-6] o.s.security.web.FilterChainProxy        : Securing GET /api/news
2025-10-28T09:43:21.851Z DEBUG 13508 --- [backofficeAPI] [http-nio-8080-exec-4] o.s.security.web.FilterChainProxy        : Securing GET /favicon.ico
2025-10-28T09:43:21.853Z DEBUG 13508 --- [backofficeAPI] [http-nio-8080-exec-4] o.s.s.w.a.AnonymousAuthenticationFilter  : Set SecurityContextHolder to anonymous SecurityContext
2025-10-28T09:43:21.853Z DEBUG 13508 --- [backofficeAPI] [http-nio-8080-exec-4] o.s.security.web.FilterChainProxy        : Secured GET /favicon.ico
2025-10-28T09:43:21.855Z DEBUG 13508 --- [backofficeAPI] [http-nio-8080-exec-6] o.s.security.web.FilterChainProxy        : Secured GET /api/news
2025-10-28T09:43:21.855Z DEBUG 13508 --- [backofficeAPI] [http-nio-8080-exec-6] o.d.b.controller.NewsController          : GET request to retrieve all news
2025-10-28T09:43:21.856Z DEBUG 13508 --- [backofficeAPI] [http-nio-8080-exec-6] o.d.backofficeAPI.service.NewsService    : Retrieving all news
2025-10-28T09:43:21.856Z ERROR 13508 --- [backofficeAPI] [http-nio-8080-exec-4] o.d.b.exception.GlobalExceptionHandler   : Unexpected error occurred

org.springframework.web.servlet.resource.NoResourceFoundException: No static resource favicon.ico.
	at org.springframework.web.servlet.resource.ResourceHttpRequestHandler.handleRequest(ResourceHttpRequestHandler.java:585) ~[spring-webmvc-6.2.11.jar:6.2.11]
	at org.springframework.web.servlet.mvc.HttpRequestHandlerAdapter.handle(HttpRequestHandlerAdapter.java:52) ~[spring-webmvc-6.2.11.jar:6.2.11]
	at org.springframework.web.servlet.DispatcherServlet.doDispatch(DispatcherServlet.java:1089) ~[spring-webmvc-6.2.11.jar:6.2.11]
	at org.springframework.web.servlet.DispatcherServlet.doService(DispatcherServlet.java:979) ~[spring-webmvc-6.2.11.jar:6.2.11]
	at org.springframework.web.servlet.FrameworkServlet.processRequest(FrameworkServlet.java:1014) ~[spring-webmvc-6.2.11.jar:6.2.11]
	at org.springframework.web.servlet.FrameworkServlet.doGet(FrameworkServlet.java:903) ~[spring-webmvc-6.2.11.jar:6.2.11]
	at jakarta.servlet.http.HttpServlet.service(HttpServlet.java:564) ~[tomcat-embed-core-10.1.46.jar:6.0]
	at org.springframework.web.servlet.FrameworkServlet.service(FrameworkServlet.java:885) ~[spring-webmvc-6.2.11.jar:6.2.11]
	at jakarta.servlet.http.HttpServlet.service(HttpServlet.java:658) ~[tomcat-embed-core-10.1.46.jar:6.0]
	at org.apache.catalina.core.ApplicationFilterChain.internalDoFilter(ApplicationFilterChain.java:195) ~[tomcat-embed-core-10.1.46.jar:10.1.46]
	at org.apache.catalina.core.ApplicationFilterChain.doFilter(ApplicationFilterChain.java:140) ~[tomcat-embed-core-10.1.46.jar:10.1.46]
	at org.apache.tomcat.websocket.server.WsFilter.doFilter(WsFilter.java:51) ~[tomcat-embed-websocket-10.1.46.jar:10.1.46]
	at org.apache.catalina.core.ApplicationFilterChain.internalDoFilter(ApplicationFilterChain.java:164) ~[tomcat-embed-core-10.1.46.jar:10.1.46]
	at org.apache.catalina.core.ApplicationFilterChain.doFilter(ApplicationFilterChain.java:140) ~[tomcat-embed-core-10.1.46.jar:10.1.46]
	at org.springframework.web.filter.OncePerRequestFilter.doFilter(OncePerRequestFilter.java:110) ~[spring-web-6.2.11.jar:6.2.11]
	at org.apache.catalina.core.ApplicationFilterChain.internalDoFilter(ApplicationFilterChain.java:164) ~[tomcat-embed-core-10.1.46.jar:10.1.46]
	at org.apache.catalina.core.ApplicationFilterChain.doFilter(ApplicationFilterChain.java:140) ~[tomcat-embed-core-10.1.46.jar:10.1.46]
	at org.springframework.web.filter.CompositeFilter$VirtualFilterChain.doFilter(CompositeFilter.java:108) ~[spring-web-6.2.11.jar:6.2.11]
	at org.springframework.web.filter.CompositeFilter$VirtualFilterChain.doFilter(CompositeFilter.java:108) ~[spring-web-6.2.11.jar:6.2.11]
	at org.springframework.security.web.FilterChainProxy.lambda$doFilterInternal$3(FilterChainProxy.java:231) ~[spring-security-web-6.5.5.jar:6.5.5]
	at org.springframework.security.web.FilterChainProxy$VirtualFilterChain.doFilter(FilterChainProxy.java:365) ~[spring-security-web-6.5.5.jar:6.5.5]
	at org.springframework.security.web.access.intercept.AuthorizationFilter.doFilter(AuthorizationFilter.java:101) ~[spring-security-web-6.5.5.jar:6.5.5]
	at org.springframework.security.web.FilterChainProxy$VirtualFilterChain.doFilter(FilterChainProxy.java:374) ~[spring-security-web-6.5.5.jar:6.5.5]
	at org.springframework.security.web.access.ExceptionTranslationFilter.doFilter(ExceptionTranslationFilter.java:125) ~[spring-security-web-6.5.5.jar:6.5.5]
	at org.springframework.security.web.access.ExceptionTranslationFilter.doFilter(ExceptionTranslationFilter.java:119) ~[spring-security-web-6.5.5.jar:6.5.5]
	at org.springframework.security.web.FilterChainProxy$VirtualFilterChain.doFilter(FilterChainProxy.java:374) ~[spring-security-web-6.5.5.jar:6.5.5]
	at org.springframework.security.web.session.SessionManagementFilter.doFilter(SessionManagementFilter.java:131) ~[spring-security-web-6.5.5.jar:6.5.5]
	at org.springframework.security.web.session.SessionManagementFilter.doFilter(SessionManagementFilter.java:85) ~[spring-security-web-6.5.5.jar:6.5.5]
	at org.springframework.security.web.FilterChainProxy$VirtualFilterChain.doFilter(FilterChainProxy.java:374) ~[spring-security-web-6.5.5.jar:6.5.5]
	at org.springframework.security.web.authentication.AnonymousAuthenticationFilter.doFilter(AnonymousAuthenticationFilter.java:100) ~[spring-security-web-6.5.5.jar:6.5.5]
	at org.springframework.security.web.FilterChainProxy$VirtualFilterChain.doFilter(FilterChainProxy.java:374) ~[spring-security-web-6.5.5.jar:6.5.5]
	at org.springframework.security.web.servletapi.SecurityContextHolderAwareRequestFilter.doFilter(SecurityContextHolderAwareRequestFilter.java:179) ~[spring-security-web-6.5.5.jar:6.5.5]
	at org.springframework.security.web.FilterChainProxy$VirtualFilterChain.doFilter(FilterChainProxy.java:374) ~[spring-security-web-6.5.5.jar:6.5.5]
	at org.springframework.security.web.savedrequest.RequestCacheAwareFilter.doFilter(RequestCacheAwareFilter.java:63) ~[spring-security-web-6.5.5.jar:6.5.5]
	at org.springframework.security.web.FilterChainProxy$VirtualFilterChain.doFilter(FilterChainProxy.java:374) ~[spring-security-web-6.5.5.jar:6.5.5]
	at org.dubini.backofficeAPI.security.JwtFilter.doFilterInternal(JwtFilter.java:56) ~[classes/:na]
	at org.springframework.web.filter.OncePerRequestFilter.doFilter(OncePerRequestFilter.java:116) ~[spring-web-6.2.11.jar:6.2.11]
	at org.springframework.security.web.FilterChainProxy$VirtualFilterChain.doFilter(FilterChainProxy.java:374) ~[spring-security-web-6.5.5.jar:6.5.5]
	at org.springframework.security.web.authentication.logout.LogoutFilter.doFilter(LogoutFilter.java:107) ~[spring-security-web-6.5.5.jar:6.5.5]
	at org.springframework.security.web.authentication.logout.LogoutFilter.doFilter(LogoutFilter.java:93) ~[spring-security-web-6.5.5.jar:6.5.5]
	at org.springframework.security.web.FilterChainProxy$VirtualFilterChain.doFilter(FilterChainProxy.java:374) ~[spring-security-web-6.5.5.jar:6.5.5]
	at org.springframework.security.web.header.HeaderWriterFilter.doHeadersAfter(HeaderWriterFilter.java:90) ~[spring-security-web-6.5.5.jar:6.5.5]
	at org.springframework.security.web.header.HeaderWriterFilter.doFilterInternal(HeaderWriterFilter.java:75) ~[spring-security-web-6.5.5.jar:6.5.5]
	at org.springframework.web.filter.OncePerRequestFilter.doFilter(OncePerRequestFilter.java:116) ~[spring-web-6.2.11.jar:6.2.11]
	at org.springframework.security.web.FilterChainProxy$VirtualFilterChain.doFilter(FilterChainProxy.java:374) ~[spring-security-web-6.5.5.jar:6.5.5]
	at org.springframework.security.web.context.SecurityContextHolderFilter.doFilter(SecurityContextHolderFilter.java:82) ~[spring-security-web-6.5.5.jar:6.5.5]
	at org.springframework.security.web.context.SecurityContextHolderFilter.doFilter(SecurityContextHolderFilter.java:69) ~[spring-security-web-6.5.5.jar:6.5.5]
	at org.springframework.security.web.FilterChainProxy$VirtualFilterChain.doFilter(FilterChainProxy.java:374) ~[spring-security-web-6.5.5.jar:6.5.5]
	at org.springframework.security.web.context.request.async.WebAsyncManagerIntegrationFilter.doFilterInternal(WebAsyncManagerIntegrationFilter.java:62) ~[spring-security-web-6.5.5.jar:6.5.5]
	at org.springframework.web.filter.OncePerRequestFilter.doFilter(OncePerRequestFilter.java:116) ~[spring-web-6.2.11.jar:6.2.11]
	at org.springframework.security.web.FilterChainProxy$VirtualFilterChain.doFilter(FilterChainProxy.java:374) ~[spring-security-web-6.5.5.jar:6.5.5]
	at org.springframework.security.web.session.DisableEncodeUrlFilter.doFilterInternal(DisableEncodeUrlFilter.java:42) ~[spring-security-web-6.5.5.jar:6.5.5]
	at org.springframework.web.filter.OncePerRequestFilter.doFilter(OncePerRequestFilter.java:116) ~[spring-web-6.2.11.jar:6.2.11]
	at org.springframework.security.web.FilterChainProxy$VirtualFilterChain.doFilter(FilterChainProxy.java:374) ~[spring-security-web-6.5.5.jar:6.5.5]
	at org.springframework.security.web.FilterChainProxy.doFilterInternal(FilterChainProxy.java:233) ~[spring-security-web-6.5.5.jar:6.5.5]
	at org.springframework.security.web.FilterChainProxy.doFilter(FilterChainProxy.java:191) ~[spring-security-web-6.5.5.jar:6.5.5]
	at org.springframework.web.filter.CompositeFilter$VirtualFilterChain.doFilter(CompositeFilter.java:113) ~[spring-web-6.2.11.jar:6.2.11]
	at org.springframework.web.filter.ServletRequestPathFilter.doFilter(ServletRequestPathFilter.java:52) ~[spring-web-6.2.11.jar:6.2.11]
	at org.springframework.web.filter.CompositeFilter$VirtualFilterChain.doFilter(CompositeFilter.java:113) ~[spring-web-6.2.11.jar:6.2.11]
	at org.springframework.web.filter.CompositeFilter.doFilter(CompositeFilter.java:74) ~[spring-web-6.2.11.jar:6.2.11]
	at org.springframework.security.config.annotation.web.configuration.WebSecurityConfiguration$CompositeFilterChainProxy.doFilter(WebSecurityConfiguration.java:319) ~[spring-security-config-6.5.5.jar:6.5.5]
	at org.springframework.web.filter.CompositeFilter$VirtualFilterChain.doFilter(CompositeFilter.java:113) ~[spring-web-6.2.11.jar:6.2.11]
	at org.springframework.web.servlet.handler.HandlerMappingIntrospector.lambda$createCacheFilter$4(HandlerMappingIntrospector.java:267) ~[spring-webmvc-6.2.11.jar:6.2.11]
	at org.springframework.web.filter.CompositeFilter$VirtualFilterChain.doFilter(CompositeFilter.java:113) ~[spring-web-6.2.11.jar:6.2.11]
	at org.springframework.web.filter.CompositeFilter.doFilter(CompositeFilter.java:74) ~[spring-web-6.2.11.jar:6.2.11]
	at org.springframework.security.config.annotation.web.configuration.WebMvcSecurityConfiguration$CompositeFilterChainProxy.doFilter(WebMvcSecurityConfiguration.java:240) ~[spring-security-config-6.5.5.jar:6.5.5]
	at org.springframework.web.filter.DelegatingFilterProxy.invokeDelegate(DelegatingFilterProxy.java:362) ~[spring-web-6.2.11.jar:6.2.11]
	at org.springframework.web.filter.DelegatingFilterProxy.doFilter(DelegatingFilterProxy.java:278) ~[spring-web-6.2.11.jar:6.2.11]
	at org.apache.catalina.core.ApplicationFilterChain.internalDoFilter(ApplicationFilterChain.java:164) ~[tomcat-embed-core-10.1.46.jar:10.1.46]
	at org.apache.catalina.core.ApplicationFilterChain.doFilter(ApplicationFilterChain.java:140) ~[tomcat-embed-core-10.1.46.jar:10.1.46]
	at org.springframework.web.filter.RequestContextFilter.doFilterInternal(RequestContextFilter.java:100) ~[spring-web-6.2.11.jar:6.2.11]
	at org.springframework.web.filter.OncePerRequestFilter.doFilter(OncePerRequestFilter.java:116) ~[spring-web-6.2.11.jar:6.2.11]
	at org.apache.catalina.core.ApplicationFilterChain.internalDoFilter(ApplicationFilterChain.java:164) ~[tomcat-embed-core-10.1.46.jar:10.1.46]
	at org.apache.catalina.core.ApplicationFilterChain.doFilter(ApplicationFilterChain.java:140) ~[tomcat-embed-core-10.1.46.jar:10.1.46]
	at org.springframework.web.filter.FormContentFilter.doFilterInternal(FormContentFilter.java:93) ~[spring-web-6.2.11.jar:6.2.11]
	at org.springframework.web.filter.OncePerRequestFilter.doFilter(OncePerRequestFilter.java:116) ~[spring-web-6.2.11.jar:6.2.11]
	at org.apache.catalina.core.ApplicationFilterChain.internalDoFilter(ApplicationFilterChain.java:164) ~[tomcat-embed-core-10.1.46.jar:10.1.46]
	at org.apache.catalina.core.ApplicationFilterChain.doFilter(ApplicationFilterChain.java:140) ~[tomcat-embed-core-10.1.46.jar:10.1.46]
	at org.springframework.web.filter.CharacterEncodingFilter.doFilterInternal(CharacterEncodingFilter.java:201) ~[spring-web-6.2.11.jar:6.2.11]
	at org.springframework.web.filter.OncePerRequestFilter.doFilter(OncePerRequestFilter.java:116) ~[spring-web-6.2.11.jar:6.2.11]
	at org.apache.catalina.core.ApplicationFilterChain.internalDoFilter(ApplicationFilterChain.java:164) ~[tomcat-embed-core-10.1.46.jar:10.1.46]
	at org.apache.catalina.core.ApplicationFilterChain.doFilter(ApplicationFilterChain.java:140) ~[tomcat-embed-core-10.1.46.jar:10.1.46]
	at org.apache.catalina.core.StandardWrapperValve.invoke(StandardWrapperValve.java:167) ~[tomcat-embed-core-10.1.46.jar:10.1.46]
	at org.apache.catalina.core.StandardContextValve.invoke(StandardContextValve.java:90) ~[tomcat-embed-core-10.1.46.jar:10.1.46]
	at org.apache.catalina.authenticator.AuthenticatorBase.invoke(AuthenticatorBase.java:483) ~[tomcat-embed-core-10.1.46.jar:10.1.46]
	at org.apache.catalina.core.StandardHostValve.invoke(StandardHostValve.java:116) ~[tomcat-embed-core-10.1.46.jar:10.1.46]
	at org.apache.catalina.valves.ErrorReportValve.invoke(ErrorReportValve.java:93) ~[tomcat-embed-core-10.1.46.jar:10.1.46]
	at org.apache.catalina.core.StandardEngineValve.invoke(StandardEngineValve.java:74) ~[tomcat-embed-core-10.1.46.jar:10.1.46]
	at org.apache.catalina.connector.CoyoteAdapter.service(CoyoteAdapter.java:344) ~[tomcat-embed-core-10.1.46.jar:10.1.46]
	at org.apache.coyote.http11.Http11Processor.service(Http11Processor.java:398) ~[tomcat-embed-core-10.1.46.jar:10.1.46]
	at org.apache.coyote.AbstractProcessorLight.process(AbstractProcessorLight.java:63) ~[tomcat-embed-core-10.1.46.jar:10.1.46]
	at org.apache.coyote.AbstractProtocol$ConnectionHandler.process(AbstractProtocol.java:903) ~[tomcat-embed-core-10.1.46.jar:10.1.46]
	at org.apache.tomcat.util.net.NioEndpoint$SocketProcessor.doRun(NioEndpoint.java:1776) ~[tomcat-embed-core-10.1.46.jar:10.1.46]
	at org.apache.tomcat.util.net.SocketProcessorBase.run(SocketProcessorBase.java:52) ~[tomcat-embed-core-10.1.46.jar:10.1.46]
	at org.apache.tomcat.util.threads.ThreadPoolExecutor.runWorker(ThreadPoolExecutor.java:975) ~[tomcat-embed-core-10.1.46.jar:10.1.46]
	at org.apache.tomcat.util.threads.ThreadPoolExecutor$Worker.run(ThreadPoolExecutor.java:493) ~[tomcat-embed-core-10.1.46.jar:10.1.46]
	at org.apache.tomcat.util.threads.TaskThread$WrappingRunnable.run(TaskThread.java:63) ~[tomcat-embed-core-10.1.46.jar:10.1.46]
	at java.base/java.lang.Thread.run(Thread.java:842) ~[na:na]

2025-10-28T09:43:21.860Z DEBUG 13508 --- [backofficeAPI] [http-nio-8080-exec-6] o.d.backofficeAPI.service.NewsService    : Retrieved 3 news articles
2025-10-28T09:43:21.867Z  WARN 13508 --- [backofficeAPI] [http-nio-8080-exec-4] .m.m.a.ExceptionHandlerExceptionResolver : Resolved [org.springframework.web.servlet.resource.NoResourceFoundException: No static resource favicon.ico.]
2025-10-28T09:43:28.029Z DEBUG 13508 --- [backofficeAPI] [http-nio-8080-exec-5] o.s.security.web.FilterChainProxy        : Securing POST /api/news
2025-10-28T09:43:28.041Z DEBUG 13508 --- [backofficeAPI] [http-nio-8080-exec-5] o.s.security.web.FilterChainProxy        : Secured POST /api/news
2025-10-28T09:43:28.044Z DEBUG 13508 --- [backofficeAPI] [http-nio-8080-exec-5] o.d.b.controller.NewsController          : POST request to create new news article
2025-10-28T09:43:28.046Z DEBUG 13508 --- [backofficeAPI] [http-nio-8080-exec-5] o.d.backofficeAPI.service.NewsService    : Saving new news: adasd
2025-10-28T09:43:28.061Z  INFO 13508 --- [backofficeAPI] [http-nio-8080-exec-5] o.d.backofficeAPI.service.NewsService    : News saved successfully: adasd
2025-10-28T09:43:28.109Z DEBUG 13508 --- [backofficeAPI] [http-nio-8080-exec-3] o.s.security.web.FilterChainProxy        : Securing GET /api/news
2025-10-28T09:43:28.116Z DEBUG 13508 --- [backofficeAPI] [http-nio-8080-exec-3] o.s.security.web.FilterChainProxy        : Secured GET /api/news
2025-10-28T09:43:28.117Z DEBUG 13508 --- [backofficeAPI] [http-nio-8080-exec-3] o.d.b.controller.NewsController          : GET request to retrieve all news
2025-10-28T09:43:28.117Z DEBUG 13508 --- [backofficeAPI] [http-nio-8080-exec-3] o.d.backofficeAPI.service.NewsService    : Retrieving all news
2025-10-28T09:43:28.122Z DEBUG 13508 --- [backofficeAPI] [http-nio-8080-exec-3] o.d.backofficeAPI.service.NewsService    : Retrieved 3 news articles
2025-10-28T09:43:28.539Z  INFO 13508 --- [backofficeAPI] [reactor-http-nio-3] o.d.backofficeAPI.service.NewsService    : News cache invalidated after save
2025-10-28T09:43:28.580Z DEBUG 13508 --- [backofficeAPI] [http-nio-8080-exec-8] o.s.security.web.FilterChainProxy        : Securing GET /api/news
2025-10-28T09:43:28.583Z DEBUG 13508 --- [backofficeAPI] [http-nio-8080-exec-8] o.s.security.web.FilterChainProxy        : Secured GET /api/news
2025-10-28T09:43:28.584Z DEBUG 13508 --- [backofficeAPI] [http-nio-8080-exec-8] o.d.b.controller.NewsController          : GET request to retrieve all news
2025-10-28T09:43:28.584Z DEBUG 13508 --- [backofficeAPI] [http-nio-8080-exec-8] o.d.backofficeAPI.service.NewsService    : Retrieving all news
2025-10-28T09:43:28.586Z DEBUG 13508 --- [backofficeAPI] [http-nio-8080-exec-8] o.d.backofficeAPI.service.NewsService    : Retrieved 3 news articles
2025-10-28T09:43:43.555Z DEBUG 13508 --- [backofficeAPI] [http-nio-8080-exec-4] o.s.security.web.FilterChainProxy        : Securing POST /api/news
2025-10-28T09:43:43.568Z DEBUG 13508 --- [backofficeAPI] [http-nio-8080-exec-4] o.s.security.web.FilterChainProxy        : Secured POST /api/news
2025-10-28T09:43:43.573Z DEBUG 13508 --- [backofficeAPI] [http-nio-8080-exec-4] o.d.b.controller.NewsController          : POST request to create new news article
2025-10-28T09:43:43.574Z DEBUG 13508 --- [backofficeAPI] [http-nio-8080-exec-4] o.d.backofficeAPI.service.NewsService    : Saving new news: adasd
2025-10-28T09:43:43.581Z  INFO 13508 --- [backofficeAPI] [http-nio-8080-exec-4] o.d.backofficeAPI.service.NewsService    : News saved successfully: adasd
2025-10-28T09:43:43.622Z DEBUG 13508 --- [backofficeAPI] [http-nio-8080-exec-6] o.s.security.web.FilterChainProxy        : Securing GET /api/news
2025-10-28T09:43:43.625Z  INFO 13508 --- [backofficeAPI] [reactor-http-nio-3] o.d.backofficeAPI.service.NewsService    : News cache invalidated after save
2025-10-28T09:43:43.626Z DEBUG 13508 --- [backofficeAPI] [http-nio-8080-exec-5] o.s.security.web.FilterChainProxy        : Securing GET /api/news
2025-10-28T09:43:43.645Z DEBUG 13508 --- [backofficeAPI] [http-nio-8080-exec-6] o.s.security.web.FilterChainProxy        : Secured GET /api/news
2025-10-28T09:43:43.647Z DEBUG 13508 --- [backofficeAPI] [http-nio-8080-exec-6] o.d.b.controller.NewsController          : GET request to retrieve all news
2025-10-28T09:43:43.649Z DEBUG 13508 --- [backofficeAPI] [http-nio-8080-exec-5] o.s.security.web.FilterChainProxy        : Secured GET /api/news
2025-10-28T09:43:43.651Z DEBUG 13508 --- [backofficeAPI] [http-nio-8080-exec-6] o.d.backofficeAPI.service.NewsService    : Retrieving all news
2025-10-28T09:43:43.654Z DEBUG 13508 --- [backofficeAPI] [http-nio-8080-exec-5] o.d.b.controller.NewsController          : GET request to retrieve all news
2025-10-28T09:43:43.656Z DEBUG 13508 --- [backofficeAPI] [http-nio-8080-exec-5] o.d.backofficeAPI.service.NewsService    : Retrieving all news
2025-10-28T09:43:43.678Z DEBUG 13508 --- [backofficeAPI] [http-nio-8080-exec-5] o.d.backofficeAPI.service.NewsService    : Retrieved 3 news articles
2025-10-28T09:43:43.679Z DEBUG 13508 --- [backofficeAPI] [http-nio-8080-exec-6] o.d.backofficeAPI.service.NewsService    : Retrieved 3 news articles
2025-10-28T09:46:14.129Z DEBUG 13508 --- [backofficeAPI] [http-nio-8080-exec-10] o.s.security.web.FilterChainProxy        : Securing GET /editor/noticias
2025-10-28T09:46:14.139Z DEBUG 13508 --- [backofficeAPI] [http-nio-8080-exec-10] o.s.security.web.FilterChainProxy        : Secured GET /editor/noticias
2025-10-28T09:46:14.149Z  WARN 13508 --- [backofficeAPI] [http-nio-8080-exec-10] actStandardFragmentInsertionTagProcessor : [THYMELEAF][http-nio-8080-exec-10][news] Deprecated unwrapped fragment expression "fragments/header :: header" found in template news, line 18, col 8. Please use the complete syntax of fragment expressions instead ("~{fragments/header :: header}"). The old, unwrapped syntax for fragment expressions will be removed in future versions of Thymeleaf.
2025-10-28T09:46:14.222Z DEBUG 13508 --- [backofficeAPI] [http-nio-8080-exec-1] o.s.security.web.FilterChainProxy        : Securing GET /styles/layout/header.css
2025-10-28T09:46:14.225Z DEBUG 13508 --- [backofficeAPI] [http-nio-8080-exec-9] o.s.security.web.FilterChainProxy        : Securing GET /styles/layout/footer.css
2025-10-28T09:46:14.226Z DEBUG 13508 --- [backofficeAPI] [http-nio-8080-exec-2] o.s.security.web.FilterChainProxy        : Securing GET /styles/base.css
2025-10-28T09:46:14.227Z DEBUG 13508 --- [backofficeAPI] [http-nio-8080-exec-1] o.s.s.w.a.AnonymousAuthenticationFilter  : Set SecurityContextHolder to anonymous SecurityContext
2025-10-28T09:46:14.228Z DEBUG 13508 --- [backofficeAPI] [http-nio-8080-exec-9] o.s.s.w.a.AnonymousAuthenticationFilter  : Set SecurityContextHolder to anonymous SecurityContext
2025-10-28T09:46:14.229Z DEBUG 13508 --- [backofficeAPI] [http-nio-8080-exec-1] o.s.security.web.FilterChainProxy        : Secured GET /styles/layout/header.css
2025-10-28T09:46:14.228Z DEBUG 13508 --- [backofficeAPI] [http-nio-8080-exec-7] o.s.security.web.FilterChainProxy        : Securing GET /styles/login.css
2025-10-28T09:46:14.228Z DEBUG 13508 --- [backofficeAPI] [http-nio-8080-exec-4] o.s.security.web.FilterChainProxy        : Securing GET /styles/news.css
2025-10-28T09:46:14.229Z DEBUG 13508 --- [backofficeAPI] [http-nio-8080-exec-9] o.s.security.web.FilterChainProxy        : Secured GET /styles/layout/footer.css
2025-10-28T09:46:14.229Z DEBUG 13508 --- [backofficeAPI] [http-nio-8080-exec-5] o.s.security.web.FilterChainProxy        : Securing GET /scripts/pages/news.js
2025-10-28T09:46:14.229Z DEBUG 13508 --- [backofficeAPI] [http-nio-8080-exec-2] o.s.s.w.a.AnonymousAuthenticationFilter  : Set SecurityContextHolder to anonymous SecurityContext
2025-10-28T09:46:14.232Z DEBUG 13508 --- [backofficeAPI] [http-nio-8080-exec-4] o.s.s.w.a.AnonymousAuthenticationFilter  : Set SecurityContextHolder to anonymous SecurityContext
2025-10-28T09:46:14.233Z DEBUG 13508 --- [backofficeAPI] [http-nio-8080-exec-7] o.s.s.w.a.AnonymousAuthenticationFilter  : Set SecurityContextHolder to anonymous SecurityContext
2025-10-28T09:46:14.235Z DEBUG 13508 --- [backofficeAPI] [http-nio-8080-exec-2] o.s.security.web.FilterChainProxy        : Secured GET /styles/base.css
2025-10-28T09:46:14.236Z DEBUG 13508 --- [backofficeAPI] [http-nio-8080-exec-5] o.s.s.w.a.AnonymousAuthenticationFilter  : Set SecurityContextHolder to anonymous SecurityContext
2025-10-28T09:46:14.237Z DEBUG 13508 --- [backofficeAPI] [http-nio-8080-exec-4] o.s.security.web.FilterChainProxy        : Secured GET /styles/news.css
2025-10-28T09:46:14.238Z DEBUG 13508 --- [backofficeAPI] [http-nio-8080-exec-7] o.s.security.web.FilterChainProxy        : Secured GET /styles/login.css
2025-10-28T09:46:14.238Z DEBUG 13508 --- [backofficeAPI] [http-nio-8080-exec-5] o.s.security.web.FilterChainProxy        : Secured GET /scripts/pages/news.js
2025-10-28T09:46:14.248Z DEBUG 13508 --- [backofficeAPI] [http-nio-8080-exec-6] o.s.security.web.FilterChainProxy        : Securing GET /assets/logo.png
2025-10-28T09:46:14.250Z DEBUG 13508 --- [backofficeAPI] [http-nio-8080-exec-3] o.s.security.web.FilterChainProxy        : Securing GET /scripts/script.js
2025-10-28T09:46:14.250Z DEBUG 13508 --- [backofficeAPI] [http-nio-8080-exec-6] o.s.s.w.a.AnonymousAuthenticationFilter  : Set SecurityContextHolder to anonymous SecurityContext
2025-10-28T09:46:14.250Z DEBUG 13508 --- [backofficeAPI] [http-nio-8080-exec-6] o.s.security.web.FilterChainProxy        : Secured GET /assets/logo.png
2025-10-28T09:46:14.252Z DEBUG 13508 --- [backofficeAPI] [http-nio-8080-exec-3] o.s.s.w.a.AnonymousAuthenticationFilter  : Set SecurityContextHolder to anonymous SecurityContext
2025-10-28T09:46:14.252Z DEBUG 13508 --- [backofficeAPI] [http-nio-8080-exec-3] o.s.security.web.FilterChainProxy        : Secured GET /scripts/script.js
2025-10-28T09:46:14.271Z DEBUG 13508 --- [backofficeAPI] [http-nio-8080-exec-10] o.s.security.web.FilterChainProxy        : Securing GET /assets/navmenu.png
2025-10-28T09:46:14.271Z DEBUG 13508 --- [backofficeAPI] [http-nio-8080-exec-8] o.s.security.web.FilterChainProxy        : Securing GET /assets/background.png
2025-10-28T09:46:14.273Z DEBUG 13508 --- [backofficeAPI] [http-nio-8080-exec-10] o.s.s.w.a.AnonymousAuthenticationFilter  : Set SecurityContextHolder to anonymous SecurityContext
2025-10-28T09:46:14.274Z DEBUG 13508 --- [backofficeAPI] [http-nio-8080-exec-10] o.s.security.web.FilterChainProxy        : Secured GET /assets/navmenu.png
2025-10-28T09:46:14.276Z DEBUG 13508 --- [backofficeAPI] [http-nio-8080-exec-8] o.s.s.w.a.AnonymousAuthenticationFilter  : Set SecurityContextHolder to anonymous SecurityContext
2025-10-28T09:46:14.276Z DEBUG 13508 --- [backofficeAPI] [http-nio-8080-exec-8] o.s.security.web.FilterChainProxy        : Secured GET /assets/background.png
2025-10-28T09:46:14.313Z DEBUG 13508 --- [backofficeAPI] [http-nio-8080-exec-1] o.s.security.web.FilterChainProxy        : Securing GET /scripts/api/newsService.js
2025-10-28T09:46:14.314Z DEBUG 13508 --- [backofficeAPI] [http-nio-8080-exec-1] o.s.s.w.a.AnonymousAuthenticationFilter  : Set SecurityContextHolder to anonymous SecurityContext
2025-10-28T09:46:14.314Z DEBUG 13508 --- [backofficeAPI] [http-nio-8080-exec-1] o.s.security.web.FilterChainProxy        : Secured GET /scripts/api/newsService.js
2025-10-28T09:46:14.329Z DEBUG 13508 --- [backofficeAPI] [http-nio-8080-exec-9] o.s.security.web.FilterChainProxy        : Securing GET /api/news
2025-10-28T09:46:14.344Z DEBUG 13508 --- [backofficeAPI] [http-nio-8080-exec-4] o.s.security.web.FilterChainProxy        : Securing GET /favicon.ico
2025-10-28T09:46:14.350Z DEBUG 13508 --- [backofficeAPI] [http-nio-8080-exec-9] o.s.security.web.FilterChainProxy        : Secured GET /api/news
2025-10-28T09:46:14.351Z DEBUG 13508 --- [backofficeAPI] [http-nio-8080-exec-4] o.s.s.w.a.AnonymousAuthenticationFilter  : Set SecurityContextHolder to anonymous SecurityContext
2025-10-28T09:46:14.352Z DEBUG 13508 --- [backofficeAPI] [http-nio-8080-exec-9] o.d.b.controller.NewsController          : GET request to retrieve all news
2025-10-28T09:46:14.352Z DEBUG 13508 --- [backofficeAPI] [http-nio-8080-exec-4] o.s.security.web.FilterChainProxy        : Secured GET /favicon.ico
2025-10-28T09:46:14.353Z DEBUG 13508 --- [backofficeAPI] [http-nio-8080-exec-9] o.d.backofficeAPI.service.NewsService    : Retrieving all news
2025-10-28T09:46:14.361Z ERROR 13508 --- [backofficeAPI] [http-nio-8080-exec-4] o.d.b.exception.GlobalExceptionHandler   : Unexpected error occurred

org.springframework.web.servlet.resource.NoResourceFoundException: No static resource favicon.ico.
	at org.springframework.web.servlet.resource.ResourceHttpRequestHandler.handleRequest(ResourceHttpRequestHandler.java:585) ~[spring-webmvc-6.2.11.jar:6.2.11]
	at org.springframework.web.servlet.mvc.HttpRequestHandlerAdapter.handle(HttpRequestHandlerAdapter.java:52) ~[spring-webmvc-6.2.11.jar:6.2.11]
	at org.springframework.web.servlet.DispatcherServlet.doDispatch(DispatcherServlet.java:1089) ~[spring-webmvc-6.2.11.jar:6.2.11]
	at org.springframework.web.servlet.DispatcherServlet.doService(DispatcherServlet.java:979) ~[spring-webmvc-6.2.11.jar:6.2.11]
	at org.springframework.web.servlet.FrameworkServlet.processRequest(FrameworkServlet.java:1014) ~[spring-webmvc-6.2.11.jar:6.2.11]
	at org.springframework.web.servlet.FrameworkServlet.doGet(FrameworkServlet.java:903) ~[spring-webmvc-6.2.11.jar:6.2.11]
	at jakarta.servlet.http.HttpServlet.service(HttpServlet.java:564) ~[tomcat-embed-core-10.1.46.jar:6.0]
	at org.springframework.web.servlet.FrameworkServlet.service(FrameworkServlet.java:885) ~[spring-webmvc-6.2.11.jar:6.2.11]
	at jakarta.servlet.http.HttpServlet.service(HttpServlet.java:658) ~[tomcat-embed-core-10.1.46.jar:6.0]
	at org.apache.catalina.core.ApplicationFilterChain.internalDoFilter(ApplicationFilterChain.java:195) ~[tomcat-embed-core-10.1.46.jar:10.1.46]
	at org.apache.catalina.core.ApplicationFilterChain.doFilter(ApplicationFilterChain.java:140) ~[tomcat-embed-core-10.1.46.jar:10.1.46]
	at org.apache.tomcat.websocket.server.WsFilter.doFilter(WsFilter.java:51) ~[tomcat-embed-websocket-10.1.46.jar:10.1.46]
	at org.apache.catalina.core.ApplicationFilterChain.internalDoFilter(ApplicationFilterChain.java:164) ~[tomcat-embed-core-10.1.46.jar:10.1.46]
	at org.apache.catalina.core.ApplicationFilterChain.doFilter(ApplicationFilterChain.java:140) ~[tomcat-embed-core-10.1.46.jar:10.1.46]
	at org.springframework.web.filter.OncePerRequestFilter.doFilter(OncePerRequestFilter.java:110) ~[spring-web-6.2.11.jar:6.2.11]
	at org.apache.catalina.core.ApplicationFilterChain.internalDoFilter(ApplicationFilterChain.java:164) ~[tomcat-embed-core-10.1.46.jar:10.1.46]
	at org.apache.catalina.core.ApplicationFilterChain.doFilter(ApplicationFilterChain.java:140) ~[tomcat-embed-core-10.1.46.jar:10.1.46]
	at org.springframework.web.filter.CompositeFilter$VirtualFilterChain.doFilter(CompositeFilter.java:108) ~[spring-web-6.2.11.jar:6.2.11]
	at org.springframework.web.filter.CompositeFilter$VirtualFilterChain.doFilter(CompositeFilter.java:108) ~[spring-web-6.2.11.jar:6.2.11]
	at org.springframework.security.web.FilterChainProxy.lambda$doFilterInternal$3(FilterChainProxy.java:231) ~[spring-security-web-6.5.5.jar:6.5.5]
	at org.springframework.security.web.FilterChainProxy$VirtualFilterChain.doFilter(FilterChainProxy.java:365) ~[spring-security-web-6.5.5.jar:6.5.5]
	at org.springframework.security.web.access.intercept.AuthorizationFilter.doFilter(AuthorizationFilter.java:101) ~[spring-security-web-6.5.5.jar:6.5.5]
	at org.springframework.security.web.FilterChainProxy$VirtualFilterChain.doFilter(FilterChainProxy.java:374) ~[spring-security-web-6.5.5.jar:6.5.5]
	at org.springframework.security.web.access.ExceptionTranslationFilter.doFilter(ExceptionTranslationFilter.java:125) ~[spring-security-web-6.5.5.jar:6.5.5]
	at org.springframework.security.web.access.ExceptionTranslationFilter.doFilter(ExceptionTranslationFilter.java:119) ~[spring-security-web-6.5.5.jar:6.5.5]
	at org.springframework.security.web.FilterChainProxy$VirtualFilterChain.doFilter(FilterChainProxy.java:374) ~[spring-security-web-6.5.5.jar:6.5.5]
	at org.springframework.security.web.session.SessionManagementFilter.doFilter(SessionManagementFilter.java:131) ~[spring-security-web-6.5.5.jar:6.5.5]
	at org.springframework.security.web.session.SessionManagementFilter.doFilter(SessionManagementFilter.java:85) ~[spring-security-web-6.5.5.jar:6.5.5]
	at org.springframework.security.web.FilterChainProxy$VirtualFilterChain.doFilter(FilterChainProxy.java:374) ~[spring-security-web-6.5.5.jar:6.5.5]
	at org.springframework.security.web.authentication.AnonymousAuthenticationFilter.doFilter(AnonymousAuthenticationFilter.java:100) ~[spring-security-web-6.5.5.jar:6.5.5]
	at org.springframework.security.web.FilterChainProxy$VirtualFilterChain.doFilter(FilterChainProxy.java:374) ~[spring-security-web-6.5.5.jar:6.5.5]
	at org.springframework.security.web.servletapi.SecurityContextHolderAwareRequestFilter.doFilter(SecurityContextHolderAwareRequestFilter.java:179) ~[spring-security-web-6.5.5.jar:6.5.5]
	at org.springframework.security.web.FilterChainProxy$VirtualFilterChain.doFilter(FilterChainProxy.java:374) ~[spring-security-web-6.5.5.jar:6.5.5]
	at org.springframework.security.web.savedrequest.RequestCacheAwareFilter.doFilter(RequestCacheAwareFilter.java:63) ~[spring-security-web-6.5.5.jar:6.5.5]
	at org.springframework.security.web.FilterChainProxy$VirtualFilterChain.doFilter(FilterChainProxy.java:374) ~[spring-security-web-6.5.5.jar:6.5.5]
	at org.dubini.backofficeAPI.security.JwtFilter.doFilterInternal(JwtFilter.java:56) ~[classes/:na]
	at org.springframework.web.filter.OncePerRequestFilter.doFilter(OncePerRequestFilter.java:116) ~[spring-web-6.2.11.jar:6.2.11]
	at org.springframework.security.web.FilterChainProxy$VirtualFilterChain.doFilter(FilterChainProxy.java:374) ~[spring-security-web-6.5.5.jar:6.5.5]
	at org.springframework.security.web.authentication.logout.LogoutFilter.doFilter(LogoutFilter.java:107) ~[spring-security-web-6.5.5.jar:6.5.5]
	at org.springframework.security.web.authentication.logout.LogoutFilter.doFilter(LogoutFilter.java:93) ~[spring-security-web-6.5.5.jar:6.5.5]
	at org.springframework.security.web.FilterChainProxy$VirtualFilterChain.doFilter(FilterChainProxy.java:374) ~[spring-security-web-6.5.5.jar:6.5.5]
	at org.springframework.security.web.header.HeaderWriterFilter.doHeadersAfter(HeaderWriterFilter.java:90) ~[spring-security-web-6.5.5.jar:6.5.5]
	at org.springframework.security.web.header.HeaderWriterFilter.doFilterInternal(HeaderWriterFilter.java:75) ~[spring-security-web-6.5.5.jar:6.5.5]
	at org.springframework.web.filter.OncePerRequestFilter.doFilter(OncePerRequestFilter.java:116) ~[spring-web-6.2.11.jar:6.2.11]
	at org.springframework.security.web.FilterChainProxy$VirtualFilterChain.doFilter(FilterChainProxy.java:374) ~[spring-security-web-6.5.5.jar:6.5.5]
	at org.springframework.security.web.context.SecurityContextHolderFilter.doFilter(SecurityContextHolderFilter.java:82) ~[spring-security-web-6.5.5.jar:6.5.5]
	at org.springframework.security.web.context.SecurityContextHolderFilter.doFilter(SecurityContextHolderFilter.java:69) ~[spring-security-web-6.5.5.jar:6.5.5]
	at org.springframework.security.web.FilterChainProxy$VirtualFilterChain.doFilter(FilterChainProxy.java:374) ~[spring-security-web-6.5.5.jar:6.5.5]
	at org.springframework.security.web.context.request.async.WebAsyncManagerIntegrationFilter.doFilterInternal(WebAsyncManagerIntegrationFilter.java:62) ~[spring-security-web-6.5.5.jar:6.5.5]
	at org.springframework.web.filter.OncePerRequestFilter.doFilter(OncePerRequestFilter.java:116) ~[spring-web-6.2.11.jar:6.2.11]
	at org.springframework.security.web.FilterChainProxy$VirtualFilterChain.doFilter(FilterChainProxy.java:374) ~[spring-security-web-6.5.5.jar:6.5.5]
	at org.springframework.security.web.session.DisableEncodeUrlFilter.doFilterInternal(DisableEncodeUrlFilter.java:42) ~[spring-security-web-6.5.5.jar:6.5.5]
	at org.springframework.web.filter.OncePerRequestFilter.doFilter(OncePerRequestFilter.java:116) ~[spring-web-6.2.11.jar:6.2.11]
	at org.springframework.security.web.FilterChainProxy$VirtualFilterChain.doFilter(FilterChainProxy.java:374) ~[spring-security-web-6.5.5.jar:6.5.5]
	at org.springframework.security.web.FilterChainProxy.doFilterInternal(FilterChainProxy.java:233) ~[spring-security-web-6.5.5.jar:6.5.5]
	at org.springframework.security.web.FilterChainProxy.doFilter(FilterChainProxy.java:191) ~[spring-security-web-6.5.5.jar:6.5.5]
	at org.springframework.web.filter.CompositeFilter$VirtualFilterChain.doFilter(CompositeFilter.java:113) ~[spring-web-6.2.11.jar:6.2.11]
	at org.springframework.web.filter.ServletRequestPathFilter.doFilter(ServletRequestPathFilter.java:52) ~[spring-web-6.2.11.jar:6.2.11]
	at org.springframework.web.filter.CompositeFilter$VirtualFilterChain.doFilter(CompositeFilter.java:113) ~[spring-web-6.2.11.jar:6.2.11]
	at org.springframework.web.filter.CompositeFilter.doFilter(CompositeFilter.java:74) ~[spring-web-6.2.11.jar:6.2.11]
	at org.springframework.security.config.annotation.web.configuration.WebSecurityConfiguration$CompositeFilterChainProxy.doFilter(WebSecurityConfiguration.java:319) ~[spring-security-config-6.5.5.jar:6.5.5]
	at org.springframework.web.filter.CompositeFilter$VirtualFilterChain.doFilter(CompositeFilter.java:113) ~[spring-web-6.2.11.jar:6.2.11]
	at org.springframework.web.servlet.handler.HandlerMappingIntrospector.lambda$createCacheFilter$4(HandlerMappingIntrospector.java:267) ~[spring-webmvc-6.2.11.jar:6.2.11]
	at org.springframework.web.filter.CompositeFilter$VirtualFilterChain.doFilter(CompositeFilter.java:113) ~[spring-web-6.2.11.jar:6.2.11]
	at org.springframework.web.filter.CompositeFilter.doFilter(CompositeFilter.java:74) ~[spring-web-6.2.11.jar:6.2.11]
	at org.springframework.security.config.annotation.web.configuration.WebMvcSecurityConfiguration$CompositeFilterChainProxy.doFilter(WebMvcSecurityConfiguration.java:240) ~[spring-security-config-6.5.5.jar:6.5.5]
	at org.springframework.web.filter.DelegatingFilterProxy.invokeDelegate(DelegatingFilterProxy.java:362) ~[spring-web-6.2.11.jar:6.2.11]
	at org.springframework.web.filter.DelegatingFilterProxy.doFilter(DelegatingFilterProxy.java:278) ~[spring-web-6.2.11.jar:6.2.11]
	at org.apache.catalina.core.ApplicationFilterChain.internalDoFilter(ApplicationFilterChain.java:164) ~[tomcat-embed-core-10.1.46.jar:10.1.46]
	at org.apache.catalina.core.ApplicationFilterChain.doFilter(ApplicationFilterChain.java:140) ~[tomcat-embed-core-10.1.46.jar:10.1.46]
	at org.springframework.web.filter.RequestContextFilter.doFilterInternal(RequestContextFilter.java:100) ~[spring-web-6.2.11.jar:6.2.11]
	at org.springframework.web.filter.OncePerRequestFilter.doFilter(OncePerRequestFilter.java:116) ~[spring-web-6.2.11.jar:6.2.11]
	at org.apache.catalina.core.ApplicationFilterChain.internalDoFilter(ApplicationFilterChain.java:164) ~[tomcat-embed-core-10.1.46.jar:10.1.46]
	at org.apache.catalina.core.ApplicationFilterChain.doFilter(ApplicationFilterChain.java:140) ~[tomcat-embed-core-10.1.46.jar:10.1.46]
	at org.springframework.web.filter.FormContentFilter.doFilterInternal(FormContentFilter.java:93) ~[spring-web-6.2.11.jar:6.2.11]
	at org.springframework.web.filter.OncePerRequestFilter.doFilter(OncePerRequestFilter.java:116) ~[spring-web-6.2.11.jar:6.2.11]
	at org.apache.catalina.core.ApplicationFilterChain.internalDoFilter(ApplicationFilterChain.java:164) ~[tomcat-embed-core-10.1.46.jar:10.1.46]
	at org.apache.catalina.core.ApplicationFilterChain.doFilter(ApplicationFilterChain.java:140) ~[tomcat-embed-core-10.1.46.jar:10.1.46]
	at org.springframework.web.filter.CharacterEncodingFilter.doFilterInternal(CharacterEncodingFilter.java:201) ~[spring-web-6.2.11.jar:6.2.11]
	at org.springframework.web.filter.OncePerRequestFilter.doFilter(OncePerRequestFilter.java:116) ~[spring-web-6.2.11.jar:6.2.11]
	at org.apache.catalina.core.ApplicationFilterChain.internalDoFilter(ApplicationFilterChain.java:164) ~[tomcat-embed-core-10.1.46.jar:10.1.46]
	at org.apache.catalina.core.ApplicationFilterChain.doFilter(ApplicationFilterChain.java:140) ~[tomcat-embed-core-10.1.46.jar:10.1.46]
	at org.apache.catalina.core.StandardWrapperValve.invoke(StandardWrapperValve.java:167) ~[tomcat-embed-core-10.1.46.jar:10.1.46]
	at org.apache.catalina.core.StandardContextValve.invoke(StandardContextValve.java:90) ~[tomcat-embed-core-10.1.46.jar:10.1.46]
	at org.apache.catalina.authenticator.AuthenticatorBase.invoke(AuthenticatorBase.java:483) ~[tomcat-embed-core-10.1.46.jar:10.1.46]
	at org.apache.catalina.core.StandardHostValve.invoke(StandardHostValve.java:116) ~[tomcat-embed-core-10.1.46.jar:10.1.46]
	at org.apache.catalina.valves.ErrorReportValve.invoke(ErrorReportValve.java:93) ~[tomcat-embed-core-10.1.46.jar:10.1.46]
	at org.apache.catalina.core.StandardEngineValve.invoke(StandardEngineValve.java:74) ~[tomcat-embed-core-10.1.46.jar:10.1.46]
	at org.apache.catalina.connector.CoyoteAdapter.service(CoyoteAdapter.java:344) ~[tomcat-embed-core-10.1.46.jar:10.1.46]
	at org.apache.coyote.http11.Http11Processor.service(Http11Processor.java:398) ~[tomcat-embed-core-10.1.46.jar:10.1.46]
	at org.apache.coyote.AbstractProcessorLight.process(AbstractProcessorLight.java:63) ~[tomcat-embed-core-10.1.46.jar:10.1.46]
	at org.apache.coyote.AbstractProtocol$ConnectionHandler.process(AbstractProtocol.java:903) ~[tomcat-embed-core-10.1.46.jar:10.1.46]
	at org.apache.tomcat.util.net.NioEndpoint$SocketProcessor.doRun(NioEndpoint.java:1776) ~[tomcat-embed-core-10.1.46.jar:10.1.46]
	at org.apache.tomcat.util.net.SocketProcessorBase.run(SocketProcessorBase.java:52) ~[tomcat-embed-core-10.1.46.jar:10.1.46]
	at org.apache.tomcat.util.threads.ThreadPoolExecutor.runWorker(ThreadPoolExecutor.java:975) ~[tomcat-embed-core-10.1.46.jar:10.1.46]
	at org.apache.tomcat.util.threads.ThreadPoolExecutor$Worker.run(ThreadPoolExecutor.java:493) ~[tomcat-embed-core-10.1.46.jar:10.1.46]
	at org.apache.tomcat.util.threads.TaskThread$WrappingRunnable.run(TaskThread.java:63) ~[tomcat-embed-core-10.1.46.jar:10.1.46]
	at java.base/java.lang.Thread.run(Thread.java:842) ~[na:na]

2025-10-28T09:46:14.363Z DEBUG 13508 --- [backofficeAPI] [http-nio-8080-exec-9] o.d.backofficeAPI.service.NewsService    : Retrieved 3 news articles
2025-10-28T09:46:14.366Z  WARN 13508 --- [backofficeAPI] [http-nio-8080-exec-4] .m.m.a.ExceptionHandlerExceptionResolver : Resolved [org.springframework.web.servlet.resource.NoResourceFoundException: No static resource favicon.ico.]
2025-10-28T09:46:18.160Z DEBUG 13508 --- [backofficeAPI] [http-nio-8080-exec-2] o.s.security.web.FilterChainProxy        : Securing POST /api/news
2025-10-28T09:46:18.163Z DEBUG 13508 --- [backofficeAPI] [http-nio-8080-exec-2] o.s.security.web.FilterChainProxy        : Secured POST /api/news
2025-10-28T09:46:18.164Z DEBUG 13508 --- [backofficeAPI] [http-nio-8080-exec-2] o.d.b.controller.NewsController          : POST request to create new news article
2025-10-28T09:46:18.164Z DEBUG 13508 --- [backofficeAPI] [http-nio-8080-exec-2] o.d.backofficeAPI.service.NewsService    : Saving new news: adasd
2025-10-28T09:46:18.172Z  INFO 13508 --- [backofficeAPI] [http-nio-8080-exec-2] o.d.backofficeAPI.service.NewsService    : News saved successfully: adasd
2025-10-28T09:46:18.230Z DEBUG 13508 --- [backofficeAPI] [http-nio-8080-exec-7] o.s.security.web.FilterChainProxy        : Securing GET /api/news
2025-10-28T09:46:18.239Z DEBUG 13508 --- [backofficeAPI] [http-nio-8080-exec-7] o.s.security.web.FilterChainProxy        : Secured GET /api/news
2025-10-28T09:46:18.241Z DEBUG 13508 --- [backofficeAPI] [http-nio-8080-exec-7] o.d.b.controller.NewsController          : GET request to retrieve all news
2025-10-28T09:46:18.243Z DEBUG 13508 --- [backofficeAPI] [http-nio-8080-exec-7] o.d.backofficeAPI.service.NewsService    : Retrieving all news
2025-10-28T09:46:18.247Z DEBUG 13508 --- [backofficeAPI] [http-nio-8080-exec-5] o.s.security.web.FilterChainProxy        : Securing GET /api/news
2025-10-28T09:46:18.263Z  INFO 13508 --- [backofficeAPI] [reactor-http-nio-4] o.d.backofficeAPI.service.NewsService    : News cache invalidated after save
2025-10-28T09:46:18.262Z DEBUG 13508 --- [backofficeAPI] [http-nio-8080-exec-5] o.s.security.web.FilterChainProxy        : Secured GET /api/news
2025-10-28T09:46:18.263Z DEBUG 13508 --- [backofficeAPI] [http-nio-8080-exec-5] o.d.b.controller.NewsController          : GET request to retrieve all news
2025-10-28T09:46:18.263Z DEBUG 13508 --- [backofficeAPI] [http-nio-8080-exec-5] o.d.backofficeAPI.service.NewsService    : Retrieving all news
2025-10-28T09:46:18.264Z DEBUG 13508 --- [backofficeAPI] [http-nio-8080-exec-7] o.d.backofficeAPI.service.NewsService    : Retrieved 3 news articles
2025-10-28T09:46:18.273Z DEBUG 13508 --- [backofficeAPI] [http-nio-8080-exec-5] o.d.backofficeAPI.service.NewsService    : Retrieved 3 news articles
2025-10-28T09:46:23.790Z DEBUG 13508 --- [backofficeAPI] [http-nio-8080-exec-9] o.s.security.web.FilterChainProxy        : Securing GET /api/news
2025-10-28T09:46:23.797Z DEBUG 13508 --- [backofficeAPI] [http-nio-8080-exec-9] o.s.security.web.FilterChainProxy        : Secured GET /api/news
2025-10-28T09:46:23.800Z DEBUG 13508 --- [backofficeAPI] [http-nio-8080-exec-9] o.d.b.controller.NewsController          : GET request to retrieve all news
2025-10-28T09:46:23.801Z DEBUG 13508 --- [backofficeAPI] [http-nio-8080-exec-9] o.d.backofficeAPI.service.NewsService    : Retrieving all news
2025-10-28T09:46:23.812Z DEBUG 13508 --- [backofficeAPI] [http-nio-8080-exec-9] o.d.backofficeAPI.service.NewsService    : Retrieved 3 news articles
2025-10-28T09:48:06.109Z DEBUG 13508 --- [backofficeAPI] [http-nio-8080-exec-2] o.s.security.web.FilterChainProxy        : Securing GET /editor/noticias
2025-10-28T09:48:06.128Z DEBUG 13508 --- [backofficeAPI] [http-nio-8080-exec-2] o.s.security.web.FilterChainProxy        : Secured GET /editor/noticias
2025-10-28T09:48:06.139Z  WARN 13508 --- [backofficeAPI] [http-nio-8080-exec-2] actStandardFragmentInsertionTagProcessor : [THYMELEAF][http-nio-8080-exec-2][news] Deprecated unwrapped fragment expression "fragments/header :: header" found in template news, line 18, col 8. Please use the complete syntax of fragment expressions instead ("~{fragments/header :: header}"). The old, unwrapped syntax for fragment expressions will be removed in future versions of Thymeleaf.
2025-10-28T09:48:06.193Z DEBUG 13508 --- [backofficeAPI] [http-nio-8080-exec-7] o.s.security.web.FilterChainProxy        : Securing GET /styles/layout/header.css
2025-10-28T09:48:06.197Z DEBUG 13508 --- [backofficeAPI] [http-nio-8080-exec-7] o.s.s.w.a.AnonymousAuthenticationFilter  : Set SecurityContextHolder to anonymous SecurityContext
2025-10-28T09:48:06.199Z DEBUG 13508 --- [backofficeAPI] [http-nio-8080-exec-7] o.s.security.web.FilterChainProxy        : Secured GET /styles/layout/header.css
2025-10-28T09:48:06.203Z DEBUG 13508 --- [backofficeAPI] [http-nio-8080-exec-5] o.s.security.web.FilterChainProxy        : Securing GET /styles/layout/footer.css
2025-10-28T09:48:06.204Z DEBUG 13508 --- [backofficeAPI] [http-nio-8080-exec-5] o.s.s.w.a.AnonymousAuthenticationFilter  : Set SecurityContextHolder to anonymous SecurityContext
2025-10-28T09:48:06.205Z DEBUG 13508 --- [backofficeAPI] [http-nio-8080-exec-5] o.s.security.web.FilterChainProxy        : Secured GET /styles/layout/footer.css
2025-10-28T09:48:06.206Z DEBUG 13508 --- [backofficeAPI] [http-nio-8080-exec-6] o.s.security.web.FilterChainProxy        : Securing GET /scripts/pages/news.js
2025-10-28T09:48:06.206Z DEBUG 13508 --- [backofficeAPI] [http-nio-8080-exec-8] o.s.security.web.FilterChainProxy        : Securing GET /styles/news.css
2025-10-28T09:48:06.208Z DEBUG 13508 --- [backofficeAPI] [http-nio-8080-exec-1] o.s.security.web.FilterChainProxy        : Securing GET /styles/base.css
2025-10-28T09:48:06.209Z DEBUG 13508 --- [backofficeAPI] [http-nio-8080-exec-6] o.s.s.w.a.AnonymousAuthenticationFilter  : Set SecurityContextHolder to anonymous SecurityContext
2025-10-28T09:48:06.211Z DEBUG 13508 --- [backofficeAPI] [http-nio-8080-exec-6] o.s.security.web.FilterChainProxy        : Secured GET /scripts/pages/news.js
2025-10-28T09:48:06.211Z DEBUG 13508 --- [backofficeAPI] [http-nio-8080-exec-10] o.s.security.web.FilterChainProxy        : Securing GET /styles/login.css
2025-10-28T09:48:06.216Z DEBUG 13508 --- [backofficeAPI] [http-nio-8080-exec-8] o.s.s.w.a.AnonymousAuthenticationFilter  : Set SecurityContextHolder to anonymous SecurityContext
2025-10-28T09:48:06.220Z DEBUG 13508 --- [backofficeAPI] [http-nio-8080-exec-10] o.s.s.w.a.AnonymousAuthenticationFilter  : Set SecurityContextHolder to anonymous SecurityContext
2025-10-28T09:48:06.215Z DEBUG 13508 --- [backofficeAPI] [http-nio-8080-exec-1] o.s.s.w.a.AnonymousAuthenticationFilter  : Set SecurityContextHolder to anonymous SecurityContext
2025-10-28T09:48:06.221Z DEBUG 13508 --- [backofficeAPI] [http-nio-8080-exec-8] o.s.security.web.FilterChainProxy        : Secured GET /styles/news.css
2025-10-28T09:48:06.221Z DEBUG 13508 --- [backofficeAPI] [http-nio-8080-exec-10] o.s.security.web.FilterChainProxy        : Secured GET /styles/login.css
2025-10-28T09:48:06.221Z DEBUG 13508 --- [backofficeAPI] [http-nio-8080-exec-1] o.s.security.web.FilterChainProxy        : Secured GET /styles/base.css
2025-10-28T09:48:06.247Z DEBUG 13508 --- [backofficeAPI] [http-nio-8080-exec-3] o.s.security.web.FilterChainProxy        : Securing GET /assets/logo.png
2025-10-28T09:48:06.266Z DEBUG 13508 --- [backofficeAPI] [http-nio-8080-exec-3] o.s.s.w.a.AnonymousAuthenticationFilter  : Set SecurityContextHolder to anonymous SecurityContext
2025-10-28T09:48:06.267Z DEBUG 13508 --- [backofficeAPI] [http-nio-8080-exec-3] o.s.security.web.FilterChainProxy        : Secured GET /assets/logo.png
2025-10-28T09:48:06.310Z DEBUG 13508 --- [backofficeAPI] [http-nio-8080-exec-9] o.s.security.web.FilterChainProxy        : Securing GET /scripts/script.js
2025-10-28T09:48:06.313Z DEBUG 13508 --- [backofficeAPI] [http-nio-8080-exec-9] o.s.s.w.a.AnonymousAuthenticationFilter  : Set SecurityContextHolder to anonymous SecurityContext
2025-10-28T09:48:06.315Z DEBUG 13508 --- [backofficeAPI] [http-nio-8080-exec-9] o.s.security.web.FilterChainProxy        : Secured GET /scripts/script.js
2025-10-28T09:48:06.391Z DEBUG 13508 --- [backofficeAPI] [http-nio-8080-exec-4] o.s.security.web.FilterChainProxy        : Securing GET /assets/navmenu.png
2025-10-28T09:48:06.391Z DEBUG 13508 --- [backofficeAPI] [http-nio-8080-exec-2] o.s.security.web.FilterChainProxy        : Securing GET /assets/background.png
2025-10-28T09:48:06.395Z DEBUG 13508 --- [backofficeAPI] [http-nio-8080-exec-4] o.s.s.w.a.AnonymousAuthenticationFilter  : Set SecurityContextHolder to anonymous SecurityContext
2025-10-28T09:48:06.395Z DEBUG 13508 --- [backofficeAPI] [http-nio-8080-exec-2] o.s.s.w.a.AnonymousAuthenticationFilter  : Set SecurityContextHolder to anonymous SecurityContext
2025-10-28T09:48:06.397Z DEBUG 13508 --- [backofficeAPI] [http-nio-8080-exec-4] o.s.security.web.FilterChainProxy        : Secured GET /assets/navmenu.png
2025-10-28T09:48:06.399Z DEBUG 13508 --- [backofficeAPI] [http-nio-8080-exec-2] o.s.security.web.FilterChainProxy        : Secured GET /assets/background.png
2025-10-28T09:48:06.459Z DEBUG 13508 --- [backofficeAPI] [http-nio-8080-exec-7] o.s.security.web.FilterChainProxy        : Securing GET /scripts/api/newsService.js
2025-10-28T09:48:06.460Z DEBUG 13508 --- [backofficeAPI] [http-nio-8080-exec-7] o.s.s.w.a.AnonymousAuthenticationFilter  : Set SecurityContextHolder to anonymous SecurityContext
2025-10-28T09:48:06.460Z DEBUG 13508 --- [backofficeAPI] [http-nio-8080-exec-7] o.s.security.web.FilterChainProxy        : Secured GET /scripts/api/newsService.js
2025-10-28T09:48:06.542Z DEBUG 13508 --- [backofficeAPI] [http-nio-8080-exec-5] o.s.security.web.FilterChainProxy        : Securing GET /api/news
2025-10-28T09:48:06.547Z DEBUG 13508 --- [backofficeAPI] [http-nio-8080-exec-6] o.s.security.web.FilterChainProxy        : Securing GET /favicon.ico
2025-10-28T09:48:06.553Z DEBUG 13508 --- [backofficeAPI] [http-nio-8080-exec-6] o.s.s.w.a.AnonymousAuthenticationFilter  : Set SecurityContextHolder to anonymous SecurityContext
2025-10-28T09:48:06.555Z DEBUG 13508 --- [backofficeAPI] [http-nio-8080-exec-6] o.s.security.web.FilterChainProxy        : Secured GET /favicon.ico
2025-10-28T09:48:06.559Z DEBUG 13508 --- [backofficeAPI] [http-nio-8080-exec-5] o.s.security.web.FilterChainProxy        : Secured GET /api/news
2025-10-28T09:48:06.561Z DEBUG 13508 --- [backofficeAPI] [http-nio-8080-exec-5] o.d.b.controller.NewsController          : GET request to retrieve all news
2025-10-28T09:48:06.560Z ERROR 13508 --- [backofficeAPI] [http-nio-8080-exec-6] o.d.b.exception.GlobalExceptionHandler   : Unexpected error occurred

org.springframework.web.servlet.resource.NoResourceFoundException: No static resource favicon.ico.
	at org.springframework.web.servlet.resource.ResourceHttpRequestHandler.handleRequest(ResourceHttpRequestHandler.java:585) ~[spring-webmvc-6.2.11.jar:6.2.11]
	at org.springframework.web.servlet.mvc.HttpRequestHandlerAdapter.handle(HttpRequestHandlerAdapter.java:52) ~[spring-webmvc-6.2.11.jar:6.2.11]
	at org.springframework.web.servlet.DispatcherServlet.doDispatch(DispatcherServlet.java:1089) ~[spring-webmvc-6.2.11.jar:6.2.11]
	at org.springframework.web.servlet.DispatcherServlet.doService(DispatcherServlet.java:979) ~[spring-webmvc-6.2.11.jar:6.2.11]
	at org.springframework.web.servlet.FrameworkServlet.processRequest(FrameworkServlet.java:1014) ~[spring-webmvc-6.2.11.jar:6.2.11]
	at org.springframework.web.servlet.FrameworkServlet.doGet(FrameworkServlet.java:903) ~[spring-webmvc-6.2.11.jar:6.2.11]
	at jakarta.servlet.http.HttpServlet.service(HttpServlet.java:564) ~[tomcat-embed-core-10.1.46.jar:6.0]
	at org.springframework.web.servlet.FrameworkServlet.service(FrameworkServlet.java:885) ~[spring-webmvc-6.2.11.jar:6.2.11]
	at jakarta.servlet.http.HttpServlet.service(HttpServlet.java:658) ~[tomcat-embed-core-10.1.46.jar:6.0]
	at org.apache.catalina.core.ApplicationFilterChain.internalDoFilter(ApplicationFilterChain.java:195) ~[tomcat-embed-core-10.1.46.jar:10.1.46]
	at org.apache.catalina.core.ApplicationFilterChain.doFilter(ApplicationFilterChain.java:140) ~[tomcat-embed-core-10.1.46.jar:10.1.46]
	at org.apache.tomcat.websocket.server.WsFilter.doFilter(WsFilter.java:51) ~[tomcat-embed-websocket-10.1.46.jar:10.1.46]
	at org.apache.catalina.core.ApplicationFilterChain.internalDoFilter(ApplicationFilterChain.java:164) ~[tomcat-embed-core-10.1.46.jar:10.1.46]
	at org.apache.catalina.core.ApplicationFilterChain.doFilter(ApplicationFilterChain.java:140) ~[tomcat-embed-core-10.1.46.jar:10.1.46]
	at org.springframework.web.filter.OncePerRequestFilter.doFilter(OncePerRequestFilter.java:110) ~[spring-web-6.2.11.jar:6.2.11]
	at org.apache.catalina.core.ApplicationFilterChain.internalDoFilter(ApplicationFilterChain.java:164) ~[tomcat-embed-core-10.1.46.jar:10.1.46]
	at org.apache.catalina.core.ApplicationFilterChain.doFilter(ApplicationFilterChain.java:140) ~[tomcat-embed-core-10.1.46.jar:10.1.46]
	at org.springframework.web.filter.CompositeFilter$VirtualFilterChain.doFilter(CompositeFilter.java:108) ~[spring-web-6.2.11.jar:6.2.11]
	at org.springframework.web.filter.CompositeFilter$VirtualFilterChain.doFilter(CompositeFilter.java:108) ~[spring-web-6.2.11.jar:6.2.11]
	at org.springframework.security.web.FilterChainProxy.lambda$doFilterInternal$3(FilterChainProxy.java:231) ~[spring-security-web-6.5.5.jar:6.5.5]
	at org.springframework.security.web.FilterChainProxy$VirtualFilterChain.doFilter(FilterChainProxy.java:365) ~[spring-security-web-6.5.5.jar:6.5.5]
	at org.springframework.security.web.access.intercept.AuthorizationFilter.doFilter(AuthorizationFilter.java:101) ~[spring-security-web-6.5.5.jar:6.5.5]
	at org.springframework.security.web.FilterChainProxy$VirtualFilterChain.doFilter(FilterChainProxy.java:374) ~[spring-security-web-6.5.5.jar:6.5.5]
	at org.springframework.security.web.access.ExceptionTranslationFilter.doFilter(ExceptionTranslationFilter.java:125) ~[spring-security-web-6.5.5.jar:6.5.5]
	at org.springframework.security.web.access.ExceptionTranslationFilter.doFilter(ExceptionTranslationFilter.java:119) ~[spring-security-web-6.5.5.jar:6.5.5]
	at org.springframework.security.web.FilterChainProxy$VirtualFilterChain.doFilter(FilterChainProxy.java:374) ~[spring-security-web-6.5.5.jar:6.5.5]
	at org.springframework.security.web.session.SessionManagementFilter.doFilter(SessionManagementFilter.java:131) ~[spring-security-web-6.5.5.jar:6.5.5]
	at org.springframework.security.web.session.SessionManagementFilter.doFilter(SessionManagementFilter.java:85) ~[spring-security-web-6.5.5.jar:6.5.5]
	at org.springframework.security.web.FilterChainProxy$VirtualFilterChain.doFilter(FilterChainProxy.java:374) ~[spring-security-web-6.5.5.jar:6.5.5]
	at org.springframework.security.web.authentication.AnonymousAuthenticationFilter.doFilter(AnonymousAuthenticationFilter.java:100) ~[spring-security-web-6.5.5.jar:6.5.5]
	at org.springframework.security.web.FilterChainProxy$VirtualFilterChain.doFilter(FilterChainProxy.java:374) ~[spring-security-web-6.5.5.jar:6.5.5]
	at org.springframework.security.web.servletapi.SecurityContextHolderAwareRequestFilter.doFilter(SecurityContextHolderAwareRequestFilter.java:179) ~[spring-security-web-6.5.5.jar:6.5.5]
	at org.springframework.security.web.FilterChainProxy$VirtualFilterChain.doFilter(FilterChainProxy.java:374) ~[spring-security-web-6.5.5.jar:6.5.5]
	at org.springframework.security.web.savedrequest.RequestCacheAwareFilter.doFilter(RequestCacheAwareFilter.java:63) ~[spring-security-web-6.5.5.jar:6.5.5]
	at org.springframework.security.web.FilterChainProxy$VirtualFilterChain.doFilter(FilterChainProxy.java:374) ~[spring-security-web-6.5.5.jar:6.5.5]
	at org.dubini.backofficeAPI.security.JwtFilter.doFilterInternal(JwtFilter.java:56) ~[classes/:na]
	at org.springframework.web.filter.OncePerRequestFilter.doFilter(OncePerRequestFilter.java:116) ~[spring-web-6.2.11.jar:6.2.11]
	at org.springframework.security.web.FilterChainProxy$VirtualFilterChain.doFilter(FilterChainProxy.java:374) ~[spring-security-web-6.5.5.jar:6.5.5]
	at org.springframework.security.web.authentication.logout.LogoutFilter.doFilter(LogoutFilter.java:107) ~[spring-security-web-6.5.5.jar:6.5.5]
	at org.springframework.security.web.authentication.logout.LogoutFilter.doFilter(LogoutFilter.java:93) ~[spring-security-web-6.5.5.jar:6.5.5]
	at org.springframework.security.web.FilterChainProxy$VirtualFilterChain.doFilter(FilterChainProxy.java:374) ~[spring-security-web-6.5.5.jar:6.5.5]
	at org.springframework.security.web.header.HeaderWriterFilter.doHeadersAfter(HeaderWriterFilter.java:90) ~[spring-security-web-6.5.5.jar:6.5.5]
	at org.springframework.security.web.header.HeaderWriterFilter.doFilterInternal(HeaderWriterFilter.java:75) ~[spring-security-web-6.5.5.jar:6.5.5]
	at org.springframework.web.filter.OncePerRequestFilter.doFilter(OncePerRequestFilter.java:116) ~[spring-web-6.2.11.jar:6.2.11]
	at org.springframework.security.web.FilterChainProxy$VirtualFilterChain.doFilter(FilterChainProxy.java:374) ~[spring-security-web-6.5.5.jar:6.5.5]
	at org.springframework.security.web.context.SecurityContextHolderFilter.doFilter(SecurityContextHolderFilter.java:82) ~[spring-security-web-6.5.5.jar:6.5.5]
	at org.springframework.security.web.context.SecurityContextHolderFilter.doFilter(SecurityContextHolderFilter.java:69) ~[spring-security-web-6.5.5.jar:6.5.5]
	at org.springframework.security.web.FilterChainProxy$VirtualFilterChain.doFilter(FilterChainProxy.java:374) ~[spring-security-web-6.5.5.jar:6.5.5]
	at org.springframework.security.web.context.request.async.WebAsyncManagerIntegrationFilter.doFilterInternal(WebAsyncManagerIntegrationFilter.java:62) ~[spring-security-web-6.5.5.jar:6.5.5]
	at org.springframework.web.filter.OncePerRequestFilter.doFilter(OncePerRequestFilter.java:116) ~[spring-web-6.2.11.jar:6.2.11]
	at org.springframework.security.web.FilterChainProxy$VirtualFilterChain.doFilter(FilterChainProxy.java:374) ~[spring-security-web-6.5.5.jar:6.5.5]
	at org.springframework.security.web.session.DisableEncodeUrlFilter.doFilterInternal(DisableEncodeUrlFilter.java:42) ~[spring-security-web-6.5.5.jar:6.5.5]
	at org.springframework.web.filter.OncePerRequestFilter.doFilter(OncePerRequestFilter.java:116) ~[spring-web-6.2.11.jar:6.2.11]
	at org.springframework.security.web.FilterChainProxy$VirtualFilterChain.doFilter(FilterChainProxy.java:374) ~[spring-security-web-6.5.5.jar:6.5.5]
	at org.springframework.security.web.FilterChainProxy.doFilterInternal(FilterChainProxy.java:233) ~[spring-security-web-6.5.5.jar:6.5.5]
	at org.springframework.security.web.FilterChainProxy.doFilter(FilterChainProxy.java:191) ~[spring-security-web-6.5.5.jar:6.5.5]
	at org.springframework.web.filter.CompositeFilter$VirtualFilterChain.doFilter(CompositeFilter.java:113) ~[spring-web-6.2.11.jar:6.2.11]
	at org.springframework.web.filter.ServletRequestPathFilter.doFilter(ServletRequestPathFilter.java:52) ~[spring-web-6.2.11.jar:6.2.11]
	at org.springframework.web.filter.CompositeFilter$VirtualFilterChain.doFilter(CompositeFilter.java:113) ~[spring-web-6.2.11.jar:6.2.11]
	at org.springframework.web.filter.CompositeFilter.doFilter(CompositeFilter.java:74) ~[spring-web-6.2.11.jar:6.2.11]
	at org.springframework.security.config.annotation.web.configuration.WebSecurityConfiguration$CompositeFilterChainProxy.doFilter(WebSecurityConfiguration.java:319) ~[spring-security-config-6.5.5.jar:6.5.5]
	at org.springframework.web.filter.CompositeFilter$VirtualFilterChain.doFilter(CompositeFilter.java:113) ~[spring-web-6.2.11.jar:6.2.11]
	at org.springframework.web.servlet.handler.HandlerMappingIntrospector.lambda$createCacheFilter$4(HandlerMappingIntrospector.java:267) ~[spring-webmvc-6.2.11.jar:6.2.11]
	at org.springframework.web.filter.CompositeFilter$VirtualFilterChain.doFilter(CompositeFilter.java:113) ~[spring-web-6.2.11.jar:6.2.11]
	at org.springframework.web.filter.CompositeFilter.doFilter(CompositeFilter.java:74) ~[spring-web-6.2.11.jar:6.2.11]
	at org.springframework.security.config.annotation.web.configuration.WebMvcSecurityConfiguration$CompositeFilterChainProxy.doFilter(WebMvcSecurityConfiguration.java:240) ~[spring-security-config-6.5.5.jar:6.5.5]
	at org.springframework.web.filter.DelegatingFilterProxy.invokeDelegate(DelegatingFilterProxy.java:362) ~[spring-web-6.2.11.jar:6.2.11]
	at org.springframework.web.filter.DelegatingFilterProxy.doFilter(DelegatingFilterProxy.java:278) ~[spring-web-6.2.11.jar:6.2.11]
	at org.apache.catalina.core.ApplicationFilterChain.internalDoFilter(ApplicationFilterChain.java:164) ~[tomcat-embed-core-10.1.46.jar:10.1.46]
	at org.apache.catalina.core.ApplicationFilterChain.doFilter(ApplicationFilterChain.java:140) ~[tomcat-embed-core-10.1.46.jar:10.1.46]
	at org.springframework.web.filter.RequestContextFilter.doFilterInternal(RequestContextFilter.java:100) ~[spring-web-6.2.11.jar:6.2.11]
	at org.springframework.web.filter.OncePerRequestFilter.doFilter(OncePerRequestFilter.java:116) ~[spring-web-6.2.11.jar:6.2.11]
	at org.apache.catalina.core.ApplicationFilterChain.internalDoFilter(ApplicationFilterChain.java:164) ~[tomcat-embed-core-10.1.46.jar:10.1.46]
	at org.apache.catalina.core.ApplicationFilterChain.doFilter(ApplicationFilterChain.java:140) ~[tomcat-embed-core-10.1.46.jar:10.1.46]
	at org.springframework.web.filter.FormContentFilter.doFilterInternal(FormContentFilter.java:93) ~[spring-web-6.2.11.jar:6.2.11]
	at org.springframework.web.filter.OncePerRequestFilter.doFilter(OncePerRequestFilter.java:116) ~[spring-web-6.2.11.jar:6.2.11]
	at org.apache.catalina.core.ApplicationFilterChain.internalDoFilter(ApplicationFilterChain.java:164) ~[tomcat-embed-core-10.1.46.jar:10.1.46]
	at org.apache.catalina.core.ApplicationFilterChain.doFilter(ApplicationFilterChain.java:140) ~[tomcat-embed-core-10.1.46.jar:10.1.46]
	at org.springframework.web.filter.CharacterEncodingFilter.doFilterInternal(CharacterEncodingFilter.java:201) ~[spring-web-6.2.11.jar:6.2.11]
	at org.springframework.web.filter.OncePerRequestFilter.doFilter(OncePerRequestFilter.java:116) ~[spring-web-6.2.11.jar:6.2.11]
	at org.apache.catalina.core.ApplicationFilterChain.internalDoFilter(ApplicationFilterChain.java:164) ~[tomcat-embed-core-10.1.46.jar:10.1.46]
	at org.apache.catalina.core.ApplicationFilterChain.doFilter(ApplicationFilterChain.java:140) ~[tomcat-embed-core-10.1.46.jar:10.1.46]
	at org.apache.catalina.core.StandardWrapperValve.invoke(StandardWrapperValve.java:167) ~[tomcat-embed-core-10.1.46.jar:10.1.46]
	at org.apache.catalina.core.StandardContextValve.invoke(StandardContextValve.java:90) ~[tomcat-embed-core-10.1.46.jar:10.1.46]
	at org.apache.catalina.authenticator.AuthenticatorBase.invoke(AuthenticatorBase.java:483) ~[tomcat-embed-core-10.1.46.jar:10.1.46]
	at org.apache.catalina.core.StandardHostValve.invoke(StandardHostValve.java:116) ~[tomcat-embed-core-10.1.46.jar:10.1.46]
	at org.apache.catalina.valves.ErrorReportValve.invoke(ErrorReportValve.java:93) ~[tomcat-embed-core-10.1.46.jar:10.1.46]
	at org.apache.catalina.core.StandardEngineValve.invoke(StandardEngineValve.java:74) ~[tomcat-embed-core-10.1.46.jar:10.1.46]
	at org.apache.catalina.connector.CoyoteAdapter.service(CoyoteAdapter.java:344) ~[tomcat-embed-core-10.1.46.jar:10.1.46]
	at org.apache.coyote.http11.Http11Processor.service(Http11Processor.java:398) ~[tomcat-embed-core-10.1.46.jar:10.1.46]
	at org.apache.coyote.AbstractProcessorLight.process(AbstractProcessorLight.java:63) ~[tomcat-embed-core-10.1.46.jar:10.1.46]
	at org.apache.coyote.AbstractProtocol$ConnectionHandler.process(AbstractProtocol.java:903) ~[tomcat-embed-core-10.1.46.jar:10.1.46]
	at org.apache.tomcat.util.net.NioEndpoint$SocketProcessor.doRun(NioEndpoint.java:1776) ~[tomcat-embed-core-10.1.46.jar:10.1.46]
	at org.apache.tomcat.util.net.SocketProcessorBase.run(SocketProcessorBase.java:52) ~[tomcat-embed-core-10.1.46.jar:10.1.46]
	at org.apache.tomcat.util.threads.ThreadPoolExecutor.runWorker(ThreadPoolExecutor.java:975) ~[tomcat-embed-core-10.1.46.jar:10.1.46]
	at org.apache.tomcat.util.threads.ThreadPoolExecutor$Worker.run(ThreadPoolExecutor.java:493) ~[tomcat-embed-core-10.1.46.jar:10.1.46]
	at org.apache.tomcat.util.threads.TaskThread$WrappingRunnable.run(TaskThread.java:63) ~[tomcat-embed-core-10.1.46.jar:10.1.46]
	at java.base/java.lang.Thread.run(Thread.java:842) ~[na:na]

2025-10-28T09:48:06.563Z DEBUG 13508 --- [backofficeAPI] [http-nio-8080-exec-5] o.d.backofficeAPI.service.NewsService    : Retrieving all news
2025-10-28T09:48:06.585Z  WARN 13508 --- [backofficeAPI] [http-nio-8080-exec-6] .m.m.a.ExceptionHandlerExceptionResolver : Resolved [org.springframework.web.servlet.resource.NoResourceFoundException: No static resource favicon.ico.]
2025-10-28T09:48:06.596Z DEBUG 13508 --- [backofficeAPI] [http-nio-8080-exec-5] o.d.backofficeAPI.service.NewsService    : Retrieved 3 news articles
2025-10-28T09:48:14.088Z DEBUG 13508 --- [backofficeAPI] [http-nio-8080-exec-4] o.s.security.web.FilterChainProxy        : Securing POST /api/news
2025-10-28T09:48:14.095Z DEBUG 13508 --- [backofficeAPI] [http-nio-8080-exec-4] o.s.security.web.FilterChainProxy        : Secured POST /api/news
2025-10-28T09:48:14.101Z DEBUG 13508 --- [backofficeAPI] [http-nio-8080-exec-4] o.d.b.controller.NewsController          : POST request to create new news article
2025-10-28T09:48:14.102Z DEBUG 13508 --- [backofficeAPI] [http-nio-8080-exec-4] o.d.backofficeAPI.service.NewsService    : Saving new news: adasd
2025-10-28T09:48:14.113Z  INFO 13508 --- [backofficeAPI] [http-nio-8080-exec-4] o.d.backofficeAPI.service.NewsService    : News saved successfully: adasd
2025-10-28T09:48:14.215Z DEBUG 13508 --- [backofficeAPI] [http-nio-8080-exec-2] o.s.security.web.FilterChainProxy        : Securing GET /api/news
2025-10-28T09:48:14.239Z DEBUG 13508 --- [backofficeAPI] [http-nio-8080-exec-2] o.s.security.web.FilterChainProxy        : Secured GET /api/news
2025-10-28T09:48:14.239Z DEBUG 13508 --- [backofficeAPI] [http-nio-8080-exec-2] o.d.b.controller.NewsController          : GET request to retrieve all news
2025-10-28T09:48:14.239Z DEBUG 13508 --- [backofficeAPI] [http-nio-8080-exec-2] o.d.backofficeAPI.service.NewsService    : Retrieving all news
2025-10-28T09:48:14.248Z DEBUG 13508 --- [backofficeAPI] [http-nio-8080-exec-2] o.d.backofficeAPI.service.NewsService    : Retrieved 3 news articles
2025-10-28T09:48:14.695Z  INFO 13508 --- [backofficeAPI] [reactor-http-nio-5] o.d.backofficeAPI.service.NewsService    : News cache invalidated after save
2025-10-28T09:48:14.754Z DEBUG 13508 --- [backofficeAPI] [http-nio-8080-exec-7] o.s.security.web.FilterChainProxy        : Securing GET /api/news
2025-10-28T09:48:14.783Z DEBUG 13508 --- [backofficeAPI] [http-nio-8080-exec-7] o.s.security.web.FilterChainProxy        : Secured GET /api/news
2025-10-28T09:48:14.785Z DEBUG 13508 --- [backofficeAPI] [http-nio-8080-exec-7] o.d.b.controller.NewsController          : GET request to retrieve all news
2025-10-28T09:48:14.786Z DEBUG 13508 --- [backofficeAPI] [http-nio-8080-exec-7] o.d.backofficeAPI.service.NewsService    : Retrieving all news
2025-10-28T09:48:14.804Z DEBUG 13508 --- [backofficeAPI] [http-nio-8080-exec-7] o.d.backofficeAPI.service.NewsService    : Retrieved 3 news articles
2025-10-28T09:48:29.124Z DEBUG 13508 --- [backofficeAPI] [http-nio-8080-exec-5] o.s.security.web.FilterChainProxy        : Securing GET /api/news
2025-10-28T09:48:29.128Z DEBUG 13508 --- [backofficeAPI] [http-nio-8080-exec-5] o.s.security.web.FilterChainProxy        : Secured GET /api/news
2025-10-28T09:48:29.129Z DEBUG 13508 --- [backofficeAPI] [http-nio-8080-exec-5] o.d.b.controller.NewsController          : GET request to retrieve all news
2025-10-28T09:48:29.129Z DEBUG 13508 --- [backofficeAPI] [http-nio-8080-exec-5] o.d.backofficeAPI.service.NewsService    : Retrieving all news
2025-10-28T09:48:29.138Z DEBUG 13508 --- [backofficeAPI] [http-nio-8080-exec-5] o.d.backofficeAPI.service.NewsService    : Retrieved 3 news articles
2025-10-28T09:56:36.227Z DEBUG 13508 --- [backofficeAPI] [http-nio-8080-exec-1] o.s.security.web.FilterChainProxy        : Securing POST /api/news
2025-10-28T09:56:36.247Z DEBUG 13508 --- [backofficeAPI] [http-nio-8080-exec-1] o.s.security.web.FilterChainProxy        : Secured POST /api/news
2025-10-28T09:56:36.263Z DEBUG 13508 --- [backofficeAPI] [http-nio-8080-exec-1] o.d.b.controller.NewsController          : POST request to create new news article
2025-10-28T09:56:36.264Z DEBUG 13508 --- [backofficeAPI] [http-nio-8080-exec-1] o.d.backofficeAPI.service.NewsService    : Saving new news: adasdqeqweqwe
2025-10-28T09:56:36.282Z  INFO 13508 --- [backofficeAPI] [http-nio-8080-exec-1] o.d.backofficeAPI.service.NewsService    : News saved successfully: adasdqeqweqwe
2025-10-28T09:56:36.325Z DEBUG 13508 --- [backofficeAPI] [http-nio-8080-exec-9] o.s.security.web.FilterChainProxy        : Securing GET /api/news
2025-10-28T09:56:36.335Z DEBUG 13508 --- [backofficeAPI] [http-nio-8080-exec-9] o.s.security.web.FilterChainProxy        : Secured GET /api/news
2025-10-28T09:56:36.337Z DEBUG 13508 --- [backofficeAPI] [http-nio-8080-exec-9] o.d.b.controller.NewsController          : GET request to retrieve all news
2025-10-28T09:56:36.338Z DEBUG 13508 --- [backofficeAPI] [http-nio-8080-exec-9] o.d.backofficeAPI.service.NewsService    : Retrieving all news
2025-10-28T09:56:36.356Z  INFO 13508 --- [backofficeAPI] [reactor-http-nio-6] o.d.backofficeAPI.service.NewsService    : News cache invalidated after save
2025-10-28T09:56:36.359Z DEBUG 13508 --- [backofficeAPI] [http-nio-8080-exec-8] o.s.security.web.FilterChainProxy        : Securing GET /api/news
2025-10-28T09:56:36.379Z DEBUG 13508 --- [backofficeAPI] [http-nio-8080-exec-8] o.s.security.web.FilterChainProxy        : Secured GET /api/news
2025-10-28T09:56:36.380Z DEBUG 13508 --- [backofficeAPI] [http-nio-8080-exec-8] o.d.b.controller.NewsController          : GET request to retrieve all news
2025-10-28T09:56:36.380Z DEBUG 13508 --- [backofficeAPI] [http-nio-8080-exec-9] o.d.backofficeAPI.service.NewsService    : Retrieved 3 news articles
2025-10-28T09:56:36.381Z DEBUG 13508 --- [backofficeAPI] [http-nio-8080-exec-8] o.d.backofficeAPI.service.NewsService    : Retrieving all news
2025-10-28T09:56:36.392Z DEBUG 13508 --- [backofficeAPI] [http-nio-8080-exec-8] o.d.backofficeAPI.service.NewsService    : Retrieved 3 news articles
2025-10-28T09:56:39.911Z DEBUG 13508 --- [backofficeAPI] [http-nio-8080-exec-3] o.s.security.web.FilterChainProxy        : Securing GET /api/news
2025-10-28T09:56:39.915Z DEBUG 13508 --- [backofficeAPI] [http-nio-8080-exec-3] o.s.security.web.FilterChainProxy        : Secured GET /api/news
2025-10-28T09:56:39.916Z DEBUG 13508 --- [backofficeAPI] [http-nio-8080-exec-3] o.d.b.controller.NewsController          : GET request to retrieve all news
2025-10-28T09:56:39.916Z DEBUG 13508 --- [backofficeAPI] [http-nio-8080-exec-3] o.d.backofficeAPI.service.NewsService    : Retrieving all news
2025-10-28T09:56:39.930Z DEBUG 13508 --- [backofficeAPI] [http-nio-8080-exec-3] o.d.backofficeAPI.service.NewsService    : Retrieved 3 news articles
2025-10-28T09:59:48.097Z DEBUG 13508 --- [backofficeAPI] [http-nio-8080-exec-7] o.s.security.web.FilterChainProxy        : Securing GET /editor/noticias
2025-10-28T09:59:48.105Z DEBUG 13508 --- [backofficeAPI] [http-nio-8080-exec-7] o.s.security.web.FilterChainProxy        : Secured GET /editor/noticias
2025-10-28T09:59:48.111Z  WARN 13508 --- [backofficeAPI] [http-nio-8080-exec-7] actStandardFragmentInsertionTagProcessor : [THYMELEAF][http-nio-8080-exec-7][news] Deprecated unwrapped fragment expression "fragments/header :: header" found in template news, line 18, col 8. Please use the complete syntax of fragment expressions instead ("~{fragments/header :: header}"). The old, unwrapped syntax for fragment expressions will be removed in future versions of Thymeleaf.
2025-10-28T09:59:48.158Z DEBUG 13508 --- [backofficeAPI] [http-nio-8080-exec-6] o.s.security.web.FilterChainProxy        : Securing GET /styles/layout/header.css
2025-10-28T09:59:48.159Z DEBUG 13508 --- [backofficeAPI] [http-nio-8080-exec-5] o.s.security.web.FilterChainProxy        : Securing GET /styles/layout/footer.css
2025-10-28T09:59:48.162Z DEBUG 13508 --- [backofficeAPI] [http-nio-8080-exec-6] o.s.s.w.a.AnonymousAuthenticationFilter  : Set SecurityContextHolder to anonymous SecurityContext
2025-10-28T09:59:48.164Z DEBUG 13508 --- [backofficeAPI] [http-nio-8080-exec-10] o.s.security.web.FilterChainProxy        : Securing GET /styles/base.css
2025-10-28T09:59:48.164Z DEBUG 13508 --- [backofficeAPI] [http-nio-8080-exec-1] o.s.security.web.FilterChainProxy        : Securing GET /styles/login.css
2025-10-28T09:59:48.164Z DEBUG 13508 --- [backofficeAPI] [http-nio-8080-exec-6] o.s.security.web.FilterChainProxy        : Secured GET /styles/layout/header.css
2025-10-28T09:59:48.165Z DEBUG 13508 --- [backofficeAPI] [http-nio-8080-exec-5] o.s.s.w.a.AnonymousAuthenticationFilter  : Set SecurityContextHolder to anonymous SecurityContext
2025-10-28T09:59:48.167Z DEBUG 13508 --- [backofficeAPI] [http-nio-8080-exec-9] o.s.security.web.FilterChainProxy        : Securing GET /styles/news.css
2025-10-28T09:59:48.168Z DEBUG 13508 --- [backofficeAPI] [http-nio-8080-exec-8] o.s.security.web.FilterChainProxy        : Securing GET /assets/logo.png
2025-10-28T09:59:48.170Z DEBUG 13508 --- [backofficeAPI] [http-nio-8080-exec-1] o.s.s.w.a.AnonymousAuthenticationFilter  : Set SecurityContextHolder to anonymous SecurityContext
2025-10-28T09:59:48.170Z DEBUG 13508 --- [backofficeAPI] [http-nio-8080-exec-5] o.s.security.web.FilterChainProxy        : Secured GET /styles/layout/footer.css
2025-10-28T09:59:48.170Z DEBUG 13508 --- [backofficeAPI] [http-nio-8080-exec-10] o.s.s.w.a.AnonymousAuthenticationFilter  : Set SecurityContextHolder to anonymous SecurityContext
2025-10-28T09:59:48.172Z DEBUG 13508 --- [backofficeAPI] [http-nio-8080-exec-8] o.s.s.w.a.AnonymousAuthenticationFilter  : Set SecurityContextHolder to anonymous SecurityContext
2025-10-28T09:59:48.173Z DEBUG 13508 --- [backofficeAPI] [http-nio-8080-exec-1] o.s.security.web.FilterChainProxy        : Secured GET /styles/login.css
2025-10-28T09:59:48.173Z DEBUG 13508 --- [backofficeAPI] [http-nio-8080-exec-10] o.s.security.web.FilterChainProxy        : Secured GET /styles/base.css
2025-10-28T09:59:48.174Z DEBUG 13508 --- [backofficeAPI] [http-nio-8080-exec-8] o.s.security.web.FilterChainProxy        : Secured GET /assets/logo.png
2025-10-28T09:59:48.175Z DEBUG 13508 --- [backofficeAPI] [http-nio-8080-exec-9] o.s.s.w.a.AnonymousAuthenticationFilter  : Set SecurityContextHolder to anonymous SecurityContext
2025-10-28T09:59:48.176Z DEBUG 13508 --- [backofficeAPI] [http-nio-8080-exec-9] o.s.security.web.FilterChainProxy        : Secured GET /styles/news.css
2025-10-28T09:59:48.185Z DEBUG 13508 --- [backofficeAPI] [http-nio-8080-exec-3] o.s.security.web.FilterChainProxy        : Securing GET /scripts/pages/news.js
2025-10-28T09:59:48.188Z DEBUG 13508 --- [backofficeAPI] [http-nio-8080-exec-3] o.s.s.w.a.AnonymousAuthenticationFilter  : Set SecurityContextHolder to anonymous SecurityContext
2025-10-28T09:59:48.188Z DEBUG 13508 --- [backofficeAPI] [http-nio-8080-exec-3] o.s.security.web.FilterChainProxy        : Secured GET /scripts/pages/news.js
2025-10-28T09:59:48.192Z DEBUG 13508 --- [backofficeAPI] [http-nio-8080-exec-4] o.s.security.web.FilterChainProxy        : Securing GET /scripts/script.js
2025-10-28T09:59:48.195Z DEBUG 13508 --- [backofficeAPI] [http-nio-8080-exec-4] o.s.s.w.a.AnonymousAuthenticationFilter  : Set SecurityContextHolder to anonymous SecurityContext
2025-10-28T09:59:48.195Z DEBUG 13508 --- [backofficeAPI] [http-nio-8080-exec-4] o.s.security.web.FilterChainProxy        : Secured GET /scripts/script.js
2025-10-28T09:59:48.204Z DEBUG 13508 --- [backofficeAPI] [http-nio-8080-exec-2] o.s.security.web.FilterChainProxy        : Securing GET /assets/navmenu.png
2025-10-28T09:59:48.204Z DEBUG 13508 --- [backofficeAPI] [http-nio-8080-exec-7] o.s.security.web.FilterChainProxy        : Securing GET /assets/background.png
2025-10-28T09:59:48.206Z DEBUG 13508 --- [backofficeAPI] [http-nio-8080-exec-7] o.s.s.w.a.AnonymousAuthenticationFilter  : Set SecurityContextHolder to anonymous SecurityContext
2025-10-28T09:59:48.206Z DEBUG 13508 --- [backofficeAPI] [http-nio-8080-exec-2] o.s.s.w.a.AnonymousAuthenticationFilter  : Set SecurityContextHolder to anonymous SecurityContext
2025-10-28T09:59:48.207Z DEBUG 13508 --- [backofficeAPI] [http-nio-8080-exec-7] o.s.security.web.FilterChainProxy        : Secured GET /assets/background.png
2025-10-28T09:59:48.207Z DEBUG 13508 --- [backofficeAPI] [http-nio-8080-exec-2] o.s.security.web.FilterChainProxy        : Secured GET /assets/navmenu.png
2025-10-28T09:59:48.237Z DEBUG 13508 --- [backofficeAPI] [http-nio-8080-exec-6] o.s.security.web.FilterChainProxy        : Securing GET /scripts/api/newsService.js
2025-10-28T09:59:48.238Z DEBUG 13508 --- [backofficeAPI] [http-nio-8080-exec-6] o.s.s.w.a.AnonymousAuthenticationFilter  : Set SecurityContextHolder to anonymous SecurityContext
2025-10-28T09:59:48.238Z DEBUG 13508 --- [backofficeAPI] [http-nio-8080-exec-6] o.s.security.web.FilterChainProxy        : Secured GET /scripts/api/newsService.js
2025-10-28T09:59:48.253Z DEBUG 13508 --- [backofficeAPI] [http-nio-8080-exec-5] o.s.security.web.FilterChainProxy        : Securing GET /api/news
2025-10-28T09:59:48.256Z DEBUG 13508 --- [backofficeAPI] [http-nio-8080-exec-1] o.s.security.web.FilterChainProxy        : Securing GET /favicon.ico
2025-10-28T09:59:48.257Z DEBUG 13508 --- [backofficeAPI] [http-nio-8080-exec-1] o.s.s.w.a.AnonymousAuthenticationFilter  : Set SecurityContextHolder to anonymous SecurityContext
2025-10-28T09:59:48.257Z DEBUG 13508 --- [backofficeAPI] [http-nio-8080-exec-1] o.s.security.web.FilterChainProxy        : Secured GET /favicon.ico
2025-10-28T09:59:48.259Z DEBUG 13508 --- [backofficeAPI] [http-nio-8080-exec-5] o.s.security.web.FilterChainProxy        : Secured GET /api/news
2025-10-28T09:59:48.259Z DEBUG 13508 --- [backofficeAPI] [http-nio-8080-exec-5] o.d.b.controller.NewsController          : GET request to retrieve all news
2025-10-28T09:59:48.260Z DEBUG 13508 --- [backofficeAPI] [http-nio-8080-exec-5] o.d.backofficeAPI.service.NewsService    : Retrieving all news
2025-10-28T09:59:48.261Z ERROR 13508 --- [backofficeAPI] [http-nio-8080-exec-1] o.d.b.exception.GlobalExceptionHandler   : Unexpected error occurred

org.springframework.web.servlet.resource.NoResourceFoundException: No static resource favicon.ico.
	at org.springframework.web.servlet.resource.ResourceHttpRequestHandler.handleRequest(ResourceHttpRequestHandler.java:585) ~[spring-webmvc-6.2.11.jar:6.2.11]
	at org.springframework.web.servlet.mvc.HttpRequestHandlerAdapter.handle(HttpRequestHandlerAdapter.java:52) ~[spring-webmvc-6.2.11.jar:6.2.11]
	at org.springframework.web.servlet.DispatcherServlet.doDispatch(DispatcherServlet.java:1089) ~[spring-webmvc-6.2.11.jar:6.2.11]
	at org.springframework.web.servlet.DispatcherServlet.doService(DispatcherServlet.java:979) ~[spring-webmvc-6.2.11.jar:6.2.11]
	at org.springframework.web.servlet.FrameworkServlet.processRequest(FrameworkServlet.java:1014) ~[spring-webmvc-6.2.11.jar:6.2.11]
	at org.springframework.web.servlet.FrameworkServlet.doGet(FrameworkServlet.java:903) ~[spring-webmvc-6.2.11.jar:6.2.11]
	at jakarta.servlet.http.HttpServlet.service(HttpServlet.java:564) ~[tomcat-embed-core-10.1.46.jar:6.0]
	at org.springframework.web.servlet.FrameworkServlet.service(FrameworkServlet.java:885) ~[spring-webmvc-6.2.11.jar:6.2.11]
	at jakarta.servlet.http.HttpServlet.service(HttpServlet.java:658) ~[tomcat-embed-core-10.1.46.jar:6.0]
	at org.apache.catalina.core.ApplicationFilterChain.internalDoFilter(ApplicationFilterChain.java:195) ~[tomcat-embed-core-10.1.46.jar:10.1.46]
	at org.apache.catalina.core.ApplicationFilterChain.doFilter(ApplicationFilterChain.java:140) ~[tomcat-embed-core-10.1.46.jar:10.1.46]
	at org.apache.tomcat.websocket.server.WsFilter.doFilter(WsFilter.java:51) ~[tomcat-embed-websocket-10.1.46.jar:10.1.46]
	at org.apache.catalina.core.ApplicationFilterChain.internalDoFilter(ApplicationFilterChain.java:164) ~[tomcat-embed-core-10.1.46.jar:10.1.46]
	at org.apache.catalina.core.ApplicationFilterChain.doFilter(ApplicationFilterChain.java:140) ~[tomcat-embed-core-10.1.46.jar:10.1.46]
	at org.springframework.web.filter.OncePerRequestFilter.doFilter(OncePerRequestFilter.java:110) ~[spring-web-6.2.11.jar:6.2.11]
	at org.apache.catalina.core.ApplicationFilterChain.internalDoFilter(ApplicationFilterChain.java:164) ~[tomcat-embed-core-10.1.46.jar:10.1.46]
	at org.apache.catalina.core.ApplicationFilterChain.doFilter(ApplicationFilterChain.java:140) ~[tomcat-embed-core-10.1.46.jar:10.1.46]
	at org.springframework.web.filter.CompositeFilter$VirtualFilterChain.doFilter(CompositeFilter.java:108) ~[spring-web-6.2.11.jar:6.2.11]
	at org.springframework.web.filter.CompositeFilter$VirtualFilterChain.doFilter(CompositeFilter.java:108) ~[spring-web-6.2.11.jar:6.2.11]
	at org.springframework.security.web.FilterChainProxy.lambda$doFilterInternal$3(FilterChainProxy.java:231) ~[spring-security-web-6.5.5.jar:6.5.5]
	at org.springframework.security.web.FilterChainProxy$VirtualFilterChain.doFilter(FilterChainProxy.java:365) ~[spring-security-web-6.5.5.jar:6.5.5]
	at org.springframework.security.web.access.intercept.AuthorizationFilter.doFilter(AuthorizationFilter.java:101) ~[spring-security-web-6.5.5.jar:6.5.5]
	at org.springframework.security.web.FilterChainProxy$VirtualFilterChain.doFilter(FilterChainProxy.java:374) ~[spring-security-web-6.5.5.jar:6.5.5]
	at org.springframework.security.web.access.ExceptionTranslationFilter.doFilter(ExceptionTranslationFilter.java:125) ~[spring-security-web-6.5.5.jar:6.5.5]
	at org.springframework.security.web.access.ExceptionTranslationFilter.doFilter(ExceptionTranslationFilter.java:119) ~[spring-security-web-6.5.5.jar:6.5.5]
	at org.springframework.security.web.FilterChainProxy$VirtualFilterChain.doFilter(FilterChainProxy.java:374) ~[spring-security-web-6.5.5.jar:6.5.5]
	at org.springframework.security.web.session.SessionManagementFilter.doFilter(SessionManagementFilter.java:131) ~[spring-security-web-6.5.5.jar:6.5.5]
	at org.springframework.security.web.session.SessionManagementFilter.doFilter(SessionManagementFilter.java:85) ~[spring-security-web-6.5.5.jar:6.5.5]
	at org.springframework.security.web.FilterChainProxy$VirtualFilterChain.doFilter(FilterChainProxy.java:374) ~[spring-security-web-6.5.5.jar:6.5.5]
	at org.springframework.security.web.authentication.AnonymousAuthenticationFilter.doFilter(AnonymousAuthenticationFilter.java:100) ~[spring-security-web-6.5.5.jar:6.5.5]
	at org.springframework.security.web.FilterChainProxy$VirtualFilterChain.doFilter(FilterChainProxy.java:374) ~[spring-security-web-6.5.5.jar:6.5.5]
	at org.springframework.security.web.servletapi.SecurityContextHolderAwareRequestFilter.doFilter(SecurityContextHolderAwareRequestFilter.java:179) ~[spring-security-web-6.5.5.jar:6.5.5]
	at org.springframework.security.web.FilterChainProxy$VirtualFilterChain.doFilter(FilterChainProxy.java:374) ~[spring-security-web-6.5.5.jar:6.5.5]
	at org.springframework.security.web.savedrequest.RequestCacheAwareFilter.doFilter(RequestCacheAwareFilter.java:63) ~[spring-security-web-6.5.5.jar:6.5.5]
	at org.springframework.security.web.FilterChainProxy$VirtualFilterChain.doFilter(FilterChainProxy.java:374) ~[spring-security-web-6.5.5.jar:6.5.5]
	at org.dubini.backofficeAPI.security.JwtFilter.doFilterInternal(JwtFilter.java:56) ~[classes/:na]
	at org.springframework.web.filter.OncePerRequestFilter.doFilter(OncePerRequestFilter.java:116) ~[spring-web-6.2.11.jar:6.2.11]
	at org.springframework.security.web.FilterChainProxy$VirtualFilterChain.doFilter(FilterChainProxy.java:374) ~[spring-security-web-6.5.5.jar:6.5.5]
	at org.springframework.security.web.authentication.logout.LogoutFilter.doFilter(LogoutFilter.java:107) ~[spring-security-web-6.5.5.jar:6.5.5]
	at org.springframework.security.web.authentication.logout.LogoutFilter.doFilter(LogoutFilter.java:93) ~[spring-security-web-6.5.5.jar:6.5.5]
	at org.springframework.security.web.FilterChainProxy$VirtualFilterChain.doFilter(FilterChainProxy.java:374) ~[spring-security-web-6.5.5.jar:6.5.5]
	at org.springframework.security.web.header.HeaderWriterFilter.doHeadersAfter(HeaderWriterFilter.java:90) ~[spring-security-web-6.5.5.jar:6.5.5]
	at org.springframework.security.web.header.HeaderWriterFilter.doFilterInternal(HeaderWriterFilter.java:75) ~[spring-security-web-6.5.5.jar:6.5.5]
	at org.springframework.web.filter.OncePerRequestFilter.doFilter(OncePerRequestFilter.java:116) ~[spring-web-6.2.11.jar:6.2.11]
	at org.springframework.security.web.FilterChainProxy$VirtualFilterChain.doFilter(FilterChainProxy.java:374) ~[spring-security-web-6.5.5.jar:6.5.5]
	at org.springframework.security.web.context.SecurityContextHolderFilter.doFilter(SecurityContextHolderFilter.java:82) ~[spring-security-web-6.5.5.jar:6.5.5]
	at org.springframework.security.web.context.SecurityContextHolderFilter.doFilter(SecurityContextHolderFilter.java:69) ~[spring-security-web-6.5.5.jar:6.5.5]
	at org.springframework.security.web.FilterChainProxy$VirtualFilterChain.doFilter(FilterChainProxy.java:374) ~[spring-security-web-6.5.5.jar:6.5.5]
	at org.springframework.security.web.context.request.async.WebAsyncManagerIntegrationFilter.doFilterInternal(WebAsyncManagerIntegrationFilter.java:62) ~[spring-security-web-6.5.5.jar:6.5.5]
	at org.springframework.web.filter.OncePerRequestFilter.doFilter(OncePerRequestFilter.java:116) ~[spring-web-6.2.11.jar:6.2.11]
	at org.springframework.security.web.FilterChainProxy$VirtualFilterChain.doFilter(FilterChainProxy.java:374) ~[spring-security-web-6.5.5.jar:6.5.5]
	at org.springframework.security.web.session.DisableEncodeUrlFilter.doFilterInternal(DisableEncodeUrlFilter.java:42) ~[spring-security-web-6.5.5.jar:6.5.5]
	at org.springframework.web.filter.OncePerRequestFilter.doFilter(OncePerRequestFilter.java:116) ~[spring-web-6.2.11.jar:6.2.11]
	at org.springframework.security.web.FilterChainProxy$VirtualFilterChain.doFilter(FilterChainProxy.java:374) ~[spring-security-web-6.5.5.jar:6.5.5]
	at org.springframework.security.web.FilterChainProxy.doFilterInternal(FilterChainProxy.java:233) ~[spring-security-web-6.5.5.jar:6.5.5]
	at org.springframework.security.web.FilterChainProxy.doFilter(FilterChainProxy.java:191) ~[spring-security-web-6.5.5.jar:6.5.5]
	at org.springframework.web.filter.CompositeFilter$VirtualFilterChain.doFilter(CompositeFilter.java:113) ~[spring-web-6.2.11.jar:6.2.11]
	at org.springframework.web.filter.ServletRequestPathFilter.doFilter(ServletRequestPathFilter.java:52) ~[spring-web-6.2.11.jar:6.2.11]
	at org.springframework.web.filter.CompositeFilter$VirtualFilterChain.doFilter(CompositeFilter.java:113) ~[spring-web-6.2.11.jar:6.2.11]
	at org.springframework.web.filter.CompositeFilter.doFilter(CompositeFilter.java:74) ~[spring-web-6.2.11.jar:6.2.11]
	at org.springframework.security.config.annotation.web.configuration.WebSecurityConfiguration$CompositeFilterChainProxy.doFilter(WebSecurityConfiguration.java:319) ~[spring-security-config-6.5.5.jar:6.5.5]
	at org.springframework.web.filter.CompositeFilter$VirtualFilterChain.doFilter(CompositeFilter.java:113) ~[spring-web-6.2.11.jar:6.2.11]
	at org.springframework.web.servlet.handler.HandlerMappingIntrospector.lambda$createCacheFilter$4(HandlerMappingIntrospector.java:267) ~[spring-webmvc-6.2.11.jar:6.2.11]
	at org.springframework.web.filter.CompositeFilter$VirtualFilterChain.doFilter(CompositeFilter.java:113) ~[spring-web-6.2.11.jar:6.2.11]
	at org.springframework.web.filter.CompositeFilter.doFilter(CompositeFilter.java:74) ~[spring-web-6.2.11.jar:6.2.11]
	at org.springframework.security.config.annotation.web.configuration.WebMvcSecurityConfiguration$CompositeFilterChainProxy.doFilter(WebMvcSecurityConfiguration.java:240) ~[spring-security-config-6.5.5.jar:6.5.5]
	at org.springframework.web.filter.DelegatingFilterProxy.invokeDelegate(DelegatingFilterProxy.java:362) ~[spring-web-6.2.11.jar:6.2.11]
	at org.springframework.web.filter.DelegatingFilterProxy.doFilter(DelegatingFilterProxy.java:278) ~[spring-web-6.2.11.jar:6.2.11]
	at org.apache.catalina.core.ApplicationFilterChain.internalDoFilter(ApplicationFilterChain.java:164) ~[tomcat-embed-core-10.1.46.jar:10.1.46]
	at org.apache.catalina.core.ApplicationFilterChain.doFilter(ApplicationFilterChain.java:140) ~[tomcat-embed-core-10.1.46.jar:10.1.46]
	at org.springframework.web.filter.RequestContextFilter.doFilterInternal(RequestContextFilter.java:100) ~[spring-web-6.2.11.jar:6.2.11]
	at org.springframework.web.filter.OncePerRequestFilter.doFilter(OncePerRequestFilter.java:116) ~[spring-web-6.2.11.jar:6.2.11]
	at org.apache.catalina.core.ApplicationFilterChain.internalDoFilter(ApplicationFilterChain.java:164) ~[tomcat-embed-core-10.1.46.jar:10.1.46]
	at org.apache.catalina.core.ApplicationFilterChain.doFilter(ApplicationFilterChain.java:140) ~[tomcat-embed-core-10.1.46.jar:10.1.46]
	at org.springframework.web.filter.FormContentFilter.doFilterInternal(FormContentFilter.java:93) ~[spring-web-6.2.11.jar:6.2.11]
	at org.springframework.web.filter.OncePerRequestFilter.doFilter(OncePerRequestFilter.java:116) ~[spring-web-6.2.11.jar:6.2.11]
	at org.apache.catalina.core.ApplicationFilterChain.internalDoFilter(ApplicationFilterChain.java:164) ~[tomcat-embed-core-10.1.46.jar:10.1.46]
	at org.apache.catalina.core.ApplicationFilterChain.doFilter(ApplicationFilterChain.java:140) ~[tomcat-embed-core-10.1.46.jar:10.1.46]
	at org.springframework.web.filter.CharacterEncodingFilter.doFilterInternal(CharacterEncodingFilter.java:201) ~[spring-web-6.2.11.jar:6.2.11]
	at org.springframework.web.filter.OncePerRequestFilter.doFilter(OncePerRequestFilter.java:116) ~[spring-web-6.2.11.jar:6.2.11]
	at org.apache.catalina.core.ApplicationFilterChain.internalDoFilter(ApplicationFilterChain.java:164) ~[tomcat-embed-core-10.1.46.jar:10.1.46]
	at org.apache.catalina.core.ApplicationFilterChain.doFilter(ApplicationFilterChain.java:140) ~[tomcat-embed-core-10.1.46.jar:10.1.46]
	at org.apache.catalina.core.StandardWrapperValve.invoke(StandardWrapperValve.java:167) ~[tomcat-embed-core-10.1.46.jar:10.1.46]
	at org.apache.catalina.core.StandardContextValve.invoke(StandardContextValve.java:90) ~[tomcat-embed-core-10.1.46.jar:10.1.46]
	at org.apache.catalina.authenticator.AuthenticatorBase.invoke(AuthenticatorBase.java:483) ~[tomcat-embed-core-10.1.46.jar:10.1.46]
	at org.apache.catalina.core.StandardHostValve.invoke(StandardHostValve.java:116) ~[tomcat-embed-core-10.1.46.jar:10.1.46]
	at org.apache.catalina.valves.ErrorReportValve.invoke(ErrorReportValve.java:93) ~[tomcat-embed-core-10.1.46.jar:10.1.46]
	at org.apache.catalina.core.StandardEngineValve.invoke(StandardEngineValve.java:74) ~[tomcat-embed-core-10.1.46.jar:10.1.46]
	at org.apache.catalina.connector.CoyoteAdapter.service(CoyoteAdapter.java:344) ~[tomcat-embed-core-10.1.46.jar:10.1.46]
	at org.apache.coyote.http11.Http11Processor.service(Http11Processor.java:398) ~[tomcat-embed-core-10.1.46.jar:10.1.46]
	at org.apache.coyote.AbstractProcessorLight.process(AbstractProcessorLight.java:63) ~[tomcat-embed-core-10.1.46.jar:10.1.46]
	at org.apache.coyote.AbstractProtocol$ConnectionHandler.process(AbstractProtocol.java:903) ~[tomcat-embed-core-10.1.46.jar:10.1.46]
	at org.apache.tomcat.util.net.NioEndpoint$SocketProcessor.doRun(NioEndpoint.java:1776) ~[tomcat-embed-core-10.1.46.jar:10.1.46]
	at org.apache.tomcat.util.net.SocketProcessorBase.run(SocketProcessorBase.java:52) ~[tomcat-embed-core-10.1.46.jar:10.1.46]
	at org.apache.tomcat.util.threads.ThreadPoolExecutor.runWorker(ThreadPoolExecutor.java:975) ~[tomcat-embed-core-10.1.46.jar:10.1.46]
	at org.apache.tomcat.util.threads.ThreadPoolExecutor$Worker.run(ThreadPoolExecutor.java:493) ~[tomcat-embed-core-10.1.46.jar:10.1.46]
	at org.apache.tomcat.util.threads.TaskThread$WrappingRunnable.run(TaskThread.java:63) ~[tomcat-embed-core-10.1.46.jar:10.1.46]
	at java.base/java.lang.Thread.run(Thread.java:842) ~[na:na]

2025-10-28T09:59:48.269Z DEBUG 13508 --- [backofficeAPI] [http-nio-8080-exec-5] o.d.backofficeAPI.service.NewsService    : Retrieved 3 news articles
2025-10-28T09:59:48.272Z  WARN 13508 --- [backofficeAPI] [http-nio-8080-exec-1] .m.m.a.ExceptionHandlerExceptionResolver : Resolved [org.springframework.web.servlet.resource.NoResourceFoundException: No static resource favicon.ico.]
2025-10-28T09:59:58.767Z DEBUG 13508 --- [backofficeAPI] [http-nio-8080-exec-2] o.s.security.web.FilterChainProxy        : Securing POST /api/news
2025-10-28T09:59:58.770Z DEBUG 13508 --- [backofficeAPI] [http-nio-8080-exec-2] o.s.security.web.FilterChainProxy        : Secured POST /api/news
2025-10-28T09:59:58.771Z DEBUG 13508 --- [backofficeAPI] [http-nio-8080-exec-2] o.d.b.controller.NewsController          : POST request to create new news article
2025-10-28T09:59:58.771Z DEBUG 13508 --- [backofficeAPI] [http-nio-8080-exec-2] o.d.backofficeAPI.service.NewsService    : Saving new news: adasd
2025-10-28T09:59:58.776Z  INFO 13508 --- [backofficeAPI] [http-nio-8080-exec-2] o.d.backofficeAPI.service.NewsService    : News saved successfully: adasd
2025-10-28T09:59:58.819Z DEBUG 13508 --- [backofficeAPI] [http-nio-8080-exec-7] o.s.security.web.FilterChainProxy        : Securing GET /api/news
2025-10-28T09:59:58.836Z DEBUG 13508 --- [backofficeAPI] [http-nio-8080-exec-7] o.s.security.web.FilterChainProxy        : Secured GET /api/news
2025-10-28T09:59:58.837Z DEBUG 13508 --- [backofficeAPI] [http-nio-8080-exec-7] o.d.b.controller.NewsController          : GET request to retrieve all news
2025-10-28T09:59:58.837Z DEBUG 13508 --- [backofficeAPI] [http-nio-8080-exec-7] o.d.backofficeAPI.service.NewsService    : Retrieving all news
2025-10-28T09:59:58.851Z DEBUG 13508 --- [backofficeAPI] [http-nio-8080-exec-6] o.s.security.web.FilterChainProxy        : Securing GET /api/news
2025-10-28T09:59:58.867Z DEBUG 13508 --- [backofficeAPI] [http-nio-8080-exec-6] o.s.security.web.FilterChainProxy        : Secured GET /api/news
2025-10-28T09:59:58.868Z DEBUG 13508 --- [backofficeAPI] [http-nio-8080-exec-6] o.d.b.controller.NewsController          : GET request to retrieve all news
2025-10-28T09:59:58.868Z  INFO 13508 --- [backofficeAPI] [reactor-http-nio-7] o.d.backofficeAPI.service.NewsService    : News cache invalidated after save
2025-10-28T09:59:58.868Z DEBUG 13508 --- [backofficeAPI] [http-nio-8080-exec-6] o.d.backofficeAPI.service.NewsService    : Retrieving all news
2025-10-28T09:59:58.887Z DEBUG 13508 --- [backofficeAPI] [http-nio-8080-exec-7] o.d.backofficeAPI.service.NewsService    : Retrieved 3 news articles
2025-10-28T09:59:58.899Z DEBUG 13508 --- [backofficeAPI] [http-nio-8080-exec-6] o.d.backofficeAPI.service.NewsService    : Retrieved 3 news articles
2025-10-28T10:00:11.612Z DEBUG 13508 --- [backofficeAPI] [http-nio-8080-exec-1] o.s.security.web.FilterChainProxy        : Securing POST /api/news
2025-10-28T10:00:11.615Z DEBUG 13508 --- [backofficeAPI] [http-nio-8080-exec-1] o.s.security.web.FilterChainProxy        : Secured POST /api/news
2025-10-28T10:00:11.617Z DEBUG 13508 --- [backofficeAPI] [http-nio-8080-exec-1] o.d.b.controller.NewsController          : POST request to create new news article
2025-10-28T10:00:11.618Z DEBUG 13508 --- [backofficeAPI] [http-nio-8080-exec-1] o.d.backofficeAPI.service.NewsService    : Saving new news: aqweqe213412342344234
2025-10-28T10:00:11.628Z  INFO 13508 --- [backofficeAPI] [http-nio-8080-exec-1] o.d.backofficeAPI.service.NewsService    : News saved successfully: aqweqe213412342344234
2025-10-28T10:00:11.655Z DEBUG 13508 --- [backofficeAPI] [http-nio-8080-exec-8] o.s.security.web.FilterChainProxy        : Securing GET /api/news
2025-10-28T10:00:11.656Z  INFO 13508 --- [backofficeAPI] [reactor-http-nio-7] o.d.backofficeAPI.service.NewsService    : News cache invalidated after save
2025-10-28T10:00:11.665Z DEBUG 13508 --- [backofficeAPI] [http-nio-8080-exec-4] o.s.security.web.FilterChainProxy        : Securing GET /api/news
2025-10-28T10:00:11.674Z DEBUG 13508 --- [backofficeAPI] [http-nio-8080-exec-8] o.s.security.web.FilterChainProxy        : Secured GET /api/news
2025-10-28T10:00:11.676Z DEBUG 13508 --- [backofficeAPI] [http-nio-8080-exec-8] o.d.b.controller.NewsController          : GET request to retrieve all news
2025-10-28T10:00:11.676Z DEBUG 13508 --- [backofficeAPI] [http-nio-8080-exec-8] o.d.backofficeAPI.service.NewsService    : Retrieving all news
2025-10-28T10:00:11.678Z DEBUG 13508 --- [backofficeAPI] [http-nio-8080-exec-4] o.s.security.web.FilterChainProxy        : Secured GET /api/news
2025-10-28T10:00:11.680Z DEBUG 13508 --- [backofficeAPI] [http-nio-8080-exec-4] o.d.b.controller.NewsController          : GET request to retrieve all news
2025-10-28T10:00:11.680Z DEBUG 13508 --- [backofficeAPI] [http-nio-8080-exec-4] o.d.backofficeAPI.service.NewsService    : Retrieving all news
2025-10-28T10:00:11.699Z DEBUG 13508 --- [backofficeAPI] [http-nio-8080-exec-8] o.d.backofficeAPI.service.NewsService    : Retrieved 4 news articles
2025-10-28T10:00:11.699Z DEBUG 13508 --- [backofficeAPI] [http-nio-8080-exec-4] o.d.backofficeAPI.service.NewsService    : Retrieved 4 news articles
2025-10-28T10:07:12.223Z DEBUG 13508 --- [backofficeAPI] [http-nio-8080-exec-10] o.s.security.web.FilterChainProxy        : Securing GET /
2025-10-28T10:07:12.228Z DEBUG 13508 --- [backofficeAPI] [http-nio-8080-exec-10] o.s.s.w.a.AnonymousAuthenticationFilter  : Set SecurityContextHolder to anonymous SecurityContext
2025-10-28T10:07:12.229Z DEBUG 13508 --- [backofficeAPI] [http-nio-8080-exec-10] o.s.security.web.FilterChainProxy        : Secured GET /
2025-10-28T10:07:12.288Z DEBUG 13508 --- [backofficeAPI] [http-nio-8080-exec-2] o.s.security.web.FilterChainProxy        : Securing GET /styles/layout/header.css
2025-10-28T10:07:12.290Z DEBUG 13508 --- [backofficeAPI] [http-nio-8080-exec-2] o.s.s.w.a.AnonymousAuthenticationFilter  : Set SecurityContextHolder to anonymous SecurityContext
2025-10-28T10:07:12.290Z DEBUG 13508 --- [backofficeAPI] [http-nio-8080-exec-2] o.s.security.web.FilterChainProxy        : Secured GET /styles/layout/header.css
2025-10-28T10:07:12.291Z DEBUG 13508 --- [backofficeAPI] [http-nio-8080-exec-7] o.s.security.web.FilterChainProxy        : Securing GET /styles/layout/footer.css
2025-10-28T10:07:12.294Z DEBUG 13508 --- [backofficeAPI] [http-nio-8080-exec-6] o.s.security.web.FilterChainProxy        : Securing GET /styles/base.css
2025-10-28T10:07:12.295Z DEBUG 13508 --- [backofficeAPI] [http-nio-8080-exec-7] o.s.s.w.a.AnonymousAuthenticationFilter  : Set SecurityContextHolder to anonymous SecurityContext
2025-10-28T10:07:12.297Z DEBUG 13508 --- [backofficeAPI] [http-nio-8080-exec-7] o.s.security.web.FilterChainProxy        : Secured GET /styles/layout/footer.css
2025-10-28T10:07:12.297Z DEBUG 13508 --- [backofficeAPI] [http-nio-8080-exec-6] o.s.s.w.a.AnonymousAuthenticationFilter  : Set SecurityContextHolder to anonymous SecurityContext
2025-10-28T10:07:12.298Z DEBUG 13508 --- [backofficeAPI] [http-nio-8080-exec-6] o.s.security.web.FilterChainProxy        : Secured GET /styles/base.css
2025-10-28T10:07:12.301Z DEBUG 13508 --- [backofficeAPI] [http-nio-8080-exec-5] o.s.security.web.FilterChainProxy        : Securing GET /scripts/script.js
2025-10-28T10:07:12.302Z DEBUG 13508 --- [backofficeAPI] [http-nio-8080-exec-1] o.s.security.web.FilterChainProxy        : Securing GET /styles/login.css
2025-10-28T10:07:12.302Z DEBUG 13508 --- [backofficeAPI] [http-nio-8080-exec-8] o.s.security.web.FilterChainProxy        : Securing GET /scripts/login.js
2025-10-28T10:07:12.304Z DEBUG 13508 --- [backofficeAPI] [http-nio-8080-exec-5] o.s.s.w.a.AnonymousAuthenticationFilter  : Set SecurityContextHolder to anonymous SecurityContext
2025-10-28T10:07:12.305Z DEBUG 13508 --- [backofficeAPI] [http-nio-8080-exec-5] o.s.security.web.FilterChainProxy        : Secured GET /scripts/script.js
2025-10-28T10:07:12.305Z DEBUG 13508 --- [backofficeAPI] [http-nio-8080-exec-1] o.s.s.w.a.AnonymousAuthenticationFilter  : Set SecurityContextHolder to anonymous SecurityContext
2025-10-28T10:07:12.306Z DEBUG 13508 --- [backofficeAPI] [http-nio-8080-exec-8] o.s.s.w.a.AnonymousAuthenticationFilter  : Set SecurityContextHolder to anonymous SecurityContext
2025-10-28T10:07:12.306Z DEBUG 13508 --- [backofficeAPI] [http-nio-8080-exec-1] o.s.security.web.FilterChainProxy        : Secured GET /styles/login.css
2025-10-28T10:07:12.306Z DEBUG 13508 --- [backofficeAPI] [http-nio-8080-exec-8] o.s.security.web.FilterChainProxy        : Secured GET /scripts/login.js
2025-10-28T10:07:12.322Z DEBUG 13508 --- [backofficeAPI] [http-nio-8080-exec-4] o.s.security.web.FilterChainProxy        : Securing GET /assets/background.png
2025-10-28T10:07:12.324Z DEBUG 13508 --- [backofficeAPI] [http-nio-8080-exec-4] o.s.s.w.a.AnonymousAuthenticationFilter  : Set SecurityContextHolder to anonymous SecurityContext
2025-10-28T10:07:12.324Z DEBUG 13508 --- [backofficeAPI] [http-nio-8080-exec-4] o.s.security.web.FilterChainProxy        : Secured GET /assets/background.png
2025-10-28T10:07:12.369Z DEBUG 13508 --- [backofficeAPI] [http-nio-8080-exec-3] o.s.security.web.FilterChainProxy        : Securing GET /favicon.ico
2025-10-28T10:07:12.371Z DEBUG 13508 --- [backofficeAPI] [http-nio-8080-exec-3] o.s.s.w.a.AnonymousAuthenticationFilter  : Set SecurityContextHolder to anonymous SecurityContext
2025-10-28T10:07:12.373Z DEBUG 13508 --- [backofficeAPI] [http-nio-8080-exec-3] o.s.security.web.FilterChainProxy        : Secured GET /favicon.ico
2025-10-28T10:07:12.377Z ERROR 13508 --- [backofficeAPI] [http-nio-8080-exec-3] o.d.b.exception.GlobalExceptionHandler   : Unexpected error occurred

org.springframework.web.servlet.resource.NoResourceFoundException: No static resource favicon.ico.
	at org.springframework.web.servlet.resource.ResourceHttpRequestHandler.handleRequest(ResourceHttpRequestHandler.java:585) ~[spring-webmvc-6.2.11.jar:6.2.11]
	at org.springframework.web.servlet.mvc.HttpRequestHandlerAdapter.handle(HttpRequestHandlerAdapter.java:52) ~[spring-webmvc-6.2.11.jar:6.2.11]
	at org.springframework.web.servlet.DispatcherServlet.doDispatch(DispatcherServlet.java:1089) ~[spring-webmvc-6.2.11.jar:6.2.11]
	at org.springframework.web.servlet.DispatcherServlet.doService(DispatcherServlet.java:979) ~[spring-webmvc-6.2.11.jar:6.2.11]
	at org.springframework.web.servlet.FrameworkServlet.processRequest(FrameworkServlet.java:1014) ~[spring-webmvc-6.2.11.jar:6.2.11]
	at org.springframework.web.servlet.FrameworkServlet.doGet(FrameworkServlet.java:903) ~[spring-webmvc-6.2.11.jar:6.2.11]
	at jakarta.servlet.http.HttpServlet.service(HttpServlet.java:564) ~[tomcat-embed-core-10.1.46.jar:6.0]
	at org.springframework.web.servlet.FrameworkServlet.service(FrameworkServlet.java:885) ~[spring-webmvc-6.2.11.jar:6.2.11]
	at jakarta.servlet.http.HttpServlet.service(HttpServlet.java:658) ~[tomcat-embed-core-10.1.46.jar:6.0]
	at org.apache.catalina.core.ApplicationFilterChain.internalDoFilter(ApplicationFilterChain.java:195) ~[tomcat-embed-core-10.1.46.jar:10.1.46]
	at org.apache.catalina.core.ApplicationFilterChain.doFilter(ApplicationFilterChain.java:140) ~[tomcat-embed-core-10.1.46.jar:10.1.46]
	at org.apache.tomcat.websocket.server.WsFilter.doFilter(WsFilter.java:51) ~[tomcat-embed-websocket-10.1.46.jar:10.1.46]
	at org.apache.catalina.core.ApplicationFilterChain.internalDoFilter(ApplicationFilterChain.java:164) ~[tomcat-embed-core-10.1.46.jar:10.1.46]
	at org.apache.catalina.core.ApplicationFilterChain.doFilter(ApplicationFilterChain.java:140) ~[tomcat-embed-core-10.1.46.jar:10.1.46]
	at org.springframework.web.filter.OncePerRequestFilter.doFilter(OncePerRequestFilter.java:110) ~[spring-web-6.2.11.jar:6.2.11]
	at org.apache.catalina.core.ApplicationFilterChain.internalDoFilter(ApplicationFilterChain.java:164) ~[tomcat-embed-core-10.1.46.jar:10.1.46]
	at org.apache.catalina.core.ApplicationFilterChain.doFilter(ApplicationFilterChain.java:140) ~[tomcat-embed-core-10.1.46.jar:10.1.46]
	at org.springframework.web.filter.CompositeFilter$VirtualFilterChain.doFilter(CompositeFilter.java:108) ~[spring-web-6.2.11.jar:6.2.11]
	at org.springframework.web.filter.CompositeFilter$VirtualFilterChain.doFilter(CompositeFilter.java:108) ~[spring-web-6.2.11.jar:6.2.11]
	at org.springframework.security.web.FilterChainProxy.lambda$doFilterInternal$3(FilterChainProxy.java:231) ~[spring-security-web-6.5.5.jar:6.5.5]
	at org.springframework.security.web.FilterChainProxy$VirtualFilterChain.doFilter(FilterChainProxy.java:365) ~[spring-security-web-6.5.5.jar:6.5.5]
	at org.springframework.security.web.access.intercept.AuthorizationFilter.doFilter(AuthorizationFilter.java:101) ~[spring-security-web-6.5.5.jar:6.5.5]
	at org.springframework.security.web.FilterChainProxy$VirtualFilterChain.doFilter(FilterChainProxy.java:374) ~[spring-security-web-6.5.5.jar:6.5.5]
	at org.springframework.security.web.access.ExceptionTranslationFilter.doFilter(ExceptionTranslationFilter.java:125) ~[spring-security-web-6.5.5.jar:6.5.5]
	at org.springframework.security.web.access.ExceptionTranslationFilter.doFilter(ExceptionTranslationFilter.java:119) ~[spring-security-web-6.5.5.jar:6.5.5]
	at org.springframework.security.web.FilterChainProxy$VirtualFilterChain.doFilter(FilterChainProxy.java:374) ~[spring-security-web-6.5.5.jar:6.5.5]
	at org.springframework.security.web.session.SessionManagementFilter.doFilter(SessionManagementFilter.java:131) ~[spring-security-web-6.5.5.jar:6.5.5]
	at org.springframework.security.web.session.SessionManagementFilter.doFilter(SessionManagementFilter.java:85) ~[spring-security-web-6.5.5.jar:6.5.5]
	at org.springframework.security.web.FilterChainProxy$VirtualFilterChain.doFilter(FilterChainProxy.java:374) ~[spring-security-web-6.5.5.jar:6.5.5]
	at org.springframework.security.web.authentication.AnonymousAuthenticationFilter.doFilter(AnonymousAuthenticationFilter.java:100) ~[spring-security-web-6.5.5.jar:6.5.5]
	at org.springframework.security.web.FilterChainProxy$VirtualFilterChain.doFilter(FilterChainProxy.java:374) ~[spring-security-web-6.5.5.jar:6.5.5]
	at org.springframework.security.web.servletapi.SecurityContextHolderAwareRequestFilter.doFilter(SecurityContextHolderAwareRequestFilter.java:179) ~[spring-security-web-6.5.5.jar:6.5.5]
	at org.springframework.security.web.FilterChainProxy$VirtualFilterChain.doFilter(FilterChainProxy.java:374) ~[spring-security-web-6.5.5.jar:6.5.5]
	at org.springframework.security.web.savedrequest.RequestCacheAwareFilter.doFilter(RequestCacheAwareFilter.java:63) ~[spring-security-web-6.5.5.jar:6.5.5]
	at org.springframework.security.web.FilterChainProxy$VirtualFilterChain.doFilter(FilterChainProxy.java:374) ~[spring-security-web-6.5.5.jar:6.5.5]
	at org.dubini.backofficeAPI.security.JwtFilter.doFilterInternal(JwtFilter.java:56) ~[classes/:na]
	at org.springframework.web.filter.OncePerRequestFilter.doFilter(OncePerRequestFilter.java:116) ~[spring-web-6.2.11.jar:6.2.11]
	at org.springframework.security.web.FilterChainProxy$VirtualFilterChain.doFilter(FilterChainProxy.java:374) ~[spring-security-web-6.5.5.jar:6.5.5]
	at org.springframework.security.web.authentication.logout.LogoutFilter.doFilter(LogoutFilter.java:107) ~[spring-security-web-6.5.5.jar:6.5.5]
	at org.springframework.security.web.authentication.logout.LogoutFilter.doFilter(LogoutFilter.java:93) ~[spring-security-web-6.5.5.jar:6.5.5]
	at org.springframework.security.web.FilterChainProxy$VirtualFilterChain.doFilter(FilterChainProxy.java:374) ~[spring-security-web-6.5.5.jar:6.5.5]
	at org.springframework.security.web.header.HeaderWriterFilter.doHeadersAfter(HeaderWriterFilter.java:90) ~[spring-security-web-6.5.5.jar:6.5.5]
	at org.springframework.security.web.header.HeaderWriterFilter.doFilterInternal(HeaderWriterFilter.java:75) ~[spring-security-web-6.5.5.jar:6.5.5]
	at org.springframework.web.filter.OncePerRequestFilter.doFilter(OncePerRequestFilter.java:116) ~[spring-web-6.2.11.jar:6.2.11]
	at org.springframework.security.web.FilterChainProxy$VirtualFilterChain.doFilter(FilterChainProxy.java:374) ~[spring-security-web-6.5.5.jar:6.5.5]
	at org.springframework.security.web.context.SecurityContextHolderFilter.doFilter(SecurityContextHolderFilter.java:82) ~[spring-security-web-6.5.5.jar:6.5.5]
	at org.springframework.security.web.context.SecurityContextHolderFilter.doFilter(SecurityContextHolderFilter.java:69) ~[spring-security-web-6.5.5.jar:6.5.5]
	at org.springframework.security.web.FilterChainProxy$VirtualFilterChain.doFilter(FilterChainProxy.java:374) ~[spring-security-web-6.5.5.jar:6.5.5]
	at org.springframework.security.web.context.request.async.WebAsyncManagerIntegrationFilter.doFilterInternal(WebAsyncManagerIntegrationFilter.java:62) ~[spring-security-web-6.5.5.jar:6.5.5]
	at org.springframework.web.filter.OncePerRequestFilter.doFilter(OncePerRequestFilter.java:116) ~[spring-web-6.2.11.jar:6.2.11]
	at org.springframework.security.web.FilterChainProxy$VirtualFilterChain.doFilter(FilterChainProxy.java:374) ~[spring-security-web-6.5.5.jar:6.5.5]
	at org.springframework.security.web.session.DisableEncodeUrlFilter.doFilterInternal(DisableEncodeUrlFilter.java:42) ~[spring-security-web-6.5.5.jar:6.5.5]
	at org.springframework.web.filter.OncePerRequestFilter.doFilter(OncePerRequestFilter.java:116) ~[spring-web-6.2.11.jar:6.2.11]
	at org.springframework.security.web.FilterChainProxy$VirtualFilterChain.doFilter(FilterChainProxy.java:374) ~[spring-security-web-6.5.5.jar:6.5.5]
	at org.springframework.security.web.FilterChainProxy.doFilterInternal(FilterChainProxy.java:233) ~[spring-security-web-6.5.5.jar:6.5.5]
	at org.springframework.security.web.FilterChainProxy.doFilter(FilterChainProxy.java:191) ~[spring-security-web-6.5.5.jar:6.5.5]
	at org.springframework.web.filter.CompositeFilter$VirtualFilterChain.doFilter(CompositeFilter.java:113) ~[spring-web-6.2.11.jar:6.2.11]
	at org.springframework.web.filter.ServletRequestPathFilter.doFilter(ServletRequestPathFilter.java:52) ~[spring-web-6.2.11.jar:6.2.11]
	at org.springframework.web.filter.CompositeFilter$VirtualFilterChain.doFilter(CompositeFilter.java:113) ~[spring-web-6.2.11.jar:6.2.11]
	at org.springframework.web.filter.CompositeFilter.doFilter(CompositeFilter.java:74) ~[spring-web-6.2.11.jar:6.2.11]
	at org.springframework.security.config.annotation.web.configuration.WebSecurityConfiguration$CompositeFilterChainProxy.doFilter(WebSecurityConfiguration.java:319) ~[spring-security-config-6.5.5.jar:6.5.5]
	at org.springframework.web.filter.CompositeFilter$VirtualFilterChain.doFilter(CompositeFilter.java:113) ~[spring-web-6.2.11.jar:6.2.11]
	at org.springframework.web.servlet.handler.HandlerMappingIntrospector.lambda$createCacheFilter$4(HandlerMappingIntrospector.java:267) ~[spring-webmvc-6.2.11.jar:6.2.11]
	at org.springframework.web.filter.CompositeFilter$VirtualFilterChain.doFilter(CompositeFilter.java:113) ~[spring-web-6.2.11.jar:6.2.11]
	at org.springframework.web.filter.CompositeFilter.doFilter(CompositeFilter.java:74) ~[spring-web-6.2.11.jar:6.2.11]
	at org.springframework.security.config.annotation.web.configuration.WebMvcSecurityConfiguration$CompositeFilterChainProxy.doFilter(WebMvcSecurityConfiguration.java:240) ~[spring-security-config-6.5.5.jar:6.5.5]
	at org.springframework.web.filter.DelegatingFilterProxy.invokeDelegate(DelegatingFilterProxy.java:362) ~[spring-web-6.2.11.jar:6.2.11]
	at org.springframework.web.filter.DelegatingFilterProxy.doFilter(DelegatingFilterProxy.java:278) ~[spring-web-6.2.11.jar:6.2.11]
	at org.apache.catalina.core.ApplicationFilterChain.internalDoFilter(ApplicationFilterChain.java:164) ~[tomcat-embed-core-10.1.46.jar:10.1.46]
	at org.apache.catalina.core.ApplicationFilterChain.doFilter(ApplicationFilterChain.java:140) ~[tomcat-embed-core-10.1.46.jar:10.1.46]
	at org.springframework.web.filter.RequestContextFilter.doFilterInternal(RequestContextFilter.java:100) ~[spring-web-6.2.11.jar:6.2.11]
	at org.springframework.web.filter.OncePerRequestFilter.doFilter(OncePerRequestFilter.java:116) ~[spring-web-6.2.11.jar:6.2.11]
	at org.apache.catalina.core.ApplicationFilterChain.internalDoFilter(ApplicationFilterChain.java:164) ~[tomcat-embed-core-10.1.46.jar:10.1.46]
	at org.apache.catalina.core.ApplicationFilterChain.doFilter(ApplicationFilterChain.java:140) ~[tomcat-embed-core-10.1.46.jar:10.1.46]
	at org.springframework.web.filter.FormContentFilter.doFilterInternal(FormContentFilter.java:93) ~[spring-web-6.2.11.jar:6.2.11]
	at org.springframework.web.filter.OncePerRequestFilter.doFilter(OncePerRequestFilter.java:116) ~[spring-web-6.2.11.jar:6.2.11]
	at org.apache.catalina.core.ApplicationFilterChain.internalDoFilter(ApplicationFilterChain.java:164) ~[tomcat-embed-core-10.1.46.jar:10.1.46]
	at org.apache.catalina.core.ApplicationFilterChain.doFilter(ApplicationFilterChain.java:140) ~[tomcat-embed-core-10.1.46.jar:10.1.46]
	at org.springframework.web.filter.CharacterEncodingFilter.doFilterInternal(CharacterEncodingFilter.java:201) ~[spring-web-6.2.11.jar:6.2.11]
	at org.springframework.web.filter.OncePerRequestFilter.doFilter(OncePerRequestFilter.java:116) ~[spring-web-6.2.11.jar:6.2.11]
	at org.apache.catalina.core.ApplicationFilterChain.internalDoFilter(ApplicationFilterChain.java:164) ~[tomcat-embed-core-10.1.46.jar:10.1.46]
	at org.apache.catalina.core.ApplicationFilterChain.doFilter(ApplicationFilterChain.java:140) ~[tomcat-embed-core-10.1.46.jar:10.1.46]
	at org.apache.catalina.core.StandardWrapperValve.invoke(StandardWrapperValve.java:167) ~[tomcat-embed-core-10.1.46.jar:10.1.46]
	at org.apache.catalina.core.StandardContextValve.invoke(StandardContextValve.java:90) ~[tomcat-embed-core-10.1.46.jar:10.1.46]
	at org.apache.catalina.authenticator.AuthenticatorBase.invoke(AuthenticatorBase.java:483) ~[tomcat-embed-core-10.1.46.jar:10.1.46]
	at org.apache.catalina.core.StandardHostValve.invoke(StandardHostValve.java:116) ~[tomcat-embed-core-10.1.46.jar:10.1.46]
	at org.apache.catalina.valves.ErrorReportValve.invoke(ErrorReportValve.java:93) ~[tomcat-embed-core-10.1.46.jar:10.1.46]
	at org.apache.catalina.core.StandardEngineValve.invoke(StandardEngineValve.java:74) ~[tomcat-embed-core-10.1.46.jar:10.1.46]
	at org.apache.catalina.connector.CoyoteAdapter.service(CoyoteAdapter.java:344) ~[tomcat-embed-core-10.1.46.jar:10.1.46]
	at org.apache.coyote.http11.Http11Processor.service(Http11Processor.java:398) ~[tomcat-embed-core-10.1.46.jar:10.1.46]
	at org.apache.coyote.AbstractProcessorLight.process(AbstractProcessorLight.java:63) ~[tomcat-embed-core-10.1.46.jar:10.1.46]
	at org.apache.coyote.AbstractProtocol$ConnectionHandler.process(AbstractProtocol.java:903) ~[tomcat-embed-core-10.1.46.jar:10.1.46]
	at org.apache.tomcat.util.net.NioEndpoint$SocketProcessor.doRun(NioEndpoint.java:1776) ~[tomcat-embed-core-10.1.46.jar:10.1.46]
	at org.apache.tomcat.util.net.SocketProcessorBase.run(SocketProcessorBase.java:52) ~[tomcat-embed-core-10.1.46.jar:10.1.46]
	at org.apache.tomcat.util.threads.ThreadPoolExecutor.runWorker(ThreadPoolExecutor.java:975) ~[tomcat-embed-core-10.1.46.jar:10.1.46]
	at org.apache.tomcat.util.threads.ThreadPoolExecutor$Worker.run(ThreadPoolExecutor.java:493) ~[tomcat-embed-core-10.1.46.jar:10.1.46]
	at org.apache.tomcat.util.threads.TaskThread$WrappingRunnable.run(TaskThread.java:63) ~[tomcat-embed-core-10.1.46.jar:10.1.46]
	at java.base/java.lang.Thread.run(Thread.java:842) ~[na:na]

2025-10-28T10:07:12.389Z  WARN 13508 --- [backofficeAPI] [http-nio-8080-exec-3] .m.m.a.ExceptionHandlerExceptionResolver : Resolved [org.springframework.web.servlet.resource.NoResourceFoundException: No static resource favicon.ico.]
2025-10-28T10:07:15.724Z DEBUG 13508 --- [backofficeAPI] [http-nio-8080-exec-9] o.s.security.web.FilterChainProxy        : Securing GET /editor
2025-10-28T10:07:15.741Z DEBUG 13508 --- [backofficeAPI] [http-nio-8080-exec-9] o.s.security.web.FilterChainProxy        : Secured GET /editor
2025-10-28T10:07:15.753Z  WARN 13508 --- [backofficeAPI] [http-nio-8080-exec-9] actStandardFragmentInsertionTagProcessor : [THYMELEAF][http-nio-8080-exec-9][editor] Deprecated unwrapped fragment expression "fragments/header :: header" found in template editor, line 20, col 13. Please use the complete syntax of fragment expressions instead ("~{fragments/header :: header}"). The old, unwrapped syntax for fragment expressions will be removed in future versions of Thymeleaf.
2025-10-28T10:07:15.835Z DEBUG 13508 --- [backofficeAPI] [http-nio-8080-exec-6] o.s.security.web.FilterChainProxy        : Securing GET /styles/layout/header.css
2025-10-28T10:07:15.835Z DEBUG 13508 --- [backofficeAPI] [http-nio-8080-exec-10] o.s.security.web.FilterChainProxy        : Securing GET /styles/layout/footer.css
2025-10-28T10:07:15.835Z DEBUG 13508 --- [backofficeAPI] [http-nio-8080-exec-7] o.s.security.web.FilterChainProxy        : Securing GET /styles/components/cards.css
2025-10-28T10:07:15.835Z DEBUG 13508 --- [backofficeAPI] [http-nio-8080-exec-2] o.s.security.web.FilterChainProxy        : Securing GET /styles/components/hero.css
2025-10-28T10:07:15.836Z DEBUG 13508 --- [backofficeAPI] [http-nio-8080-exec-1] o.s.security.web.FilterChainProxy        : Securing GET /styles/components/content.css
2025-10-28T10:07:15.837Z DEBUG 13508 --- [backofficeAPI] [http-nio-8080-exec-10] o.s.s.w.a.AnonymousAuthenticationFilter  : Set SecurityContextHolder to anonymous SecurityContext
2025-10-28T10:07:15.838Z DEBUG 13508 --- [backofficeAPI] [http-nio-8080-exec-6] o.s.s.w.a.AnonymousAuthenticationFilter  : Set SecurityContextHolder to anonymous SecurityContext
2025-10-28T10:07:15.839Z DEBUG 13508 --- [backofficeAPI] [http-nio-8080-exec-5] o.s.security.web.FilterChainProxy        : Securing GET /styles/base.css
2025-10-28T10:07:15.841Z DEBUG 13508 --- [backofficeAPI] [http-nio-8080-exec-6] o.s.security.web.FilterChainProxy        : Secured GET /styles/layout/header.css
2025-10-28T10:07:15.839Z DEBUG 13508 --- [backofficeAPI] [http-nio-8080-exec-1] o.s.s.w.a.AnonymousAuthenticationFilter  : Set SecurityContextHolder to anonymous SecurityContext
2025-10-28T10:07:15.840Z DEBUG 13508 --- [backofficeAPI] [http-nio-8080-exec-7] o.s.s.w.a.AnonymousAuthenticationFilter  : Set SecurityContextHolder to anonymous SecurityContext
2025-10-28T10:07:15.840Z DEBUG 13508 --- [backofficeAPI] [http-nio-8080-exec-10] o.s.security.web.FilterChainProxy        : Secured GET /styles/layout/footer.css
2025-10-28T10:07:15.840Z DEBUG 13508 --- [backofficeAPI] [http-nio-8080-exec-2] o.s.s.w.a.AnonymousAuthenticationFilter  : Set SecurityContextHolder to anonymous SecurityContext
2025-10-28T10:07:15.841Z DEBUG 13508 --- [backofficeAPI] [http-nio-8080-exec-1] o.s.security.web.FilterChainProxy        : Secured GET /styles/components/content.css
2025-10-28T10:07:15.842Z DEBUG 13508 --- [backofficeAPI] [http-nio-8080-exec-7] o.s.security.web.FilterChainProxy        : Secured GET /styles/components/cards.css
2025-10-28T10:07:15.842Z DEBUG 13508 --- [backofficeAPI] [http-nio-8080-exec-5] o.s.s.w.a.AnonymousAuthenticationFilter  : Set SecurityContextHolder to anonymous SecurityContext
2025-10-28T10:07:15.842Z DEBUG 13508 --- [backofficeAPI] [http-nio-8080-exec-2] o.s.security.web.FilterChainProxy        : Secured GET /styles/components/hero.css
2025-10-28T10:07:15.846Z DEBUG 13508 --- [backofficeAPI] [http-nio-8080-exec-5] o.s.security.web.FilterChainProxy        : Secured GET /styles/base.css
2025-10-28T10:07:15.847Z ERROR 13508 --- [backofficeAPI] [http-nio-8080-exec-7] o.d.b.exception.GlobalExceptionHandler   : Unexpected error occurred

org.springframework.web.servlet.resource.NoResourceFoundException: No static resource styles/components/cards.css.
	at org.springframework.web.servlet.resource.ResourceHttpRequestHandler.handleRequest(ResourceHttpRequestHandler.java:585) ~[spring-webmvc-6.2.11.jar:6.2.11]
	at org.springframework.web.servlet.mvc.HttpRequestHandlerAdapter.handle(HttpRequestHandlerAdapter.java:52) ~[spring-webmvc-6.2.11.jar:6.2.11]
	at org.springframework.web.servlet.DispatcherServlet.doDispatch(DispatcherServlet.java:1089) ~[spring-webmvc-6.2.11.jar:6.2.11]
	at org.springframework.web.servlet.DispatcherServlet.doService(DispatcherServlet.java:979) ~[spring-webmvc-6.2.11.jar:6.2.11]
	at org.springframework.web.servlet.FrameworkServlet.processRequest(FrameworkServlet.java:1014) ~[spring-webmvc-6.2.11.jar:6.2.11]
	at org.springframework.web.servlet.FrameworkServlet.doGet(FrameworkServlet.java:903) ~[spring-webmvc-6.2.11.jar:6.2.11]
	at jakarta.servlet.http.HttpServlet.service(HttpServlet.java:564) ~[tomcat-embed-core-10.1.46.jar:6.0]
	at org.springframework.web.servlet.FrameworkServlet.service(FrameworkServlet.java:885) ~[spring-webmvc-6.2.11.jar:6.2.11]
	at jakarta.servlet.http.HttpServlet.service(HttpServlet.java:658) ~[tomcat-embed-core-10.1.46.jar:6.0]
	at org.apache.catalina.core.ApplicationFilterChain.internalDoFilter(ApplicationFilterChain.java:195) ~[tomcat-embed-core-10.1.46.jar:10.1.46]
	at org.apache.catalina.core.ApplicationFilterChain.doFilter(ApplicationFilterChain.java:140) ~[tomcat-embed-core-10.1.46.jar:10.1.46]
	at org.apache.tomcat.websocket.server.WsFilter.doFilter(WsFilter.java:51) ~[tomcat-embed-websocket-10.1.46.jar:10.1.46]
	at org.apache.catalina.core.ApplicationFilterChain.internalDoFilter(ApplicationFilterChain.java:164) ~[tomcat-embed-core-10.1.46.jar:10.1.46]
	at org.apache.catalina.core.ApplicationFilterChain.doFilter(ApplicationFilterChain.java:140) ~[tomcat-embed-core-10.1.46.jar:10.1.46]
	at org.springframework.web.filter.OncePerRequestFilter.doFilter(OncePerRequestFilter.java:110) ~[spring-web-6.2.11.jar:6.2.11]
	at org.apache.catalina.core.ApplicationFilterChain.internalDoFilter(ApplicationFilterChain.java:164) ~[tomcat-embed-core-10.1.46.jar:10.1.46]
	at org.apache.catalina.core.ApplicationFilterChain.doFilter(ApplicationFilterChain.java:140) ~[tomcat-embed-core-10.1.46.jar:10.1.46]
	at org.springframework.web.filter.CompositeFilter$VirtualFilterChain.doFilter(CompositeFilter.java:108) ~[spring-web-6.2.11.jar:6.2.11]
	at org.springframework.web.filter.CompositeFilter$VirtualFilterChain.doFilter(CompositeFilter.java:108) ~[spring-web-6.2.11.jar:6.2.11]
	at org.springframework.security.web.FilterChainProxy.lambda$doFilterInternal$3(FilterChainProxy.java:231) ~[spring-security-web-6.5.5.jar:6.5.5]
	at org.springframework.security.web.FilterChainProxy$VirtualFilterChain.doFilter(FilterChainProxy.java:365) ~[spring-security-web-6.5.5.jar:6.5.5]
	at org.springframework.security.web.access.intercept.AuthorizationFilter.doFilter(AuthorizationFilter.java:101) ~[spring-security-web-6.5.5.jar:6.5.5]
	at org.springframework.security.web.FilterChainProxy$VirtualFilterChain.doFilter(FilterChainProxy.java:374) ~[spring-security-web-6.5.5.jar:6.5.5]
	at org.springframework.security.web.access.ExceptionTranslationFilter.doFilter(ExceptionTranslationFilter.java:125) ~[spring-security-web-6.5.5.jar:6.5.5]
	at org.springframework.security.web.access.ExceptionTranslationFilter.doFilter(ExceptionTranslationFilter.java:119) ~[spring-security-web-6.5.5.jar:6.5.5]
	at org.springframework.security.web.FilterChainProxy$VirtualFilterChain.doFilter(FilterChainProxy.java:374) ~[spring-security-web-6.5.5.jar:6.5.5]
	at org.springframework.security.web.session.SessionManagementFilter.doFilter(SessionManagementFilter.java:131) ~[spring-security-web-6.5.5.jar:6.5.5]
	at org.springframework.security.web.session.SessionManagementFilter.doFilter(SessionManagementFilter.java:85) ~[spring-security-web-6.5.5.jar:6.5.5]
	at org.springframework.security.web.FilterChainProxy$VirtualFilterChain.doFilter(FilterChainProxy.java:374) ~[spring-security-web-6.5.5.jar:6.5.5]
	at org.springframework.security.web.authentication.AnonymousAuthenticationFilter.doFilter(AnonymousAuthenticationFilter.java:100) ~[spring-security-web-6.5.5.jar:6.5.5]
	at org.springframework.security.web.FilterChainProxy$VirtualFilterChain.doFilter(FilterChainProxy.java:374) ~[spring-security-web-6.5.5.jar:6.5.5]
	at org.springframework.security.web.servletapi.SecurityContextHolderAwareRequestFilter.doFilter(SecurityContextHolderAwareRequestFilter.java:179) ~[spring-security-web-6.5.5.jar:6.5.5]
	at org.springframework.security.web.FilterChainProxy$VirtualFilterChain.doFilter(FilterChainProxy.java:374) ~[spring-security-web-6.5.5.jar:6.5.5]
	at org.springframework.security.web.savedrequest.RequestCacheAwareFilter.doFilter(RequestCacheAwareFilter.java:63) ~[spring-security-web-6.5.5.jar:6.5.5]
	at org.springframework.security.web.FilterChainProxy$VirtualFilterChain.doFilter(FilterChainProxy.java:374) ~[spring-security-web-6.5.5.jar:6.5.5]
	at org.dubini.backofficeAPI.security.JwtFilter.doFilterInternal(JwtFilter.java:56) ~[classes/:na]
	at org.springframework.web.filter.OncePerRequestFilter.doFilter(OncePerRequestFilter.java:116) ~[spring-web-6.2.11.jar:6.2.11]
	at org.springframework.security.web.FilterChainProxy$VirtualFilterChain.doFilter(FilterChainProxy.java:374) ~[spring-security-web-6.5.5.jar:6.5.5]
	at org.springframework.security.web.authentication.logout.LogoutFilter.doFilter(LogoutFilter.java:107) ~[spring-security-web-6.5.5.jar:6.5.5]
	at org.springframework.security.web.authentication.logout.LogoutFilter.doFilter(LogoutFilter.java:93) ~[spring-security-web-6.5.5.jar:6.5.5]
	at org.springframework.security.web.FilterChainProxy$VirtualFilterChain.doFilter(FilterChainProxy.java:374) ~[spring-security-web-6.5.5.jar:6.5.5]
	at org.springframework.security.web.header.HeaderWriterFilter.doHeadersAfter(HeaderWriterFilter.java:90) ~[spring-security-web-6.5.5.jar:6.5.5]
	at org.springframework.security.web.header.HeaderWriterFilter.doFilterInternal(HeaderWriterFilter.java:75) ~[spring-security-web-6.5.5.jar:6.5.5]
	at org.springframework.web.filter.OncePerRequestFilter.doFilter(OncePerRequestFilter.java:116) ~[spring-web-6.2.11.jar:6.2.11]
	at org.springframework.security.web.FilterChainProxy$VirtualFilterChain.doFilter(FilterChainProxy.java:374) ~[spring-security-web-6.5.5.jar:6.5.5]
	at org.springframework.security.web.context.SecurityContextHolderFilter.doFilter(SecurityContextHolderFilter.java:82) ~[spring-security-web-6.5.5.jar:6.5.5]
	at org.springframework.security.web.context.SecurityContextHolderFilter.doFilter(SecurityContextHolderFilter.java:69) ~[spring-security-web-6.5.5.jar:6.5.5]
	at org.springframework.security.web.FilterChainProxy$VirtualFilterChain.doFilter(FilterChainProxy.java:374) ~[spring-security-web-6.5.5.jar:6.5.5]
	at org.springframework.security.web.context.request.async.WebAsyncManagerIntegrationFilter.doFilterInternal(WebAsyncManagerIntegrationFilter.java:62) ~[spring-security-web-6.5.5.jar:6.5.5]
	at org.springframework.web.filter.OncePerRequestFilter.doFilter(OncePerRequestFilter.java:116) ~[spring-web-6.2.11.jar:6.2.11]
	at org.springframework.security.web.FilterChainProxy$VirtualFilterChain.doFilter(FilterChainProxy.java:374) ~[spring-security-web-6.5.5.jar:6.5.5]
	at org.springframework.security.web.session.DisableEncodeUrlFilter.doFilterInternal(DisableEncodeUrlFilter.java:42) ~[spring-security-web-6.5.5.jar:6.5.5]
	at org.springframework.web.filter.OncePerRequestFilter.doFilter(OncePerRequestFilter.java:116) ~[spring-web-6.2.11.jar:6.2.11]
	at org.springframework.security.web.FilterChainProxy$VirtualFilterChain.doFilter(FilterChainProxy.java:374) ~[spring-security-web-6.5.5.jar:6.5.5]
	at org.springframework.security.web.FilterChainProxy.doFilterInternal(FilterChainProxy.java:233) ~[spring-security-web-6.5.5.jar:6.5.5]
	at org.springframework.security.web.FilterChainProxy.doFilter(FilterChainProxy.java:191) ~[spring-security-web-6.5.5.jar:6.5.5]
	at org.springframework.web.filter.CompositeFilter$VirtualFilterChain.doFilter(CompositeFilter.java:113) ~[spring-web-6.2.11.jar:6.2.11]
	at org.springframework.web.filter.ServletRequestPathFilter.doFilter(ServletRequestPathFilter.java:52) ~[spring-web-6.2.11.jar:6.2.11]
	at org.springframework.web.filter.CompositeFilter$VirtualFilterChain.doFilter(CompositeFilter.java:113) ~[spring-web-6.2.11.jar:6.2.11]
	at org.springframework.web.filter.CompositeFilter.doFilter(CompositeFilter.java:74) ~[spring-web-6.2.11.jar:6.2.11]
	at org.springframework.security.config.annotation.web.configuration.WebSecurityConfiguration$CompositeFilterChainProxy.doFilter(WebSecurityConfiguration.java:319) ~[spring-security-config-6.5.5.jar:6.5.5]
	at org.springframework.web.filter.CompositeFilter$VirtualFilterChain.doFilter(CompositeFilter.java:113) ~[spring-web-6.2.11.jar:6.2.11]
	at org.springframework.web.servlet.handler.HandlerMappingIntrospector.lambda$createCacheFilter$4(HandlerMappingIntrospector.java:267) ~[spring-webmvc-6.2.11.jar:6.2.11]
	at org.springframework.web.filter.CompositeFilter$VirtualFilterChain.doFilter(CompositeFilter.java:113) ~[spring-web-6.2.11.jar:6.2.11]
	at org.springframework.web.filter.CompositeFilter.doFilter(CompositeFilter.java:74) ~[spring-web-6.2.11.jar:6.2.11]
	at org.springframework.security.config.annotation.web.configuration.WebMvcSecurityConfiguration$CompositeFilterChainProxy.doFilter(WebMvcSecurityConfiguration.java:240) ~[spring-security-config-6.5.5.jar:6.5.5]
	at org.springframework.web.filter.DelegatingFilterProxy.invokeDelegate(DelegatingFilterProxy.java:362) ~[spring-web-6.2.11.jar:6.2.11]
	at org.springframework.web.filter.DelegatingFilterProxy.doFilter(DelegatingFilterProxy.java:278) ~[spring-web-6.2.11.jar:6.2.11]
	at org.apache.catalina.core.ApplicationFilterChain.internalDoFilter(ApplicationFilterChain.java:164) ~[tomcat-embed-core-10.1.46.jar:10.1.46]
	at org.apache.catalina.core.ApplicationFilterChain.doFilter(ApplicationFilterChain.java:140) ~[tomcat-embed-core-10.1.46.jar:10.1.46]
	at org.springframework.web.filter.RequestContextFilter.doFilterInternal(RequestContextFilter.java:100) ~[spring-web-6.2.11.jar:6.2.11]
	at org.springframework.web.filter.OncePerRequestFilter.doFilter(OncePerRequestFilter.java:116) ~[spring-web-6.2.11.jar:6.2.11]
	at org.apache.catalina.core.ApplicationFilterChain.internalDoFilter(ApplicationFilterChain.java:164) ~[tomcat-embed-core-10.1.46.jar:10.1.46]
	at org.apache.catalina.core.ApplicationFilterChain.doFilter(ApplicationFilterChain.java:140) ~[tomcat-embed-core-10.1.46.jar:10.1.46]
	at org.springframework.web.filter.FormContentFilter.doFilterInternal(FormContentFilter.java:93) ~[spring-web-6.2.11.jar:6.2.11]
	at org.springframework.web.filter.OncePerRequestFilter.doFilter(OncePerRequestFilter.java:116) ~[spring-web-6.2.11.jar:6.2.11]
	at org.apache.catalina.core.ApplicationFilterChain.internalDoFilter(ApplicationFilterChain.java:164) ~[tomcat-embed-core-10.1.46.jar:10.1.46]
	at org.apache.catalina.core.ApplicationFilterChain.doFilter(ApplicationFilterChain.java:140) ~[tomcat-embed-core-10.1.46.jar:10.1.46]
	at org.springframework.web.filter.CharacterEncodingFilter.doFilterInternal(CharacterEncodingFilter.java:201) ~[spring-web-6.2.11.jar:6.2.11]
	at org.springframework.web.filter.OncePerRequestFilter.doFilter(OncePerRequestFilter.java:116) ~[spring-web-6.2.11.jar:6.2.11]
	at org.apache.catalina.core.ApplicationFilterChain.internalDoFilter(ApplicationFilterChain.java:164) ~[tomcat-embed-core-10.1.46.jar:10.1.46]
	at org.apache.catalina.core.ApplicationFilterChain.doFilter(ApplicationFilterChain.java:140) ~[tomcat-embed-core-10.1.46.jar:10.1.46]
	at org.apache.catalina.core.StandardWrapperValve.invoke(StandardWrapperValve.java:167) ~[tomcat-embed-core-10.1.46.jar:10.1.46]
	at org.apache.catalina.core.StandardContextValve.invoke(StandardContextValve.java:90) ~[tomcat-embed-core-10.1.46.jar:10.1.46]
	at org.apache.catalina.authenticator.AuthenticatorBase.invoke(AuthenticatorBase.java:483) ~[tomcat-embed-core-10.1.46.jar:10.1.46]
	at org.apache.catalina.core.StandardHostValve.invoke(StandardHostValve.java:116) ~[tomcat-embed-core-10.1.46.jar:10.1.46]
	at org.apache.catalina.valves.ErrorReportValve.invoke(ErrorReportValve.java:93) ~[tomcat-embed-core-10.1.46.jar:10.1.46]
	at org.apache.catalina.core.StandardEngineValve.invoke(StandardEngineValve.java:74) ~[tomcat-embed-core-10.1.46.jar:10.1.46]
	at org.apache.catalina.connector.CoyoteAdapter.service(CoyoteAdapter.java:344) ~[tomcat-embed-core-10.1.46.jar:10.1.46]
	at org.apache.coyote.http11.Http11Processor.service(Http11Processor.java:398) ~[tomcat-embed-core-10.1.46.jar:10.1.46]
	at org.apache.coyote.AbstractProcessorLight.process(AbstractProcessorLight.java:63) ~[tomcat-embed-core-10.1.46.jar:10.1.46]
	at org.apache.coyote.AbstractProtocol$ConnectionHandler.process(AbstractProtocol.java:903) ~[tomcat-embed-core-10.1.46.jar:10.1.46]
	at org.apache.tomcat.util.net.NioEndpoint$SocketProcessor.doRun(NioEndpoint.java:1776) ~[tomcat-embed-core-10.1.46.jar:10.1.46]
	at org.apache.tomcat.util.net.SocketProcessorBase.run(SocketProcessorBase.java:52) ~[tomcat-embed-core-10.1.46.jar:10.1.46]
	at org.apache.tomcat.util.threads.ThreadPoolExecutor.runWorker(ThreadPoolExecutor.java:975) ~[tomcat-embed-core-10.1.46.jar:10.1.46]
	at org.apache.tomcat.util.threads.ThreadPoolExecutor$Worker.run(ThreadPoolExecutor.java:493) ~[tomcat-embed-core-10.1.46.jar:10.1.46]
	at org.apache.tomcat.util.threads.TaskThread$WrappingRunnable.run(TaskThread.java:63) ~[tomcat-embed-core-10.1.46.jar:10.1.46]
	at java.base/java.lang.Thread.run(Thread.java:842) ~[na:na]

2025-10-28T10:07:15.858Z  WARN 13508 --- [backofficeAPI] [http-nio-8080-exec-7] .m.m.a.ExceptionHandlerExceptionResolver : Resolved [org.springframework.web.servlet.resource.NoResourceFoundException: No static resource styles/components/cards.css.]
2025-10-28T10:07:15.847Z ERROR 13508 --- [backofficeAPI] [http-nio-8080-exec-1] o.d.b.exception.GlobalExceptionHandler   : Unexpected error occurred

org.springframework.web.servlet.resource.NoResourceFoundException: No static resource styles/components/content.css.
	at org.springframework.web.servlet.resource.ResourceHttpRequestHandler.handleRequest(ResourceHttpRequestHandler.java:585) ~[spring-webmvc-6.2.11.jar:6.2.11]
	at org.springframework.web.servlet.mvc.HttpRequestHandlerAdapter.handle(HttpRequestHandlerAdapter.java:52) ~[spring-webmvc-6.2.11.jar:6.2.11]
	at org.springframework.web.servlet.DispatcherServlet.doDispatch(DispatcherServlet.java:1089) ~[spring-webmvc-6.2.11.jar:6.2.11]
	at org.springframework.web.servlet.DispatcherServlet.doService(DispatcherServlet.java:979) ~[spring-webmvc-6.2.11.jar:6.2.11]
	at org.springframework.web.servlet.FrameworkServlet.processRequest(FrameworkServlet.java:1014) ~[spring-webmvc-6.2.11.jar:6.2.11]
	at org.springframework.web.servlet.FrameworkServlet.doGet(FrameworkServlet.java:903) ~[spring-webmvc-6.2.11.jar:6.2.11]
	at jakarta.servlet.http.HttpServlet.service(HttpServlet.java:564) ~[tomcat-embed-core-10.1.46.jar:6.0]
	at org.springframework.web.servlet.FrameworkServlet.service(FrameworkServlet.java:885) ~[spring-webmvc-6.2.11.jar:6.2.11]
	at jakarta.servlet.http.HttpServlet.service(HttpServlet.java:658) ~[tomcat-embed-core-10.1.46.jar:6.0]
	at org.apache.catalina.core.ApplicationFilterChain.internalDoFilter(ApplicationFilterChain.java:195) ~[tomcat-embed-core-10.1.46.jar:10.1.46]
	at org.apache.catalina.core.ApplicationFilterChain.doFilter(ApplicationFilterChain.java:140) ~[tomcat-embed-core-10.1.46.jar:10.1.46]
	at org.apache.tomcat.websocket.server.WsFilter.doFilter(WsFilter.java:51) ~[tomcat-embed-websocket-10.1.46.jar:10.1.46]
	at org.apache.catalina.core.ApplicationFilterChain.internalDoFilter(ApplicationFilterChain.java:164) ~[tomcat-embed-core-10.1.46.jar:10.1.46]
	at org.apache.catalina.core.ApplicationFilterChain.doFilter(ApplicationFilterChain.java:140) ~[tomcat-embed-core-10.1.46.jar:10.1.46]
	at org.springframework.web.filter.OncePerRequestFilter.doFilter(OncePerRequestFilter.java:110) ~[spring-web-6.2.11.jar:6.2.11]
	at org.apache.catalina.core.ApplicationFilterChain.internalDoFilter(ApplicationFilterChain.java:164) ~[tomcat-embed-core-10.1.46.jar:10.1.46]
	at org.apache.catalina.core.ApplicationFilterChain.doFilter(ApplicationFilterChain.java:140) ~[tomcat-embed-core-10.1.46.jar:10.1.46]
	at org.springframework.web.filter.CompositeFilter$VirtualFilterChain.doFilter(CompositeFilter.java:108) ~[spring-web-6.2.11.jar:6.2.11]
	at org.springframework.web.filter.CompositeFilter$VirtualFilterChain.doFilter(CompositeFilter.java:108) ~[spring-web-6.2.11.jar:6.2.11]
	at org.springframework.security.web.FilterChainProxy.lambda$doFilterInternal$3(FilterChainProxy.java:231) ~[spring-security-web-6.5.5.jar:6.5.5]
	at org.springframework.security.web.FilterChainProxy$VirtualFilterChain.doFilter(FilterChainProxy.java:365) ~[spring-security-web-6.5.5.jar:6.5.5]
	at org.springframework.security.web.access.intercept.AuthorizationFilter.doFilter(AuthorizationFilter.java:101) ~[spring-security-web-6.5.5.jar:6.5.5]
	at org.springframework.security.web.FilterChainProxy$VirtualFilterChain.doFilter(FilterChainProxy.java:374) ~[spring-security-web-6.5.5.jar:6.5.5]
	at org.springframework.security.web.access.ExceptionTranslationFilter.doFilter(ExceptionTranslationFilter.java:125) ~[spring-security-web-6.5.5.jar:6.5.5]
	at org.springframework.security.web.access.ExceptionTranslationFilter.doFilter(ExceptionTranslationFilter.java:119) ~[spring-security-web-6.5.5.jar:6.5.5]
	at org.springframework.security.web.FilterChainProxy$VirtualFilterChain.doFilter(FilterChainProxy.java:374) ~[spring-security-web-6.5.5.jar:6.5.5]
	at org.springframework.security.web.session.SessionManagementFilter.doFilter(SessionManagementFilter.java:131) ~[spring-security-web-6.5.5.jar:6.5.5]
	at org.springframework.security.web.session.SessionManagementFilter.doFilter(SessionManagementFilter.java:85) ~[spring-security-web-6.5.5.jar:6.5.5]
	at org.springframework.security.web.FilterChainProxy$VirtualFilterChain.doFilter(FilterChainProxy.java:374) ~[spring-security-web-6.5.5.jar:6.5.5]
	at org.springframework.security.web.authentication.AnonymousAuthenticationFilter.doFilter(AnonymousAuthenticationFilter.java:100) ~[spring-security-web-6.5.5.jar:6.5.5]
	at org.springframework.security.web.FilterChainProxy$VirtualFilterChain.doFilter(FilterChainProxy.java:374) ~[spring-security-web-6.5.5.jar:6.5.5]
	at org.springframework.security.web.servletapi.SecurityContextHolderAwareRequestFilter.doFilter(SecurityContextHolderAwareRequestFilter.java:179) ~[spring-security-web-6.5.5.jar:6.5.5]
	at org.springframework.security.web.FilterChainProxy$VirtualFilterChain.doFilter(FilterChainProxy.java:374) ~[spring-security-web-6.5.5.jar:6.5.5]
	at org.springframework.security.web.savedrequest.RequestCacheAwareFilter.doFilter(RequestCacheAwareFilter.java:63) ~[spring-security-web-6.5.5.jar:6.5.5]
	at org.springframework.security.web.FilterChainProxy$VirtualFilterChain.doFilter(FilterChainProxy.java:374) ~[spring-security-web-6.5.5.jar:6.5.5]
	at org.dubini.backofficeAPI.security.JwtFilter.doFilterInternal(JwtFilter.java:56) ~[classes/:na]
	at org.springframework.web.filter.OncePerRequestFilter.doFilter(OncePerRequestFilter.java:116) ~[spring-web-6.2.11.jar:6.2.11]
	at org.springframework.security.web.FilterChainProxy$VirtualFilterChain.doFilter(FilterChainProxy.java:374) ~[spring-security-web-6.5.5.jar:6.5.5]
	at org.springframework.security.web.authentication.logout.LogoutFilter.doFilter(LogoutFilter.java:107) ~[spring-security-web-6.5.5.jar:6.5.5]
	at org.springframework.security.web.authentication.logout.LogoutFilter.doFilter(LogoutFilter.java:93) ~[spring-security-web-6.5.5.jar:6.5.5]
	at org.springframework.security.web.FilterChainProxy$VirtualFilterChain.doFilter(FilterChainProxy.java:374) ~[spring-security-web-6.5.5.jar:6.5.5]
	at org.springframework.security.web.header.HeaderWriterFilter.doHeadersAfter(HeaderWriterFilter.java:90) ~[spring-security-web-6.5.5.jar:6.5.5]
	at org.springframework.security.web.header.HeaderWriterFilter.doFilterInternal(HeaderWriterFilter.java:75) ~[spring-security-web-6.5.5.jar:6.5.5]
	at org.springframework.web.filter.OncePerRequestFilter.doFilter(OncePerRequestFilter.java:116) ~[spring-web-6.2.11.jar:6.2.11]
	at org.springframework.security.web.FilterChainProxy$VirtualFilterChain.doFilter(FilterChainProxy.java:374) ~[spring-security-web-6.5.5.jar:6.5.5]
	at org.springframework.security.web.context.SecurityContextHolderFilter.doFilter(SecurityContextHolderFilter.java:82) ~[spring-security-web-6.5.5.jar:6.5.5]
	at org.springframework.security.web.context.SecurityContextHolderFilter.doFilter(SecurityContextHolderFilter.java:69) ~[spring-security-web-6.5.5.jar:6.5.5]
	at org.springframework.security.web.FilterChainProxy$VirtualFilterChain.doFilter(FilterChainProxy.java:374) ~[spring-security-web-6.5.5.jar:6.5.5]
	at org.springframework.security.web.context.request.async.WebAsyncManagerIntegrationFilter.doFilterInternal(WebAsyncManagerIntegrationFilter.java:62) ~[spring-security-web-6.5.5.jar:6.5.5]
	at org.springframework.web.filter.OncePerRequestFilter.doFilter(OncePerRequestFilter.java:116) ~[spring-web-6.2.11.jar:6.2.11]
	at org.springframework.security.web.FilterChainProxy$VirtualFilterChain.doFilter(FilterChainProxy.java:374) ~[spring-security-web-6.5.5.jar:6.5.5]
	at org.springframework.security.web.session.DisableEncodeUrlFilter.doFilterInternal(DisableEncodeUrlFilter.java:42) ~[spring-security-web-6.5.5.jar:6.5.5]
	at org.springframework.web.filter.OncePerRequestFilter.doFilter(OncePerRequestFilter.java:116) ~[spring-web-6.2.11.jar:6.2.11]
	at org.springframework.security.web.FilterChainProxy$VirtualFilterChain.doFilter(FilterChainProxy.java:374) ~[spring-security-web-6.5.5.jar:6.5.5]
	at org.springframework.security.web.FilterChainProxy.doFilterInternal(FilterChainProxy.java:233) ~[spring-security-web-6.5.5.jar:6.5.5]
	at org.springframework.security.web.FilterChainProxy.doFilter(FilterChainProxy.java:191) ~[spring-security-web-6.5.5.jar:6.5.5]
	at org.springframework.web.filter.CompositeFilter$VirtualFilterChain.doFilter(CompositeFilter.java:113) ~[spring-web-6.2.11.jar:6.2.11]
	at org.springframework.web.filter.ServletRequestPathFilter.doFilter(ServletRequestPathFilter.java:52) ~[spring-web-6.2.11.jar:6.2.11]
	at org.springframework.web.filter.CompositeFilter$VirtualFilterChain.doFilter(CompositeFilter.java:113) ~[spring-web-6.2.11.jar:6.2.11]
	at org.springframework.web.filter.CompositeFilter.doFilter(CompositeFilter.java:74) ~[spring-web-6.2.11.jar:6.2.11]
	at org.springframework.security.config.annotation.web.configuration.WebSecurityConfiguration$CompositeFilterChainProxy.doFilter(WebSecurityConfiguration.java:319) ~[spring-security-config-6.5.5.jar:6.5.5]
	at org.springframework.web.filter.CompositeFilter$VirtualFilterChain.doFilter(CompositeFilter.java:113) ~[spring-web-6.2.11.jar:6.2.11]
	at org.springframework.web.servlet.handler.HandlerMappingIntrospector.lambda$createCacheFilter$4(HandlerMappingIntrospector.java:267) ~[spring-webmvc-6.2.11.jar:6.2.11]
	at org.springframework.web.filter.CompositeFilter$VirtualFilterChain.doFilter(CompositeFilter.java:113) ~[spring-web-6.2.11.jar:6.2.11]
	at org.springframework.web.filter.CompositeFilter.doFilter(CompositeFilter.java:74) ~[spring-web-6.2.11.jar:6.2.11]
	at org.springframework.security.config.annotation.web.configuration.WebMvcSecurityConfiguration$CompositeFilterChainProxy.doFilter(WebMvcSecurityConfiguration.java:240) ~[spring-security-config-6.5.5.jar:6.5.5]
	at org.springframework.web.filter.DelegatingFilterProxy.invokeDelegate(DelegatingFilterProxy.java:362) ~[spring-web-6.2.11.jar:6.2.11]
	at org.springframework.web.filter.DelegatingFilterProxy.doFilter(DelegatingFilterProxy.java:278) ~[spring-web-6.2.11.jar:6.2.11]
	at org.apache.catalina.core.ApplicationFilterChain.internalDoFilter(ApplicationFilterChain.java:164) ~[tomcat-embed-core-10.1.46.jar:10.1.46]
	at org.apache.catalina.core.ApplicationFilterChain.doFilter(ApplicationFilterChain.java:140) ~[tomcat-embed-core-10.1.46.jar:10.1.46]
	at org.springframework.web.filter.RequestContextFilter.doFilterInternal(RequestContextFilter.java:100) ~[spring-web-6.2.11.jar:6.2.11]
	at org.springframework.web.filter.OncePerRequestFilter.doFilter(OncePerRequestFilter.java:116) ~[spring-web-6.2.11.jar:6.2.11]
	at org.apache.catalina.core.ApplicationFilterChain.internalDoFilter(ApplicationFilterChain.java:164) ~[tomcat-embed-core-10.1.46.jar:10.1.46]
	at org.apache.catalina.core.ApplicationFilterChain.doFilter(ApplicationFilterChain.java:140) ~[tomcat-embed-core-10.1.46.jar:10.1.46]
	at org.springframework.web.filter.FormContentFilter.doFilterInternal(FormContentFilter.java:93) ~[spring-web-6.2.11.jar:6.2.11]
	at org.springframework.web.filter.OncePerRequestFilter.doFilter(OncePerRequestFilter.java:116) ~[spring-web-6.2.11.jar:6.2.11]
	at org.apache.catalina.core.ApplicationFilterChain.internalDoFilter(ApplicationFilterChain.java:164) ~[tomcat-embed-core-10.1.46.jar:10.1.46]
	at org.apache.catalina.core.ApplicationFilterChain.doFilter(ApplicationFilterChain.java:140) ~[tomcat-embed-core-10.1.46.jar:10.1.46]
	at org.springframework.web.filter.CharacterEncodingFilter.doFilterInternal(CharacterEncodingFilter.java:201) ~[spring-web-6.2.11.jar:6.2.11]
	at org.springframework.web.filter.OncePerRequestFilter.doFilter(OncePerRequestFilter.java:116) ~[spring-web-6.2.11.jar:6.2.11]
	at org.apache.catalina.core.ApplicationFilterChain.internalDoFilter(ApplicationFilterChain.java:164) ~[tomcat-embed-core-10.1.46.jar:10.1.46]
	at org.apache.catalina.core.ApplicationFilterChain.doFilter(ApplicationFilterChain.java:140) ~[tomcat-embed-core-10.1.46.jar:10.1.46]
	at org.apache.catalina.core.StandardWrapperValve.invoke(StandardWrapperValve.java:167) ~[tomcat-embed-core-10.1.46.jar:10.1.46]
	at org.apache.catalina.core.StandardContextValve.invoke(StandardContextValve.java:90) ~[tomcat-embed-core-10.1.46.jar:10.1.46]
	at org.apache.catalina.authenticator.AuthenticatorBase.invoke(AuthenticatorBase.java:483) ~[tomcat-embed-core-10.1.46.jar:10.1.46]
	at org.apache.catalina.core.StandardHostValve.invoke(StandardHostValve.java:116) ~[tomcat-embed-core-10.1.46.jar:10.1.46]
	at org.apache.catalina.valves.ErrorReportValve.invoke(ErrorReportValve.java:93) ~[tomcat-embed-core-10.1.46.jar:10.1.46]
	at org.apache.catalina.core.StandardEngineValve.invoke(StandardEngineValve.java:74) ~[tomcat-embed-core-10.1.46.jar:10.1.46]
	at org.apache.catalina.connector.CoyoteAdapter.service(CoyoteAdapter.java:344) ~[tomcat-embed-core-10.1.46.jar:10.1.46]
	at org.apache.coyote.http11.Http11Processor.service(Http11Processor.java:398) ~[tomcat-embed-core-10.1.46.jar:10.1.46]
	at org.apache.coyote.AbstractProcessorLight.process(AbstractProcessorLight.java:63) ~[tomcat-embed-core-10.1.46.jar:10.1.46]
	at org.apache.coyote.AbstractProtocol$ConnectionHandler.process(AbstractProtocol.java:903) ~[tomcat-embed-core-10.1.46.jar:10.1.46]
	at org.apache.tomcat.util.net.NioEndpoint$SocketProcessor.doRun(NioEndpoint.java:1776) ~[tomcat-embed-core-10.1.46.jar:10.1.46]
	at org.apache.tomcat.util.net.SocketProcessorBase.run(SocketProcessorBase.java:52) ~[tomcat-embed-core-10.1.46.jar:10.1.46]
	at org.apache.tomcat.util.threads.ThreadPoolExecutor.runWorker(ThreadPoolExecutor.java:975) ~[tomcat-embed-core-10.1.46.jar:10.1.46]
	at org.apache.tomcat.util.threads.ThreadPoolExecutor$Worker.run(ThreadPoolExecutor.java:493) ~[tomcat-embed-core-10.1.46.jar:10.1.46]
	at org.apache.tomcat.util.threads.TaskThread$WrappingRunnable.run(TaskThread.java:63) ~[tomcat-embed-core-10.1.46.jar:10.1.46]
	at java.base/java.lang.Thread.run(Thread.java:842) ~[na:na]

2025-10-28T10:07:15.860Z DEBUG 13508 --- [backofficeAPI] [http-nio-8080-exec-4] o.s.security.web.FilterChainProxy        : Securing GET /assets/logo.png
2025-10-28T10:07:15.860Z DEBUG 13508 --- [backofficeAPI] [http-nio-8080-exec-8] o.s.security.web.FilterChainProxy        : Securing GET /scripts/script.js
2025-10-28T10:07:15.866Z DEBUG 13508 --- [backofficeAPI] [http-nio-8080-exec-8] o.s.s.w.a.AnonymousAuthenticationFilter  : Set SecurityContextHolder to anonymous SecurityContext
2025-10-28T10:07:15.866Z  WARN 13508 --- [backofficeAPI] [http-nio-8080-exec-1] .m.m.a.ExceptionHandlerExceptionResolver : Resolved [org.springframework.web.servlet.resource.NoResourceFoundException: No static resource styles/components/content.css.]
2025-10-28T10:07:15.866Z DEBUG 13508 --- [backofficeAPI] [http-nio-8080-exec-4] o.s.s.w.a.AnonymousAuthenticationFilter  : Set SecurityContextHolder to anonymous SecurityContext
2025-10-28T10:07:15.866Z DEBUG 13508 --- [backofficeAPI] [http-nio-8080-exec-8] o.s.security.web.FilterChainProxy        : Secured GET /scripts/script.js
2025-10-28T10:07:15.867Z DEBUG 13508 --- [backofficeAPI] [http-nio-8080-exec-4] o.s.security.web.FilterChainProxy        : Secured GET /assets/logo.png
2025-10-28T10:07:15.879Z DEBUG 13508 --- [backofficeAPI] [http-nio-8080-exec-3] o.s.security.web.FilterChainProxy        : Securing GET /assets/background.png
2025-10-28T10:07:15.881Z DEBUG 13508 --- [backofficeAPI] [http-nio-8080-exec-9] o.s.security.web.FilterChainProxy        : Securing GET /assets/navmenu.png
2025-10-28T10:07:15.882Z DEBUG 13508 --- [backofficeAPI] [http-nio-8080-exec-10] o.s.security.web.FilterChainProxy        : Securing GET /assets/example3.png
2025-10-28T10:07:15.882Z DEBUG 13508 --- [backofficeAPI] [http-nio-8080-exec-3] o.s.s.w.a.AnonymousAuthenticationFilter  : Set SecurityContextHolder to anonymous SecurityContext
2025-10-28T10:07:15.883Z DEBUG 13508 --- [backofficeAPI] [http-nio-8080-exec-9] o.s.s.w.a.AnonymousAuthenticationFilter  : Set SecurityContextHolder to anonymous SecurityContext
2025-10-28T10:07:15.884Z DEBUG 13508 --- [backofficeAPI] [http-nio-8080-exec-3] o.s.security.web.FilterChainProxy        : Secured GET /assets/background.png
2025-10-28T10:07:15.884Z DEBUG 13508 --- [backofficeAPI] [http-nio-8080-exec-9] o.s.security.web.FilterChainProxy        : Secured GET /assets/navmenu.png
2025-10-28T10:07:15.884Z DEBUG 13508 --- [backofficeAPI] [http-nio-8080-exec-10] o.s.s.w.a.AnonymousAuthenticationFilter  : Set SecurityContextHolder to anonymous SecurityContext
2025-10-28T10:07:15.885Z DEBUG 13508 --- [backofficeAPI] [http-nio-8080-exec-10] o.s.security.web.FilterChainProxy        : Secured GET /assets/example3.png
2025-10-28T10:07:15.957Z DEBUG 13508 --- [backofficeAPI] [http-nio-8080-exec-6] o.s.security.web.FilterChainProxy        : Securing GET /favicon.ico
2025-10-28T10:07:15.958Z DEBUG 13508 --- [backofficeAPI] [http-nio-8080-exec-6] o.s.s.w.a.AnonymousAuthenticationFilter  : Set SecurityContextHolder to anonymous SecurityContext
2025-10-28T10:07:15.958Z DEBUG 13508 --- [backofficeAPI] [http-nio-8080-exec-6] o.s.security.web.FilterChainProxy        : Secured GET /favicon.ico
2025-10-28T10:07:15.959Z ERROR 13508 --- [backofficeAPI] [http-nio-8080-exec-6] o.d.b.exception.GlobalExceptionHandler   : Unexpected error occurred

org.springframework.web.servlet.resource.NoResourceFoundException: No static resource favicon.ico.
	at org.springframework.web.servlet.resource.ResourceHttpRequestHandler.handleRequest(ResourceHttpRequestHandler.java:585) ~[spring-webmvc-6.2.11.jar:6.2.11]
	at org.springframework.web.servlet.mvc.HttpRequestHandlerAdapter.handle(HttpRequestHandlerAdapter.java:52) ~[spring-webmvc-6.2.11.jar:6.2.11]
	at org.springframework.web.servlet.DispatcherServlet.doDispatch(DispatcherServlet.java:1089) ~[spring-webmvc-6.2.11.jar:6.2.11]
	at org.springframework.web.servlet.DispatcherServlet.doService(DispatcherServlet.java:979) ~[spring-webmvc-6.2.11.jar:6.2.11]
	at org.springframework.web.servlet.FrameworkServlet.processRequest(FrameworkServlet.java:1014) ~[spring-webmvc-6.2.11.jar:6.2.11]
	at org.springframework.web.servlet.FrameworkServlet.doGet(FrameworkServlet.java:903) ~[spring-webmvc-6.2.11.jar:6.2.11]
	at jakarta.servlet.http.HttpServlet.service(HttpServlet.java:564) ~[tomcat-embed-core-10.1.46.jar:6.0]
	at org.springframework.web.servlet.FrameworkServlet.service(FrameworkServlet.java:885) ~[spring-webmvc-6.2.11.jar:6.2.11]
	at jakarta.servlet.http.HttpServlet.service(HttpServlet.java:658) ~[tomcat-embed-core-10.1.46.jar:6.0]
	at org.apache.catalina.core.ApplicationFilterChain.internalDoFilter(ApplicationFilterChain.java:195) ~[tomcat-embed-core-10.1.46.jar:10.1.46]
	at org.apache.catalina.core.ApplicationFilterChain.doFilter(ApplicationFilterChain.java:140) ~[tomcat-embed-core-10.1.46.jar:10.1.46]
	at org.apache.tomcat.websocket.server.WsFilter.doFilter(WsFilter.java:51) ~[tomcat-embed-websocket-10.1.46.jar:10.1.46]
	at org.apache.catalina.core.ApplicationFilterChain.internalDoFilter(ApplicationFilterChain.java:164) ~[tomcat-embed-core-10.1.46.jar:10.1.46]
	at org.apache.catalina.core.ApplicationFilterChain.doFilter(ApplicationFilterChain.java:140) ~[tomcat-embed-core-10.1.46.jar:10.1.46]
	at org.springframework.web.filter.OncePerRequestFilter.doFilter(OncePerRequestFilter.java:110) ~[spring-web-6.2.11.jar:6.2.11]
	at org.apache.catalina.core.ApplicationFilterChain.internalDoFilter(ApplicationFilterChain.java:164) ~[tomcat-embed-core-10.1.46.jar:10.1.46]
	at org.apache.catalina.core.ApplicationFilterChain.doFilter(ApplicationFilterChain.java:140) ~[tomcat-embed-core-10.1.46.jar:10.1.46]
	at org.springframework.web.filter.CompositeFilter$VirtualFilterChain.doFilter(CompositeFilter.java:108) ~[spring-web-6.2.11.jar:6.2.11]
	at org.springframework.web.filter.CompositeFilter$VirtualFilterChain.doFilter(CompositeFilter.java:108) ~[spring-web-6.2.11.jar:6.2.11]
	at org.springframework.security.web.FilterChainProxy.lambda$doFilterInternal$3(FilterChainProxy.java:231) ~[spring-security-web-6.5.5.jar:6.5.5]
	at org.springframework.security.web.FilterChainProxy$VirtualFilterChain.doFilter(FilterChainProxy.java:365) ~[spring-security-web-6.5.5.jar:6.5.5]
	at org.springframework.security.web.access.intercept.AuthorizationFilter.doFilter(AuthorizationFilter.java:101) ~[spring-security-web-6.5.5.jar:6.5.5]
	at org.springframework.security.web.FilterChainProxy$VirtualFilterChain.doFilter(FilterChainProxy.java:374) ~[spring-security-web-6.5.5.jar:6.5.5]
	at org.springframework.security.web.access.ExceptionTranslationFilter.doFilter(ExceptionTranslationFilter.java:125) ~[spring-security-web-6.5.5.jar:6.5.5]
	at org.springframework.security.web.access.ExceptionTranslationFilter.doFilter(ExceptionTranslationFilter.java:119) ~[spring-security-web-6.5.5.jar:6.5.5]
	at org.springframework.security.web.FilterChainProxy$VirtualFilterChain.doFilter(FilterChainProxy.java:374) ~[spring-security-web-6.5.5.jar:6.5.5]
	at org.springframework.security.web.session.SessionManagementFilter.doFilter(SessionManagementFilter.java:131) ~[spring-security-web-6.5.5.jar:6.5.5]
	at org.springframework.security.web.session.SessionManagementFilter.doFilter(SessionManagementFilter.java:85) ~[spring-security-web-6.5.5.jar:6.5.5]
	at org.springframework.security.web.FilterChainProxy$VirtualFilterChain.doFilter(FilterChainProxy.java:374) ~[spring-security-web-6.5.5.jar:6.5.5]
	at org.springframework.security.web.authentication.AnonymousAuthenticationFilter.doFilter(AnonymousAuthenticationFilter.java:100) ~[spring-security-web-6.5.5.jar:6.5.5]
	at org.springframework.security.web.FilterChainProxy$VirtualFilterChain.doFilter(FilterChainProxy.java:374) ~[spring-security-web-6.5.5.jar:6.5.5]
	at org.springframework.security.web.servletapi.SecurityContextHolderAwareRequestFilter.doFilter(SecurityContextHolderAwareRequestFilter.java:179) ~[spring-security-web-6.5.5.jar:6.5.5]
	at org.springframework.security.web.FilterChainProxy$VirtualFilterChain.doFilter(FilterChainProxy.java:374) ~[spring-security-web-6.5.5.jar:6.5.5]
	at org.springframework.security.web.savedrequest.RequestCacheAwareFilter.doFilter(RequestCacheAwareFilter.java:63) ~[spring-security-web-6.5.5.jar:6.5.5]
	at org.springframework.security.web.FilterChainProxy$VirtualFilterChain.doFilter(FilterChainProxy.java:374) ~[spring-security-web-6.5.5.jar:6.5.5]
	at org.dubini.backofficeAPI.security.JwtFilter.doFilterInternal(JwtFilter.java:56) ~[classes/:na]
	at org.springframework.web.filter.OncePerRequestFilter.doFilter(OncePerRequestFilter.java:116) ~[spring-web-6.2.11.jar:6.2.11]
	at org.springframework.security.web.FilterChainProxy$VirtualFilterChain.doFilter(FilterChainProxy.java:374) ~[spring-security-web-6.5.5.jar:6.5.5]
	at org.springframework.security.web.authentication.logout.LogoutFilter.doFilter(LogoutFilter.java:107) ~[spring-security-web-6.5.5.jar:6.5.5]
	at org.springframework.security.web.authentication.logout.LogoutFilter.doFilter(LogoutFilter.java:93) ~[spring-security-web-6.5.5.jar:6.5.5]
	at org.springframework.security.web.FilterChainProxy$VirtualFilterChain.doFilter(FilterChainProxy.java:374) ~[spring-security-web-6.5.5.jar:6.5.5]
	at org.springframework.security.web.header.HeaderWriterFilter.doHeadersAfter(HeaderWriterFilter.java:90) ~[spring-security-web-6.5.5.jar:6.5.5]
	at org.springframework.security.web.header.HeaderWriterFilter.doFilterInternal(HeaderWriterFilter.java:75) ~[spring-security-web-6.5.5.jar:6.5.5]
	at org.springframework.web.filter.OncePerRequestFilter.doFilter(OncePerRequestFilter.java:116) ~[spring-web-6.2.11.jar:6.2.11]
	at org.springframework.security.web.FilterChainProxy$VirtualFilterChain.doFilter(FilterChainProxy.java:374) ~[spring-security-web-6.5.5.jar:6.5.5]
	at org.springframework.security.web.context.SecurityContextHolderFilter.doFilter(SecurityContextHolderFilter.java:82) ~[spring-security-web-6.5.5.jar:6.5.5]
	at org.springframework.security.web.context.SecurityContextHolderFilter.doFilter(SecurityContextHolderFilter.java:69) ~[spring-security-web-6.5.5.jar:6.5.5]
	at org.springframework.security.web.FilterChainProxy$VirtualFilterChain.doFilter(FilterChainProxy.java:374) ~[spring-security-web-6.5.5.jar:6.5.5]
	at org.springframework.security.web.context.request.async.WebAsyncManagerIntegrationFilter.doFilterInternal(WebAsyncManagerIntegrationFilter.java:62) ~[spring-security-web-6.5.5.jar:6.5.5]
	at org.springframework.web.filter.OncePerRequestFilter.doFilter(OncePerRequestFilter.java:116) ~[spring-web-6.2.11.jar:6.2.11]
	at org.springframework.security.web.FilterChainProxy$VirtualFilterChain.doFilter(FilterChainProxy.java:374) ~[spring-security-web-6.5.5.jar:6.5.5]
	at org.springframework.security.web.session.DisableEncodeUrlFilter.doFilterInternal(DisableEncodeUrlFilter.java:42) ~[spring-security-web-6.5.5.jar:6.5.5]
	at org.springframework.web.filter.OncePerRequestFilter.doFilter(OncePerRequestFilter.java:116) ~[spring-web-6.2.11.jar:6.2.11]
	at org.springframework.security.web.FilterChainProxy$VirtualFilterChain.doFilter(FilterChainProxy.java:374) ~[spring-security-web-6.5.5.jar:6.5.5]
	at org.springframework.security.web.FilterChainProxy.doFilterInternal(FilterChainProxy.java:233) ~[spring-security-web-6.5.5.jar:6.5.5]
	at org.springframework.security.web.FilterChainProxy.doFilter(FilterChainProxy.java:191) ~[spring-security-web-6.5.5.jar:6.5.5]
	at org.springframework.web.filter.CompositeFilter$VirtualFilterChain.doFilter(CompositeFilter.java:113) ~[spring-web-6.2.11.jar:6.2.11]
	at org.springframework.web.filter.ServletRequestPathFilter.doFilter(ServletRequestPathFilter.java:52) ~[spring-web-6.2.11.jar:6.2.11]
	at org.springframework.web.filter.CompositeFilter$VirtualFilterChain.doFilter(CompositeFilter.java:113) ~[spring-web-6.2.11.jar:6.2.11]
	at org.springframework.web.filter.CompositeFilter.doFilter(CompositeFilter.java:74) ~[spring-web-6.2.11.jar:6.2.11]
	at org.springframework.security.config.annotation.web.configuration.WebSecurityConfiguration$CompositeFilterChainProxy.doFilter(WebSecurityConfiguration.java:319) ~[spring-security-config-6.5.5.jar:6.5.5]
	at org.springframework.web.filter.CompositeFilter$VirtualFilterChain.doFilter(CompositeFilter.java:113) ~[spring-web-6.2.11.jar:6.2.11]
	at org.springframework.web.servlet.handler.HandlerMappingIntrospector.lambda$createCacheFilter$4(HandlerMappingIntrospector.java:267) ~[spring-webmvc-6.2.11.jar:6.2.11]
	at org.springframework.web.filter.CompositeFilter$VirtualFilterChain.doFilter(CompositeFilter.java:113) ~[spring-web-6.2.11.jar:6.2.11]
	at org.springframework.web.filter.CompositeFilter.doFilter(CompositeFilter.java:74) ~[spring-web-6.2.11.jar:6.2.11]
	at org.springframework.security.config.annotation.web.configuration.WebMvcSecurityConfiguration$CompositeFilterChainProxy.doFilter(WebMvcSecurityConfiguration.java:240) ~[spring-security-config-6.5.5.jar:6.5.5]
	at org.springframework.web.filter.DelegatingFilterProxy.invokeDelegate(DelegatingFilterProxy.java:362) ~[spring-web-6.2.11.jar:6.2.11]
	at org.springframework.web.filter.DelegatingFilterProxy.doFilter(DelegatingFilterProxy.java:278) ~[spring-web-6.2.11.jar:6.2.11]
	at org.apache.catalina.core.ApplicationFilterChain.internalDoFilter(ApplicationFilterChain.java:164) ~[tomcat-embed-core-10.1.46.jar:10.1.46]
	at org.apache.catalina.core.ApplicationFilterChain.doFilter(ApplicationFilterChain.java:140) ~[tomcat-embed-core-10.1.46.jar:10.1.46]
	at org.springframework.web.filter.RequestContextFilter.doFilterInternal(RequestContextFilter.java:100) ~[spring-web-6.2.11.jar:6.2.11]
	at org.springframework.web.filter.OncePerRequestFilter.doFilter(OncePerRequestFilter.java:116) ~[spring-web-6.2.11.jar:6.2.11]
	at org.apache.catalina.core.ApplicationFilterChain.internalDoFilter(ApplicationFilterChain.java:164) ~[tomcat-embed-core-10.1.46.jar:10.1.46]
	at org.apache.catalina.core.ApplicationFilterChain.doFilter(ApplicationFilterChain.java:140) ~[tomcat-embed-core-10.1.46.jar:10.1.46]
	at org.springframework.web.filter.FormContentFilter.doFilterInternal(FormContentFilter.java:93) ~[spring-web-6.2.11.jar:6.2.11]
	at org.springframework.web.filter.OncePerRequestFilter.doFilter(OncePerRequestFilter.java:116) ~[spring-web-6.2.11.jar:6.2.11]
	at org.apache.catalina.core.ApplicationFilterChain.internalDoFilter(ApplicationFilterChain.java:164) ~[tomcat-embed-core-10.1.46.jar:10.1.46]
	at org.apache.catalina.core.ApplicationFilterChain.doFilter(ApplicationFilterChain.java:140) ~[tomcat-embed-core-10.1.46.jar:10.1.46]
	at org.springframework.web.filter.CharacterEncodingFilter.doFilterInternal(CharacterEncodingFilter.java:201) ~[spring-web-6.2.11.jar:6.2.11]
	at org.springframework.web.filter.OncePerRequestFilter.doFilter(OncePerRequestFilter.java:116) ~[spring-web-6.2.11.jar:6.2.11]
	at org.apache.catalina.core.ApplicationFilterChain.internalDoFilter(ApplicationFilterChain.java:164) ~[tomcat-embed-core-10.1.46.jar:10.1.46]
	at org.apache.catalina.core.ApplicationFilterChain.doFilter(ApplicationFilterChain.java:140) ~[tomcat-embed-core-10.1.46.jar:10.1.46]
	at org.apache.catalina.core.StandardWrapperValve.invoke(StandardWrapperValve.java:167) ~[tomcat-embed-core-10.1.46.jar:10.1.46]
	at org.apache.catalina.core.StandardContextValve.invoke(StandardContextValve.java:90) ~[tomcat-embed-core-10.1.46.jar:10.1.46]
	at org.apache.catalina.authenticator.AuthenticatorBase.invoke(AuthenticatorBase.java:483) ~[tomcat-embed-core-10.1.46.jar:10.1.46]
	at org.apache.catalina.core.StandardHostValve.invoke(StandardHostValve.java:116) ~[tomcat-embed-core-10.1.46.jar:10.1.46]
	at org.apache.catalina.valves.ErrorReportValve.invoke(ErrorReportValve.java:93) ~[tomcat-embed-core-10.1.46.jar:10.1.46]
	at org.apache.catalina.core.StandardEngineValve.invoke(StandardEngineValve.java:74) ~[tomcat-embed-core-10.1.46.jar:10.1.46]
	at org.apache.catalina.connector.CoyoteAdapter.service(CoyoteAdapter.java:344) ~[tomcat-embed-core-10.1.46.jar:10.1.46]
	at org.apache.coyote.http11.Http11Processor.service(Http11Processor.java:398) ~[tomcat-embed-core-10.1.46.jar:10.1.46]
	at org.apache.coyote.AbstractProcessorLight.process(AbstractProcessorLight.java:63) ~[tomcat-embed-core-10.1.46.jar:10.1.46]
	at org.apache.coyote.AbstractProtocol$ConnectionHandler.process(AbstractProtocol.java:903) ~[tomcat-embed-core-10.1.46.jar:10.1.46]
	at org.apache.tomcat.util.net.NioEndpoint$SocketProcessor.doRun(NioEndpoint.java:1776) ~[tomcat-embed-core-10.1.46.jar:10.1.46]
	at org.apache.tomcat.util.net.SocketProcessorBase.run(SocketProcessorBase.java:52) ~[tomcat-embed-core-10.1.46.jar:10.1.46]
	at org.apache.tomcat.util.threads.ThreadPoolExecutor.runWorker(ThreadPoolExecutor.java:975) ~[tomcat-embed-core-10.1.46.jar:10.1.46]
	at org.apache.tomcat.util.threads.ThreadPoolExecutor$Worker.run(ThreadPoolExecutor.java:493) ~[tomcat-embed-core-10.1.46.jar:10.1.46]
	at org.apache.tomcat.util.threads.TaskThread$WrappingRunnable.run(TaskThread.java:63) ~[tomcat-embed-core-10.1.46.jar:10.1.46]
	at java.base/java.lang.Thread.run(Thread.java:842) ~[na:na]

2025-10-28T10:07:15.974Z  WARN 13508 --- [backofficeAPI] [http-nio-8080-exec-6] .m.m.a.ExceptionHandlerExceptionResolver : Resolved [org.springframework.web.servlet.resource.NoResourceFoundException: No static resource favicon.ico.]
2025-10-28T10:07:21.130Z DEBUG 13508 --- [backofficeAPI] [http-nio-8080-exec-5] o.s.security.web.FilterChainProxy        : Securing GET /editor/actividades
2025-10-28T10:07:21.146Z DEBUG 13508 --- [backofficeAPI] [http-nio-8080-exec-5] o.s.security.web.FilterChainProxy        : Secured GET /editor/actividades
2025-10-28T10:07:21.188Z  WARN 13508 --- [backofficeAPI] [http-nio-8080-exec-5] actStandardFragmentInsertionTagProcessor : [THYMELEAF][http-nio-8080-exec-5][activities] Deprecated unwrapped fragment expression "fragments/header :: header" found in template activities, line 18, col 8. Please use the complete syntax of fragment expressions instead ("~{fragments/header :: header}"). The old, unwrapped syntax for fragment expressions will be removed in future versions of Thymeleaf.
2025-10-28T10:07:21.289Z DEBUG 13508 --- [backofficeAPI] [http-nio-8080-exec-7] o.s.security.web.FilterChainProxy        : Securing GET /styles/layout/footer.css
2025-10-28T10:07:21.289Z DEBUG 13508 --- [backofficeAPI] [http-nio-8080-exec-1] o.s.security.web.FilterChainProxy        : Securing GET /styles/base.css
2025-10-28T10:07:21.289Z DEBUG 13508 --- [backofficeAPI] [http-nio-8080-exec-8] o.s.security.web.FilterChainProxy        : Securing GET /styles/login.css
2025-10-28T10:07:21.289Z DEBUG 13508 --- [backofficeAPI] [http-nio-8080-exec-2] o.s.security.web.FilterChainProxy        : Securing GET /styles/layout/header.css
2025-10-28T10:07:21.299Z DEBUG 13508 --- [backofficeAPI] [http-nio-8080-exec-1] o.s.s.w.a.AnonymousAuthenticationFilter  : Set SecurityContextHolder to anonymous SecurityContext
2025-10-28T10:07:21.300Z DEBUG 13508 --- [backofficeAPI] [http-nio-8080-exec-4] o.s.security.web.FilterChainProxy        : Securing GET /styles/news.css
2025-10-28T10:07:21.303Z DEBUG 13508 --- [backofficeAPI] [http-nio-8080-exec-7] o.s.s.w.a.AnonymousAuthenticationFilter  : Set SecurityContextHolder to anonymous SecurityContext
2025-10-28T10:07:21.303Z DEBUG 13508 --- [backofficeAPI] [http-nio-8080-exec-9] o.s.security.web.FilterChainProxy        : Securing GET /scripts/pages/activities.js
2025-10-28T10:07:21.304Z DEBUG 13508 --- [backofficeAPI] [http-nio-8080-exec-1] o.s.security.web.FilterChainProxy        : Secured GET /styles/base.css
2025-10-28T10:07:21.304Z DEBUG 13508 --- [backofficeAPI] [http-nio-8080-exec-8] o.s.s.w.a.AnonymousAuthenticationFilter  : Set SecurityContextHolder to anonymous SecurityContext
2025-10-28T10:07:21.305Z DEBUG 13508 --- [backofficeAPI] [http-nio-8080-exec-2] o.s.s.w.a.AnonymousAuthenticationFilter  : Set SecurityContextHolder to anonymous SecurityContext
2025-10-28T10:07:21.311Z DEBUG 13508 --- [backofficeAPI] [http-nio-8080-exec-2] o.s.security.web.FilterChainProxy        : Secured GET /styles/layout/header.css
2025-10-28T10:07:21.305Z DEBUG 13508 --- [backofficeAPI] [http-nio-8080-exec-7] o.s.security.web.FilterChainProxy        : Secured GET /styles/layout/footer.css
2025-10-28T10:07:21.307Z DEBUG 13508 --- [backofficeAPI] [http-nio-8080-exec-4] o.s.s.w.a.AnonymousAuthenticationFilter  : Set SecurityContextHolder to anonymous SecurityContext
2025-10-28T10:07:21.310Z DEBUG 13508 --- [backofficeAPI] [http-nio-8080-exec-9] o.s.s.w.a.AnonymousAuthenticationFilter  : Set SecurityContextHolder to anonymous SecurityContext
2025-10-28T10:07:21.310Z DEBUG 13508 --- [backofficeAPI] [http-nio-8080-exec-8] o.s.security.web.FilterChainProxy        : Secured GET /styles/login.css
2025-10-28T10:07:21.312Z DEBUG 13508 --- [backofficeAPI] [http-nio-8080-exec-4] o.s.security.web.FilterChainProxy        : Secured GET /styles/news.css
2025-10-28T10:07:21.313Z DEBUG 13508 --- [backofficeAPI] [http-nio-8080-exec-9] o.s.security.web.FilterChainProxy        : Secured GET /scripts/pages/activities.js
2025-10-28T10:07:21.334Z DEBUG 13508 --- [backofficeAPI] [http-nio-8080-exec-3] o.s.security.web.FilterChainProxy        : Securing GET /assets/logo.png
2025-10-28T10:07:21.336Z DEBUG 13508 --- [backofficeAPI] [http-nio-8080-exec-3] o.s.s.w.a.AnonymousAuthenticationFilter  : Set SecurityContextHolder to anonymous SecurityContext
2025-10-28T10:07:21.336Z DEBUG 13508 --- [backofficeAPI] [http-nio-8080-exec-3] o.s.security.web.FilterChainProxy        : Secured GET /assets/logo.png
2025-10-28T10:07:21.345Z DEBUG 13508 --- [backofficeAPI] [http-nio-8080-exec-10] o.s.security.web.FilterChainProxy        : Securing GET /scripts/script.js
2025-10-28T10:07:21.347Z DEBUG 13508 --- [backofficeAPI] [http-nio-8080-exec-10] o.s.s.w.a.AnonymousAuthenticationFilter  : Set SecurityContextHolder to anonymous SecurityContext
2025-10-28T10:07:21.348Z DEBUG 13508 --- [backofficeAPI] [http-nio-8080-exec-10] o.s.security.web.FilterChainProxy        : Secured GET /scripts/script.js
2025-10-28T10:07:21.358Z DEBUG 13508 --- [backofficeAPI] [http-nio-8080-exec-6] o.s.security.web.FilterChainProxy        : Securing GET /assets/background.png
2025-10-28T10:07:21.358Z DEBUG 13508 --- [backofficeAPI] [http-nio-8080-exec-5] o.s.security.web.FilterChainProxy        : Securing GET /assets/navmenu.png
2025-10-28T10:07:21.367Z DEBUG 13508 --- [backofficeAPI] [http-nio-8080-exec-6] o.s.s.w.a.AnonymousAuthenticationFilter  : Set SecurityContextHolder to anonymous SecurityContext
2025-10-28T10:07:21.367Z DEBUG 13508 --- [backofficeAPI] [http-nio-8080-exec-5] o.s.s.w.a.AnonymousAuthenticationFilter  : Set SecurityContextHolder to anonymous SecurityContext
2025-10-28T10:07:21.368Z DEBUG 13508 --- [backofficeAPI] [http-nio-8080-exec-6] o.s.security.web.FilterChainProxy        : Secured GET /assets/background.png
2025-10-28T10:07:21.368Z DEBUG 13508 --- [backofficeAPI] [http-nio-8080-exec-5] o.s.security.web.FilterChainProxy        : Secured GET /assets/navmenu.png
2025-10-28T10:07:21.442Z DEBUG 13508 --- [backofficeAPI] [http-nio-8080-exec-1] o.s.security.web.FilterChainProxy        : Securing GET /scripts/api/activitiesService.js
2025-10-28T10:07:21.444Z DEBUG 13508 --- [backofficeAPI] [http-nio-8080-exec-1] o.s.s.w.a.AnonymousAuthenticationFilter  : Set SecurityContextHolder to anonymous SecurityContext
2025-10-28T10:07:21.445Z DEBUG 13508 --- [backofficeAPI] [http-nio-8080-exec-1] o.s.security.web.FilterChainProxy        : Secured GET /scripts/api/activitiesService.js
2025-10-28T10:07:21.466Z DEBUG 13508 --- [backofficeAPI] [http-nio-8080-exec-7] o.s.security.web.FilterChainProxy        : Securing GET /api/activities
2025-10-28T10:07:21.470Z DEBUG 13508 --- [backofficeAPI] [http-nio-8080-exec-4] o.s.security.web.FilterChainProxy        : Securing GET /favicon.ico
2025-10-28T10:07:21.471Z DEBUG 13508 --- [backofficeAPI] [http-nio-8080-exec-7] o.s.security.web.FilterChainProxy        : Secured GET /api/activities
2025-10-28T10:07:21.471Z DEBUG 13508 --- [backofficeAPI] [http-nio-8080-exec-4] o.s.s.w.a.AnonymousAuthenticationFilter  : Set SecurityContextHolder to anonymous SecurityContext
2025-10-28T10:07:21.471Z DEBUG 13508 --- [backofficeAPI] [http-nio-8080-exec-4] o.s.security.web.FilterChainProxy        : Secured GET /favicon.ico
2025-10-28T10:07:21.472Z DEBUG 13508 --- [backofficeAPI] [http-nio-8080-exec-7] o.d.b.controller.ActivitiesController    : GET request to retrieve all activities
2025-10-28T10:07:21.472Z DEBUG 13508 --- [backofficeAPI] [http-nio-8080-exec-7] o.d.b.service.ActivitiesService          : Retrieving all activities
2025-10-28T10:07:21.475Z DEBUG 13508 --- [backofficeAPI] [http-nio-8080-exec-7] o.d.b.service.ActivitiesService          : Retrieved 1 activities
2025-10-28T10:07:21.472Z ERROR 13508 --- [backofficeAPI] [http-nio-8080-exec-4] o.d.b.exception.GlobalExceptionHandler   : Unexpected error occurred

org.springframework.web.servlet.resource.NoResourceFoundException: No static resource favicon.ico.
	at org.springframework.web.servlet.resource.ResourceHttpRequestHandler.handleRequest(ResourceHttpRequestHandler.java:585) ~[spring-webmvc-6.2.11.jar:6.2.11]
	at org.springframework.web.servlet.mvc.HttpRequestHandlerAdapter.handle(HttpRequestHandlerAdapter.java:52) ~[spring-webmvc-6.2.11.jar:6.2.11]
	at org.springframework.web.servlet.DispatcherServlet.doDispatch(DispatcherServlet.java:1089) ~[spring-webmvc-6.2.11.jar:6.2.11]
	at org.springframework.web.servlet.DispatcherServlet.doService(DispatcherServlet.java:979) ~[spring-webmvc-6.2.11.jar:6.2.11]
	at org.springframework.web.servlet.FrameworkServlet.processRequest(FrameworkServlet.java:1014) ~[spring-webmvc-6.2.11.jar:6.2.11]
	at org.springframework.web.servlet.FrameworkServlet.doGet(FrameworkServlet.java:903) ~[spring-webmvc-6.2.11.jar:6.2.11]
	at jakarta.servlet.http.HttpServlet.service(HttpServlet.java:564) ~[tomcat-embed-core-10.1.46.jar:6.0]
	at org.springframework.web.servlet.FrameworkServlet.service(FrameworkServlet.java:885) ~[spring-webmvc-6.2.11.jar:6.2.11]
	at jakarta.servlet.http.HttpServlet.service(HttpServlet.java:658) ~[tomcat-embed-core-10.1.46.jar:6.0]
	at org.apache.catalina.core.ApplicationFilterChain.internalDoFilter(ApplicationFilterChain.java:195) ~[tomcat-embed-core-10.1.46.jar:10.1.46]
	at org.apache.catalina.core.ApplicationFilterChain.doFilter(ApplicationFilterChain.java:140) ~[tomcat-embed-core-10.1.46.jar:10.1.46]
	at org.apache.tomcat.websocket.server.WsFilter.doFilter(WsFilter.java:51) ~[tomcat-embed-websocket-10.1.46.jar:10.1.46]
	at org.apache.catalina.core.ApplicationFilterChain.internalDoFilter(ApplicationFilterChain.java:164) ~[tomcat-embed-core-10.1.46.jar:10.1.46]
	at org.apache.catalina.core.ApplicationFilterChain.doFilter(ApplicationFilterChain.java:140) ~[tomcat-embed-core-10.1.46.jar:10.1.46]
	at org.springframework.web.filter.OncePerRequestFilter.doFilter(OncePerRequestFilter.java:110) ~[spring-web-6.2.11.jar:6.2.11]
	at org.apache.catalina.core.ApplicationFilterChain.internalDoFilter(ApplicationFilterChain.java:164) ~[tomcat-embed-core-10.1.46.jar:10.1.46]
	at org.apache.catalina.core.ApplicationFilterChain.doFilter(ApplicationFilterChain.java:140) ~[tomcat-embed-core-10.1.46.jar:10.1.46]
	at org.springframework.web.filter.CompositeFilter$VirtualFilterChain.doFilter(CompositeFilter.java:108) ~[spring-web-6.2.11.jar:6.2.11]
	at org.springframework.web.filter.CompositeFilter$VirtualFilterChain.doFilter(CompositeFilter.java:108) ~[spring-web-6.2.11.jar:6.2.11]
	at org.springframework.security.web.FilterChainProxy.lambda$doFilterInternal$3(FilterChainProxy.java:231) ~[spring-security-web-6.5.5.jar:6.5.5]
	at org.springframework.security.web.FilterChainProxy$VirtualFilterChain.doFilter(FilterChainProxy.java:365) ~[spring-security-web-6.5.5.jar:6.5.5]
	at org.springframework.security.web.access.intercept.AuthorizationFilter.doFilter(AuthorizationFilter.java:101) ~[spring-security-web-6.5.5.jar:6.5.5]
	at org.springframework.security.web.FilterChainProxy$VirtualFilterChain.doFilter(FilterChainProxy.java:374) ~[spring-security-web-6.5.5.jar:6.5.5]
	at org.springframework.security.web.access.ExceptionTranslationFilter.doFilter(ExceptionTranslationFilter.java:125) ~[spring-security-web-6.5.5.jar:6.5.5]
	at org.springframework.security.web.access.ExceptionTranslationFilter.doFilter(ExceptionTranslationFilter.java:119) ~[spring-security-web-6.5.5.jar:6.5.5]
	at org.springframework.security.web.FilterChainProxy$VirtualFilterChain.doFilter(FilterChainProxy.java:374) ~[spring-security-web-6.5.5.jar:6.5.5]
	at org.springframework.security.web.session.SessionManagementFilter.doFilter(SessionManagementFilter.java:131) ~[spring-security-web-6.5.5.jar:6.5.5]
	at org.springframework.security.web.session.SessionManagementFilter.doFilter(SessionManagementFilter.java:85) ~[spring-security-web-6.5.5.jar:6.5.5]
	at org.springframework.security.web.FilterChainProxy$VirtualFilterChain.doFilter(FilterChainProxy.java:374) ~[spring-security-web-6.5.5.jar:6.5.5]
	at org.springframework.security.web.authentication.AnonymousAuthenticationFilter.doFilter(AnonymousAuthenticationFilter.java:100) ~[spring-security-web-6.5.5.jar:6.5.5]
	at org.springframework.security.web.FilterChainProxy$VirtualFilterChain.doFilter(FilterChainProxy.java:374) ~[spring-security-web-6.5.5.jar:6.5.5]
	at org.springframework.security.web.servletapi.SecurityContextHolderAwareRequestFilter.doFilter(SecurityContextHolderAwareRequestFilter.java:179) ~[spring-security-web-6.5.5.jar:6.5.5]
	at org.springframework.security.web.FilterChainProxy$VirtualFilterChain.doFilter(FilterChainProxy.java:374) ~[spring-security-web-6.5.5.jar:6.5.5]
	at org.springframework.security.web.savedrequest.RequestCacheAwareFilter.doFilter(RequestCacheAwareFilter.java:63) ~[spring-security-web-6.5.5.jar:6.5.5]
	at org.springframework.security.web.FilterChainProxy$VirtualFilterChain.doFilter(FilterChainProxy.java:374) ~[spring-security-web-6.5.5.jar:6.5.5]
	at org.dubini.backofficeAPI.security.JwtFilter.doFilterInternal(JwtFilter.java:56) ~[classes/:na]
	at org.springframework.web.filter.OncePerRequestFilter.doFilter(OncePerRequestFilter.java:116) ~[spring-web-6.2.11.jar:6.2.11]
	at org.springframework.security.web.FilterChainProxy$VirtualFilterChain.doFilter(FilterChainProxy.java:374) ~[spring-security-web-6.5.5.jar:6.5.5]
	at org.springframework.security.web.authentication.logout.LogoutFilter.doFilter(LogoutFilter.java:107) ~[spring-security-web-6.5.5.jar:6.5.5]
	at org.springframework.security.web.authentication.logout.LogoutFilter.doFilter(LogoutFilter.java:93) ~[spring-security-web-6.5.5.jar:6.5.5]
	at org.springframework.security.web.FilterChainProxy$VirtualFilterChain.doFilter(FilterChainProxy.java:374) ~[spring-security-web-6.5.5.jar:6.5.5]
	at org.springframework.security.web.header.HeaderWriterFilter.doHeadersAfter(HeaderWriterFilter.java:90) ~[spring-security-web-6.5.5.jar:6.5.5]
	at org.springframework.security.web.header.HeaderWriterFilter.doFilterInternal(HeaderWriterFilter.java:75) ~[spring-security-web-6.5.5.jar:6.5.5]
	at org.springframework.web.filter.OncePerRequestFilter.doFilter(OncePerRequestFilter.java:116) ~[spring-web-6.2.11.jar:6.2.11]
	at org.springframework.security.web.FilterChainProxy$VirtualFilterChain.doFilter(FilterChainProxy.java:374) ~[spring-security-web-6.5.5.jar:6.5.5]
	at org.springframework.security.web.context.SecurityContextHolderFilter.doFilter(SecurityContextHolderFilter.java:82) ~[spring-security-web-6.5.5.jar:6.5.5]
	at org.springframework.security.web.context.SecurityContextHolderFilter.doFilter(SecurityContextHolderFilter.java:69) ~[spring-security-web-6.5.5.jar:6.5.5]
	at org.springframework.security.web.FilterChainProxy$VirtualFilterChain.doFilter(FilterChainProxy.java:374) ~[spring-security-web-6.5.5.jar:6.5.5]
	at org.springframework.security.web.context.request.async.WebAsyncManagerIntegrationFilter.doFilterInternal(WebAsyncManagerIntegrationFilter.java:62) ~[spring-security-web-6.5.5.jar:6.5.5]
	at org.springframework.web.filter.OncePerRequestFilter.doFilter(OncePerRequestFilter.java:116) ~[spring-web-6.2.11.jar:6.2.11]
	at org.springframework.security.web.FilterChainProxy$VirtualFilterChain.doFilter(FilterChainProxy.java:374) ~[spring-security-web-6.5.5.jar:6.5.5]
	at org.springframework.security.web.session.DisableEncodeUrlFilter.doFilterInternal(DisableEncodeUrlFilter.java:42) ~[spring-security-web-6.5.5.jar:6.5.5]
	at org.springframework.web.filter.OncePerRequestFilter.doFilter(OncePerRequestFilter.java:116) ~[spring-web-6.2.11.jar:6.2.11]
	at org.springframework.security.web.FilterChainProxy$VirtualFilterChain.doFilter(FilterChainProxy.java:374) ~[spring-security-web-6.5.5.jar:6.5.5]
	at org.springframework.security.web.FilterChainProxy.doFilterInternal(FilterChainProxy.java:233) ~[spring-security-web-6.5.5.jar:6.5.5]
	at org.springframework.security.web.FilterChainProxy.doFilter(FilterChainProxy.java:191) ~[spring-security-web-6.5.5.jar:6.5.5]
	at org.springframework.web.filter.CompositeFilter$VirtualFilterChain.doFilter(CompositeFilter.java:113) ~[spring-web-6.2.11.jar:6.2.11]
	at org.springframework.web.filter.ServletRequestPathFilter.doFilter(ServletRequestPathFilter.java:52) ~[spring-web-6.2.11.jar:6.2.11]
	at org.springframework.web.filter.CompositeFilter$VirtualFilterChain.doFilter(CompositeFilter.java:113) ~[spring-web-6.2.11.jar:6.2.11]
	at org.springframework.web.filter.CompositeFilter.doFilter(CompositeFilter.java:74) ~[spring-web-6.2.11.jar:6.2.11]
	at org.springframework.security.config.annotation.web.configuration.WebSecurityConfiguration$CompositeFilterChainProxy.doFilter(WebSecurityConfiguration.java:319) ~[spring-security-config-6.5.5.jar:6.5.5]
	at org.springframework.web.filter.CompositeFilter$VirtualFilterChain.doFilter(CompositeFilter.java:113) ~[spring-web-6.2.11.jar:6.2.11]
	at org.springframework.web.servlet.handler.HandlerMappingIntrospector.lambda$createCacheFilter$4(HandlerMappingIntrospector.java:267) ~[spring-webmvc-6.2.11.jar:6.2.11]
	at org.springframework.web.filter.CompositeFilter$VirtualFilterChain.doFilter(CompositeFilter.java:113) ~[spring-web-6.2.11.jar:6.2.11]
	at org.springframework.web.filter.CompositeFilter.doFilter(CompositeFilter.java:74) ~[spring-web-6.2.11.jar:6.2.11]
	at org.springframework.security.config.annotation.web.configuration.WebMvcSecurityConfiguration$CompositeFilterChainProxy.doFilter(WebMvcSecurityConfiguration.java:240) ~[spring-security-config-6.5.5.jar:6.5.5]
	at org.springframework.web.filter.DelegatingFilterProxy.invokeDelegate(DelegatingFilterProxy.java:362) ~[spring-web-6.2.11.jar:6.2.11]
	at org.springframework.web.filter.DelegatingFilterProxy.doFilter(DelegatingFilterProxy.java:278) ~[spring-web-6.2.11.jar:6.2.11]
	at org.apache.catalina.core.ApplicationFilterChain.internalDoFilter(ApplicationFilterChain.java:164) ~[tomcat-embed-core-10.1.46.jar:10.1.46]
	at org.apache.catalina.core.ApplicationFilterChain.doFilter(ApplicationFilterChain.java:140) ~[tomcat-embed-core-10.1.46.jar:10.1.46]
	at org.springframework.web.filter.RequestContextFilter.doFilterInternal(RequestContextFilter.java:100) ~[spring-web-6.2.11.jar:6.2.11]
	at org.springframework.web.filter.OncePerRequestFilter.doFilter(OncePerRequestFilter.java:116) ~[spring-web-6.2.11.jar:6.2.11]
	at org.apache.catalina.core.ApplicationFilterChain.internalDoFilter(ApplicationFilterChain.java:164) ~[tomcat-embed-core-10.1.46.jar:10.1.46]
	at org.apache.catalina.core.ApplicationFilterChain.doFilter(ApplicationFilterChain.java:140) ~[tomcat-embed-core-10.1.46.jar:10.1.46]
	at org.springframework.web.filter.FormContentFilter.doFilterInternal(FormContentFilter.java:93) ~[spring-web-6.2.11.jar:6.2.11]
	at org.springframework.web.filter.OncePerRequestFilter.doFilter(OncePerRequestFilter.java:116) ~[spring-web-6.2.11.jar:6.2.11]
	at org.apache.catalina.core.ApplicationFilterChain.internalDoFilter(ApplicationFilterChain.java:164) ~[tomcat-embed-core-10.1.46.jar:10.1.46]
	at org.apache.catalina.core.ApplicationFilterChain.doFilter(ApplicationFilterChain.java:140) ~[tomcat-embed-core-10.1.46.jar:10.1.46]
	at org.springframework.web.filter.CharacterEncodingFilter.doFilterInternal(CharacterEncodingFilter.java:201) ~[spring-web-6.2.11.jar:6.2.11]
	at org.springframework.web.filter.OncePerRequestFilter.doFilter(OncePerRequestFilter.java:116) ~[spring-web-6.2.11.jar:6.2.11]
	at org.apache.catalina.core.ApplicationFilterChain.internalDoFilter(ApplicationFilterChain.java:164) ~[tomcat-embed-core-10.1.46.jar:10.1.46]
	at org.apache.catalina.core.ApplicationFilterChain.doFilter(ApplicationFilterChain.java:140) ~[tomcat-embed-core-10.1.46.jar:10.1.46]
	at org.apache.catalina.core.StandardWrapperValve.invoke(StandardWrapperValve.java:167) ~[tomcat-embed-core-10.1.46.jar:10.1.46]
	at org.apache.catalina.core.StandardContextValve.invoke(StandardContextValve.java:90) ~[tomcat-embed-core-10.1.46.jar:10.1.46]
	at org.apache.catalina.authenticator.AuthenticatorBase.invoke(AuthenticatorBase.java:483) ~[tomcat-embed-core-10.1.46.jar:10.1.46]
	at org.apache.catalina.core.StandardHostValve.invoke(StandardHostValve.java:116) ~[tomcat-embed-core-10.1.46.jar:10.1.46]
	at org.apache.catalina.valves.ErrorReportValve.invoke(ErrorReportValve.java:93) ~[tomcat-embed-core-10.1.46.jar:10.1.46]
	at org.apache.catalina.core.StandardEngineValve.invoke(StandardEngineValve.java:74) ~[tomcat-embed-core-10.1.46.jar:10.1.46]
	at org.apache.catalina.connector.CoyoteAdapter.service(CoyoteAdapter.java:344) ~[tomcat-embed-core-10.1.46.jar:10.1.46]
	at org.apache.coyote.http11.Http11Processor.service(Http11Processor.java:398) ~[tomcat-embed-core-10.1.46.jar:10.1.46]
	at org.apache.coyote.AbstractProcessorLight.process(AbstractProcessorLight.java:63) ~[tomcat-embed-core-10.1.46.jar:10.1.46]
	at org.apache.coyote.AbstractProtocol$ConnectionHandler.process(AbstractProtocol.java:903) ~[tomcat-embed-core-10.1.46.jar:10.1.46]
	at org.apache.tomcat.util.net.NioEndpoint$SocketProcessor.doRun(NioEndpoint.java:1776) ~[tomcat-embed-core-10.1.46.jar:10.1.46]
	at org.apache.tomcat.util.net.SocketProcessorBase.run(SocketProcessorBase.java:52) ~[tomcat-embed-core-10.1.46.jar:10.1.46]
	at org.apache.tomcat.util.threads.ThreadPoolExecutor.runWorker(ThreadPoolExecutor.java:975) ~[tomcat-embed-core-10.1.46.jar:10.1.46]
	at org.apache.tomcat.util.threads.ThreadPoolExecutor$Worker.run(ThreadPoolExecutor.java:493) ~[tomcat-embed-core-10.1.46.jar:10.1.46]
	at org.apache.tomcat.util.threads.TaskThread$WrappingRunnable.run(TaskThread.java:63) ~[tomcat-embed-core-10.1.46.jar:10.1.46]
	at java.base/java.lang.Thread.run(Thread.java:842) ~[na:na]

2025-10-28T10:07:21.480Z  WARN 13508 --- [backofficeAPI] [http-nio-8080-exec-4] .m.m.a.ExceptionHandlerExceptionResolver : Resolved [org.springframework.web.servlet.resource.NoResourceFoundException: No static resource favicon.ico.]
2025-10-28T10:07:21.490Z DEBUG 13508 --- [backofficeAPI] [http-nio-8080-exec-8] o.s.security.web.FilterChainProxy        : Securing GET /images/f967e3d0-0f75-4bfe-a118-fda2a1990150.webp
2025-10-28T10:07:21.499Z DEBUG 13508 --- [backofficeAPI] [http-nio-8080-exec-8] o.s.s.w.a.AnonymousAuthenticationFilter  : Set SecurityContextHolder to anonymous SecurityContext
2025-10-28T10:07:21.499Z DEBUG 13508 --- [backofficeAPI] [http-nio-8080-exec-8] o.s.security.web.FilterChainProxy        : Secured GET /images/f967e3d0-0f75-4bfe-a118-fda2a1990150.webp
2025-10-28T10:07:29.695Z DEBUG 13508 --- [backofficeAPI] [http-nio-8080-exec-9] o.s.security.web.FilterChainProxy        : Securing POST /api/activities
2025-10-28T10:07:29.700Z DEBUG 13508 --- [backofficeAPI] [http-nio-8080-exec-9] o.s.security.web.FilterChainProxy        : Secured POST /api/activities
2025-10-28T10:07:29.708Z DEBUG 13508 --- [backofficeAPI] [http-nio-8080-exec-9] o.d.b.controller.ActivitiesController    : POST request to create new activity
2025-10-28T10:07:29.710Z DEBUG 13508 --- [backofficeAPI] [http-nio-8080-exec-9] o.d.b.service.ActivitiesService          : Saving new activity: sdasda
2025-10-28T10:07:29.728Z  INFO 13508 --- [backofficeAPI] [http-nio-8080-exec-9] o.d.b.service.ActivitiesService          : Activity saved successfully: sdasda
2025-10-28T10:07:29.765Z DEBUG 13508 --- [backofficeAPI] [http-nio-8080-exec-2] o.s.security.web.FilterChainProxy        : Securing GET /api/activities
2025-10-28T10:07:29.774Z DEBUG 13508 --- [backofficeAPI] [http-nio-8080-exec-2] o.s.security.web.FilterChainProxy        : Secured GET /api/activities
2025-10-28T10:07:29.775Z DEBUG 13508 --- [backofficeAPI] [http-nio-8080-exec-2] o.d.b.controller.ActivitiesController    : GET request to retrieve all activities
2025-10-28T10:07:29.779Z DEBUG 13508 --- [backofficeAPI] [http-nio-8080-exec-2] o.d.b.service.ActivitiesService          : Retrieving all activities
2025-10-28T10:07:29.782Z DEBUG 13508 --- [backofficeAPI] [http-nio-8080-exec-3] o.s.security.web.FilterChainProxy        : Securing GET /api/activities
2025-10-28T10:07:29.796Z  INFO 13508 --- [backofficeAPI] [reactor-http-nio-8] o.d.b.service.ActivitiesService          : Activities cache invalidated after save
2025-10-28T10:07:29.800Z DEBUG 13508 --- [backofficeAPI] [http-nio-8080-exec-3] o.s.security.web.FilterChainProxy        : Secured GET /api/activities
2025-10-28T10:07:29.802Z DEBUG 13508 --- [backofficeAPI] [http-nio-8080-exec-3] o.d.b.controller.ActivitiesController    : GET request to retrieve all activities
2025-10-28T10:07:29.805Z DEBUG 13508 --- [backofficeAPI] [http-nio-8080-exec-3] o.d.b.service.ActivitiesService          : Retrieving all activities
2025-10-28T10:07:29.807Z DEBUG 13508 --- [backofficeAPI] [http-nio-8080-exec-2] o.d.b.service.ActivitiesService          : Retrieved 1 activities
2025-10-28T10:07:29.815Z DEBUG 13508 --- [backofficeAPI] [http-nio-8080-exec-3] o.d.b.service.ActivitiesService          : Retrieved 1 activities
2025-10-28T10:07:39.518Z DEBUG 13508 --- [backofficeAPI] [http-nio-8080-exec-10] o.s.security.web.FilterChainProxy        : Securing GET /api/news
2025-10-28T10:07:39.521Z DEBUG 13508 --- [backofficeAPI] [http-nio-8080-exec-10] o.s.security.web.FilterChainProxy        : Secured GET /api/news
2025-10-28T10:07:39.522Z DEBUG 13508 --- [backofficeAPI] [http-nio-8080-exec-10] o.d.b.controller.NewsController          : GET request to retrieve all news
2025-10-28T10:07:39.522Z DEBUG 13508 --- [backofficeAPI] [http-nio-8080-exec-10] o.d.backofficeAPI.service.NewsService    : Retrieving all news
2025-10-28T10:07:39.529Z DEBUG 13508 --- [backofficeAPI] [http-nio-8080-exec-10] o.d.backofficeAPI.service.NewsService    : Retrieved 4 news articles
2025-10-28T10:08:20.366Z  INFO 13508 --- [backofficeAPI] [SpringApplicationShutdownHook] o.s.b.w.e.tomcat.GracefulShutdown        : Commencing graceful shutdown. Waiting for active requests to complete
2025-10-28T10:08:20.575Z  INFO 13508 --- [backofficeAPI] [tomcat-shutdown] o.s.b.w.e.tomcat.GracefulShutdown        : Graceful shutdown complete
